id_match,name_league,season,kick_off,home_team,away_team,n_books,B365H,B365D,B365A,WHH,WHD,WHA,BWH,BWD,BWA,PSH,PSD,PSA,PSCH,PSCD,PSCA,MaxH,MaxD,MaxA,AvgH,AvgD,AvgA
CONCACAF-SWMQ2026_GD11_G6,wm-qualifikation-nordamerika-mittelamerika,WMQ2026,2025-11-19,Costa Rica,Honduras,,,,,,,,,,,,,,,,,1.54,4.2,6.5,1.49,3.98,5.88
CONCACAF-SWMQ2026_GD11_G5,wm-qualifikation-nordamerika-mittelamerika,WMQ2026,2025-11-19,Guatemala,Suriname,,,,,,,,,,,,,,,,,3.5,3.5,2.12,3.32,3.3,2.05
CONCACAF-SWMQ2026_GD11_G3,wm-qualifikation-nordamerika-mittelamerika,WMQ2026,2025-11-19,Haiti,Nicaragua,,,,,,,,,,,,,,,,,1.22,7.5,16.5,1.18,6.21,12.53
CONCACAF-SWMQ2026_GD11_G2,wm-qualifikation-nordamerika-mittelamerika,WMQ2026,2025-11-19,Jamaica,Curacao,,,,,,,,,,,,,,,,,1.96,3.3,4.33,1.9,3.17,4.02
CONCACAF-SWMQ2026_GD11_G4,wm-qualifikation-nordamerika-mittelamerika,WMQ2026,2025-11-19,Panama,El Salvador,,,,,,,,,,,,,,,,,1.14,9.0,41.0,1.11,7.73,18.89
CONCACAF-SWMQ2026_GD11_G1,wm-qualifikation-nordamerika-mittelamerika,WMQ2026,2025-11-19,Trinidad & Tobago,Bermuda,,,,,,,,,,,,,,,,,1.08,12.0,31.0,1.07,9.72,20.89
UEFA-SWMQ2026_GD7_G46,wm-qualifikation-europa,WMQ2026,2025-11-18,Austria,Bosnia & Herzegovina,,,,,,,,,,,,,,,,,1.36,5.6,9.5,1.32,5.32,8.42
UEFA-SWMQ2026_GD7_G43,wm-qualifikation-europa,WMQ2026,2025-11-18,Belarus,Greece,,,,,,,,,,,,,,,,,9.0,5.5,1.35,8.32,5.3,1.32
UEFA-SWMQ2026_GD7_G39,wm-qualifikation-europa,WMQ2026,2025-11-18,Belgium,Liechtenstein,,,,,,,,,,,,,,,,,1.01,91.0,126.0,1.0,45.69,71.08
UEFA-SWMQ2026_GD7_G45,wm-qualifikation-europa,WMQ2026,2025-11-18,Bulgaria,Georgia,,,,,,,,,,,,,,,,,4.6,3.75,1.84,4.38,3.63,1.78
UEFA-SWMQ2026_GD7_G41,wm-qualifikation-europa,WMQ2026,2025-11-18,Kosovo,Switzerland,,,,,,,,,,,,,,,,,5.0,3.5,1.85,4.55,3.41,1.81
UEFA-SWMQ2026_GD7_G47,wm-qualifikation-europa,WMQ2026,2025-11-18,Romania,San Marino,,,,,,,,,,,,,,,,,1.03,34.0,81.0,1.01,21.53,59.82
UEFA-SWMQ2026_GD7_G42,wm-qualifikation-europa,WMQ2026,2025-11-18,Scotland,Denmark,,,,,,,,,,,,,,,,,3.6,3.45,2.12,3.51,3.35,2.07
UEFA-SWMQ2026_GD7_G44,wm-qualifikation-europa,WMQ2026,2025-11-18,Spain,Turkey,,,,,,,,,,,,,,,,,1.2,8.0,16.0,1.18,7.23,13.69
UEFA-SWMQ2026_GD7_G40,wm-qualifikation-europa,WMQ2026,2025-11-18,Sweden,Slovenia,,,,,,,,,,,,,,,,,1.73,3.8,5.75,1.68,3.62,5.24
UEFA-SWMQ2026_GD7_G48,wm-qualifikation-europa,WMQ2026,2025-11-18,Wales,North Macedonia,,,,,,,,,,,,,,,,,1.61,4.2,6.0,1.58,3.91,5.67
UEFA-SWMQ2026_GD7_G34,wm-qualifikation-europa,WMQ2026,2025-11-17,Czech Republic,Gibraltar,,,,,,,,,,,,,,,,,1.03,26.0,76.0,1.02,19.5,53.12
UEFA-SWMQ2026_GD7_G37,wm-qualifikation-europa,WMQ2026,2025-11-17,Germany,Slovakia,,,,,,,,,,,,,,,,,1.29,6.0,11.0,1.27,5.75,9.56
UEFA-SWMQ2026_GD7_G35,wm-qualifikation-europa,WMQ2026,2025-11-17,Malta,Poland,,,,,,,,,,,,,,,,,11.0,5.5,1.36,9.53,5.11,1.31
UEFA-SWMQ2026_GD7_G33,wm-qualifikation-europa,WMQ2026,2025-11-17,Montenegro,Croatia,,,,,,,,,,,,,,,,,7.25,4.6,1.51,6.4,4.4,1.47
UEFA-SWMQ2026_GD7_G38,wm-qualifikation-europa,WMQ2026,2025-11-17,Netherlands,Lithuania,,,,,,,,,,,,,,,,,1.07,18.0,51.0,1.05,13.89,34.56
UEFA-SWMQ2026_GD7_G36,wm-qualifikation-europa,WMQ2026,2025-11-17,Northern Ireland,Luxembourg,,,,,,,,,,,,,,,,,1.91,3.25,5.33,1.88,3.1,4.79
UEFA-SWMQ2026_GD7_G30,wm-qualifikation-europa,WMQ2026,2025-11-16,Albania,England,,,,,,,,,,,,,,,,,12.0,5.4,1.34,10.76,4.99,1.3
UEFA-SWMQ2026_GD7_G28,wm-qualifikation-europa,WMQ2026,2025-11-16,Azerbaijan,France,,,,,,,,,,,,,,,,,26.0,9.0,1.14,20.94,8.39,1.12
UEFA-SWMQ2026_GD7_G26,wm-qualifikation-europa,WMQ2026,2025-11-16,Hungary,Ireland,,,,,,,,,,,,,,,,,2.05,3.4,4.0,2.02,3.21,3.84
UEFA-SWMQ2026_GD7_G32,wm-qualifikation-europa,WMQ2026,2025-11-16,Israel,Moldova,,,,,,,,,,,,,,,,,1.41,5.0,9.5,1.38,4.75,7.72
UEFA-SWMQ2026_GD7_G31,wm-qualifikation-europa,WMQ2026,2025-11-16,Italy,Norway,,,,,,,,,,,,,,,,,2.22,3.7,3.33,2.14,3.53,3.19
UEFA-SWMQ2026_GD7_G25,wm-qualifikation-europa,WMQ2026,2025-11-16,Portugal,Armenia,,,,,,,,,,,,,,,,,1.04,21.0,67.0,1.03,16.11,47.28
UEFA-SWMQ2026_GD7_G29,wm-qualifikation-europa,WMQ2026,2025-11-16,Serbia,Latvia,,,,,,,,,,,,,,,,,1.16,8.5,27.0,1.14,7.69,19.22
UEFA-SWMQ2026_GD7_G27,wm-qualifikation-europa,WMQ2026,2025-11-16,Ukraine,Iceland,,,,,,,,,,,,,,,,,2.0,3.6,4.0,1.95,3.5,3.7
UEFA-SWMQ2026_GD7_G17,wm-qualifikation-europa,WMQ2026,2025-11-15,Bosnia & Herzegovina,Romania,,,,,,,,,,,,,,,,,2.6,3.35,2.8,2.53,3.23,2.76
UEFA-SWMQ2026_GD7_G20,wm-qualifikation-europa,WMQ2026,2025-11-15,Cyprus,Austria,,,,,,,,,,,,,,,,,11.5,6.0,1.33,9.56,5.7,1.28
UEFA-SWMQ2026_GD7_G19,wm-qualifikation-europa,WMQ2026,2025-11-15,Denmark,Belarus,,,,,,,,,,,,,,,,,1.07,15.0,46.0,1.05,12.47,30.89
UEFA-SWMQ2026_GD7_G21,wm-qualifikation-europa,WMQ2026,2025-11-15,Georgia,Spain,,,,,,,,,,,,,,,,,13.0,6.75,1.25,11.49,6.14,1.23
UEFA-SWMQ2026_GD7_G16,wm-qualifikation-europa,WMQ2026,2025-11-15,Greece,Scotland,,,,,,,,,,,,,,,,,2.28,3.3,3.45,2.2,3.18,3.35
UEFA-SWMQ2026_GD7_G23,wm-qualifikation-europa,WMQ2026,2025-11-15,Kazakhstan,Belgium,,,,,,,,,,,,,,,,,19.0,8.25,1.17,16.81,7.51,1.15
UEFA-SWMQ2026_GD7_G24,wm-qualifikation-europa,WMQ2026,2025-11-15,Liechtenstein,Wales,,,,,,,,,,,,,,,,,81.0,26.0,1.03,58.41,17.85,1.02
UEFA-SWMQ2026_GD7_G15,wm-qualifikation-europa,WMQ2026,2025-11-15,Slovenia,Kosovo,,,,,,,,,,,,,,,,,2.55,3.0,3.3,2.43,2.96,3.15
UEFA-SWMQ2026_GD7_G18,wm-qualifikation-europa,WMQ2026,2025-11-15,Switzerland,Sweden,,,,,,,,,,,,,,,,,1.54,4.2,6.5,1.51,4.05,6.31
UEFA-SWMQ2026_GD7_G22,wm-qualifikation-europa,WMQ2026,2025-11-15,Turkey,Bulgaria,,,,,,,,,,,,,,,,,1.14,12.0,23.0,1.11,9.33,19.31
CONCACAF-SWMQ2026_GD10_G3,wm-qualifikation-nordamerika-mittelamerika,WMQ2026,2025-11-14,Bermuda,Curacao,,,,,,,,,,,,,,,,,12.0,6.5,1.28,10.5,5.83,1.21
UEFA-SWMQ2026_GD7_G13,wm-qualifikation-europa,WMQ2026,2025-11-14,Croatia,Faroe Islands,,,,,,,,,,,,,,,,,1.1,13.0,29.0,1.08,10.61,25.83
UEFA-SWMQ2026_GD7_G9,wm-qualifikation-europa,WMQ2026,2025-11-14,Finland,Malta,,,,,,,,,,,,,,,,,1.35,5.0,11.0,1.33,4.75,9.71
UEFA-SWMQ2026_GD7_G14,wm-qualifikation-europa,WMQ2026,2025-11-14,Gibraltar,Montenegro,,,,,,,,,,,,,,,,,15.0,5.8,1.26,13.94,5.49,1.24
CONCACAF-SWMQ2026_GD10_G4,wm-qualifikation-nordamerika-mittelamerika,WMQ2026,2025-11-14,Guatemala,Panama,,,,,,,,,,,,,,,,,3.7,3.25,2.28,3.41,2.96,2.17
CONCACAF-SWMQ2026_GD10_G5,wm-qualifikation-nordamerika-mittelamerika,WMQ2026,2025-11-14,Haiti,Costa Rica,,,,,,,,,,,,,,,,,4.2,3.75,1.94,3.94,3.46,1.82
UEFA-SWMQ2026_GD7_G11,wm-qualifikation-europa,WMQ2026,2025-11-14,Luxembourg,Germany,,,,,,,,,,,,,,,,,34.0,11.0,1.12,22.42,9.51,1.1
CONCACAF-SWMQ2026_GD10_G6,wm-qualifikation-nordamerika-mittelamerika,WMQ2026,2025-11-14,Nicaragua,Honduras,,,,,,,,,,,,,,,,,8.0,4.1,1.5,6.93,3.83,1.45
UEFA-SWMQ2026_GD7_G12,wm-qualifikation-europa,WMQ2026,2025-11-14,Poland,Netherlands,,,,,,,,,,,,,,,,,5.0,3.75,1.82,4.52,3.57,1.77
UEFA-SWMQ2026_GD7_G10,wm-qualifikation-europa,WMQ2026,2025-11-14,Slovakia,Northern Ireland,,,,,,,,,,,,,,,,,2.25,3.05,4.1,2.14,2.95,3.85
CONCACAF-SWMQ2026_GD10_G2,wm-qualifikation-nordamerika-mittelamerika,WMQ2026,2025-11-14,Trinidad & Tobago,Jamaica,,,,,,,,,,,,,,,,,3.4,3.4,2.2,3.21,3.27,2.1
UEFA-SWMQ2026_GD7_G1,wm-qualifikation-europa,WMQ2026,2025-11-13,Andorra,Albania,,,,,,,,,,,,,,,,,16.0,5.25,1.3,13.58,4.82,1.27
UEFA-SWMQ2026_GD7_G6,wm-qualifikation-europa,WMQ2026,2025-11-13,Armenia,Hungary,,,,,,,,,,,,,,,,,6.5,4.6,1.52,6.09,4.37,1.49
UEFA-SWMQ2026_GD7_G7,wm-qualifikation-europa,WMQ2026,2025-11-13,Azerbaijan,Iceland,,,,,,,,,,,,,,,,,6.0,4.1,1.66,5.51,3.85,1.6
UEFA-SWMQ2026_GD7_G4,wm-qualifikation-europa,WMQ2026,2025-11-13,England,Serbia,,,,,,,,,,,,,,,,,1.32,6.0,13.0,1.28,5.49,10.77
UEFA-SWMQ2026_GD7_G8,wm-qualifikation-europa,WMQ2026,2025-11-13,France,Ukraine,,,,,,,,,,,,,,,,,1.16,8.0,19.0,1.14,7.55,16.97
UEFA-SWMQ2026_GD7_G3,wm-qualifikation-europa,WMQ2026,2025-11-13,Ireland,Portugal,,,,,,,,,,,,,,,,,9.5,4.6,1.42,8.5,4.49,1.38
UEFA-SWMQ2026_GD7_G2,wm-qualifikation-europa,WMQ2026,2025-11-13,Moldova,Italy,,,,,,,,,,,,,,,,,26.0,12.0,1.13,21.75,9.4,1.1
UEFA-SWMQ2026_GD7_G5,wm-qualifikation-europa,WMQ2026,2025-11-13,Norway,Estonia,,,,,,,,,,,,,,,,,1.03,26.0,76.0,1.02,19.75,52.19
CONCACAF-SWMQ2026_GD10_G1,wm-qualifikation-nordamerika-mittelamerika,WMQ2026,2025-11-13,Suriname,El Salvador,,,,,,,,,,,,,,,,,1.7,3.6,6.25,1.61,3.4,5.61
CONCACAF-SWMQ2026_GD9_G6,wm-qualifikation-nordamerika-mittelamerika,WMQ2026,2025-10-15,Curacao,Trinidad & Tobago,,,,,,,,,,,,,,,,,1.62,4.0,7.0,1.52,3.75,6.01
CONCACAF-SWMQ2026_GD9_G3,wm-qualifikation-nordamerika-mittelamerika,WMQ2026,2025-10-15,El Salvador,Guatemala,,,,,,,,,,,,,,,,,3.0,3.1,2.6,2.92,2.89,2.47
CONCACAF-SWMQ2026_GD9_G5,wm-qualifikation-nordamerika-mittelamerika,WMQ2026,2025-10-15,Jamaica,Bermuda,,,,,,,,,,,,,,,,,1.06,17.0,46.0,1.04,12.09,32.44
CONCACAF-SWMQ2026_GD9_G4,wm-qualifikation-nordamerika-mittelamerika,WMQ2026,2025-10-15,Panama,Suriname,,,,,,,,,,,,,,,,,1.53,4.4,8.5,1.45,4.0,6.65
UEFA-SWMQ2026_GD6_G41,wm-qualifikation-europa,WMQ2026,2025-10-14,Andorra,Serbia,,,,,,,,,,,,,,,,,26.0,7.25,1.18,18.76,6.69,1.17
CONCACAF-SWMQ2026_GD9_G2,wm-qualifikation-nordamerika-mittelamerika,WMQ2026,2025-10-14,Costa Rica,Nicaragua,,,,,,,,,,,,,,,,,1.15,9.5,26.0,1.12,7.47,18.82
UEFA-SWMQ2026_GD6_G47,wm-qualifikation-europa,WMQ2026,2025-10-14,Estonia,Moldova,,,,,,,,,,,,,,,,,2.2,3.25,3.8,2.14,3.14,3.55
CONCACAF-SWMQ2026_GD9_G1,wm-qualifikation-nordamerika-mittelamerika,WMQ2026,2025-10-14,Honduras,Haiti,,,,,,,,,,,,,,,,,2.2,3.2,3.75,2.09,3.0,3.58
UEFA-SWMQ2026_GD6_G43,wm-qualifikation-europa,WMQ2026,2025-10-14,Ireland,Armenia,,,,,,,,,,,,,,,,,1.57,4.35,6.0,1.54,4.18,5.72
UEFA-SWMQ2026_GD6_G44,wm-qualifikation-europa,WMQ2026,2025-10-14,Italy,Israel,,,,,,,,,,,,,,,,,1.2,8.0,15.0,1.17,7.38,13.79
UEFA-SWMQ2026_GD6_G42,wm-qualifikation-europa,WMQ2026,2025-10-14,Latvia,England,,,,,,,,,,,,,,,,,56.0,15.0,1.05,42.65,13.76,1.04
UEFA-SWMQ2026_GD6_G48,wm-qualifikation-europa,WMQ2026,2025-10-14,Portugal,Hungary,,,,,,,,,,,,,,,,,1.23,7.0,14.0,1.21,6.53,12.15
UEFA-SWMQ2026_GD6_G46,wm-qualifikation-europa,WMQ2026,2025-10-14,Spain,Bulgaria,,,,,,,,,,,,,,,,,1.02,30.0,81.0,1.02,22.07,60.47
UEFA-SWMQ2026_GD6_G45,wm-qualifikation-europa,WMQ2026,2025-10-14,Turkey,Georgia,,,,,,,,,,,,,,,,,1.65,4.5,5.8,1.57,4.33,5.15
UEFA-SWMQ2026_GD6_G38,wm-qualifikation-europa,WMQ2026,2025-10-13,Iceland,France,,,,,,,,,,,,,,,,,12.0,6.0,1.33,9.87,5.49,1.29
UEFA-SWMQ2026_GD6_G40,wm-qualifikation-europa,WMQ2026,2025-10-13,North Macedonia,Kazakhstan,,,,,,,,,,,,,,,,,1.38,5.0,12.0,1.34,4.57,10.12
UEFA-SWMQ2026_GD6_G34,wm-qualifikation-europa,WMQ2026,2025-10-13,Northern Ireland,Germany,,,,,,,,,,,,,,,,,9.5,5.4,1.4,8.38,4.9,1.36
UEFA-SWMQ2026_GD6_G33,wm-qualifikation-europa,WMQ2026,2025-10-13,Slovakia,Luxembourg,,,,,,,,,,,,,,,,,1.42,4.9,9.5,1.38,4.57,8.34
UEFA-SWMQ2026_GD6_G36,wm-qualifikation-europa,WMQ2026,2025-10-13,Slovenia,Switzerland,,,,,,,,,,,,,,,,,5.3,3.5,1.83,4.84,3.41,1.78
UEFA-SWMQ2026_GD6_G35,wm-qualifikation-europa,WMQ2026,2025-10-13,Sweden,Kosovo,,,,,,,,,,,,,,,,,1.35,6.0,9.5,1.31,5.52,8.41
UEFA-SWMQ2026_GD6_G37,wm-qualifikation-europa,WMQ2026,2025-10-13,Ukraine,Azerbaijan,,,,,,,,,,,,,,,,,1.21,7.0,19.0,1.18,6.51,15.91
UEFA-SWMQ2026_GD6_G39,wm-qualifikation-europa,WMQ2026,2025-10-13,Wales,Belgium,,,,,,,,,,,,,,,,,5.0,4.0,1.73,4.89,3.77,1.69
UEFA-SWMQ2026_GD6_G28,wm-qualifikation-europa,WMQ2026,2025-10-12,Croatia,Gibraltar,,,,,,,,,,,,,,,,,1.01,91.0,226.0,1.0,47.6,120.4
UEFA-SWMQ2026_GD6_G27,wm-qualifikation-europa,WMQ2026,2025-10-12,Denmark,Greece,,,,,,,,,,,,,,,,,1.76,3.8,5.8,1.68,3.61,5.31
UEFA-SWMQ2026_GD6_G32,wm-qualifikation-europa,WMQ2026,2025-10-12,Faroe Islands,Czech Republic,,,,,,,,,,,,,,,,,7.5,4.65,1.49,6.96,4.51,1.44
UEFA-SWMQ2026_GD6_G26,wm-qualifikation-europa,WMQ2026,2025-10-12,Lithuania,Poland,,,,,,,,,,,,,,,,,11.0,5.5,1.36,9.85,4.99,1.31
UEFA-SWMQ2026_GD6_G29,wm-qualifikation-europa,WMQ2026,2025-10-12,Netherlands,Finland,,,,,,,,,,,,,,,,,1.13,10.0,29.0,1.11,9.28,20.88
UEFA-SWMQ2026_GD6_G25,wm-qualifikation-europa,WMQ2026,2025-10-12,Romania,Austria,,,,,,,,,,,,,,,,,5.25,4.0,1.7,4.94,3.87,1.67
UEFA-SWMQ2026_GD6_G31,wm-qualifikation-europa,WMQ2026,2025-10-12,San Marino,Cyprus,,,,,,,,,,,,,,,,,19.0,7.5,1.19,16.65,6.88,1.16
UEFA-SWMQ2026_GD6_G30,wm-qualifikation-europa,WMQ2026,2025-10-12,Scotland,Belarus,,,,,,,,,,,,,,,,,1.14,9.5,26.0,1.12,8.53,21.41
UEFA-SWMQ2026_GD6_G17,wm-qualifikation-europa,WMQ2026,2025-10-11,Bulgaria,Turkey,,,,,,,,,,,,,,,,,11.0,5.5,1.33,9.88,5.31,1.3
CONCACAF-SWMQ2026_GD8_G5,wm-qualifikation-nordamerika-mittelamerika,WMQ2026,2025-10-11,Curacao,Jamaica,,,,,,,,,,,,,,,,,3.4,3.15,2.38,3.22,2.99,2.24
CONCACAF-SWMQ2026_GD8_G6,wm-qualifikation-nordamerika-mittelamerika,WMQ2026,2025-10-11,El Salvador,Panama,,,,,,,,,,,,,,,,,6.0,3.5,1.75,5.32,3.37,1.66
UEFA-SWMQ2026_GD6_G18,wm-qualifikation-europa,WMQ2026,2025-10-11,Estonia,Italy,,,,,,,,,,,,,,,,,41.0,15.0,1.08,30.71,11.88,1.06
UEFA-SWMQ2026_GD6_G22,wm-qualifikation-europa,WMQ2026,2025-10-11,Hungary,Armenia,,,,,,,,,,,,,,,,,1.36,5.66,10.0,1.32,5.23,8.96
UEFA-SWMQ2026_GD6_G23,wm-qualifikation-europa,WMQ2026,2025-10-11,Latvia,Andorra,,,,,,,,,,,,,,,,,1.65,3.55,7.5,1.6,3.39,6.98
UEFA-SWMQ2026_GD6_G24,wm-qualifikation-europa,WMQ2026,2025-10-11,Norway,Israel,,,,,,,,,,,,,,,,,1.25,7.5,12.0,1.22,6.86,10.65
UEFA-SWMQ2026_GD6_G19,wm-qualifikation-europa,WMQ2026,2025-10-11,Portugal,Ireland,,,,,,,,,,,,,,,,,1.15,9.0,26.0,1.13,8.12,20.71
UEFA-SWMQ2026_GD6_G20,wm-qualifikation-europa,WMQ2026,2025-10-11,Serbia,Albania,,,,,,,,,,,,,,,,,1.85,3.4,5.7,1.82,3.28,4.85
UEFA-SWMQ2026_GD6_G21,wm-qualifikation-europa,WMQ2026,2025-10-11,Spain,Georgia,,,,,,,,,,,,,,,,,1.17,8.5,19.0,1.15,8.11,15.47
UEFA-SWMQ2026_GD6_G9,wm-qualifikation-europa,WMQ2026,2025-10-10,Belgium,North Macedonia,,,,,,,,,,,,,,,,,1.2,8.0,19.0,1.16,7.43,16.24
CONCACAF-SWMQ2026_GD8_G4,wm-qualifikation-nordamerika-mittelamerika,WMQ2026,2025-10-10,Bermuda,Trinidad & Tobago,,,,,,,,,,,,,,,,,4.5,4.33,1.73,4.24,3.96,1.66
UEFA-SWMQ2026_GD6_G11,wm-qualifikation-europa,WMQ2026,2025-10-10,France,Azerbaijan,,,,,,,,,,,,,,,,,1.01,46.0,181.0,1.01,29.55,86.55
UEFA-SWMQ2026_GD6_G13,wm-qualifikation-europa,WMQ2026,2025-10-10,Germany,Luxembourg,,,,,,,,,,,,,,,,,1.05,20.0,67.0,1.03,15.88,53.31
CONCACAF-SWMQ2026_GD8_G2,wm-qualifikation-nordamerika-mittelamerika,WMQ2026,2025-10-10,Honduras,Costa Rica,,,,,,,,,,,,,,,,,3.2,3.15,2.45,2.97,3.04,2.36
UEFA-SWMQ2026_GD6_G10,wm-qualifikation-europa,WMQ2026,2025-10-10,Iceland,Ukraine,,,,,,,,,,,,,,,,,3.33,3.4,2.3,3.15,3.31,2.26
UEFA-SWMQ2026_GD6_G15,wm-qualifikation-europa,WMQ2026,2025-10-10,Kazakhstan,Liechtenstein,,,,,,,,,,,,,,,,,1.09,13.0,71.0,1.07,10.5,38.94
UEFA-SWMQ2026_GD6_G12,wm-qualifikation-europa,WMQ2026,2025-10-10,Kosovo,Slovenia,,,,,,,,,,,,,,,,,2.45,3.0,3.4,2.4,2.97,3.2
CONCACAF-SWMQ2026_GD8_G1,wm-qualifikation-nordamerika-mittelamerika,WMQ2026,2025-10-10,Nicaragua,Haiti,,,,,,,,,,,,,,,,,3.8,3.6,2.0,3.61,3.34,1.94
UEFA-SWMQ2026_GD6_G14,wm-qualifikation-europa,WMQ2026,2025-10-10,Northern Ireland,Slovakia,,,,,,,,,,,,,,,,,2.5,3.0,3.5,2.41,2.85,3.31
CONCACAF-SWMQ2026_GD8_G3,wm-qualifikation-nordamerika-mittelamerika,WMQ2026,2025-10-10,Suriname,Guatemala,,,,,,,,,,,,,,,,,2.5,3.1,3.6,2.36,2.94,3.1
UEFA-SWMQ2026_GD6_G16,wm-qualifikation-europa,WMQ2026,2025-10-10,Sweden,Switzerland,,,,,,,,,,,,,,,,,2.5,3.6,2.87,2.43,3.43,2.78
UEFA-SWMQ2026_GD6_G6,wm-qualifikation-europa,WMQ2026,2025-10-09,Austria,San Marino,,,,,,,,,,,,,,,,,1.01,81.0,151.0,1.0,43.27,76.18
UEFA-SWMQ2026_GD6_G4,wm-qualifikation-europa,WMQ2026,2025-10-09,Belarus,Denmark,,,,,,,,,,,,,,,,,28.0,9.0,1.15,22.76,8.26,1.12
UEFA-SWMQ2026_GD6_G7,wm-qualifikation-europa,WMQ2026,2025-10-09,Cyprus,Bosnia & Herzegovina,,,,,,,,,,,,,,,,,4.1,3.5,2.1,3.8,3.38,1.99
UEFA-SWMQ2026_GD6_G8,wm-qualifikation-europa,WMQ2026,2025-10-09,Czech Republic,Croatia,,,,,,,,,,,,,,,,,3.33,3.5,2.25,3.2,3.38,2.2
UEFA-SWMQ2026_GD6_G1,wm-qualifikation-europa,WMQ2026,2025-10-09,Faroe Islands,Montenegro,,,,,,,,,,,,,,,,,3.1,3.1,2.6,2.97,3.04,2.48
UEFA-SWMQ2026_GD6_G2,wm-qualifikation-europa,WMQ2026,2025-10-09,Finland,Lithuania,,,,,,,,,,,,,,,,,1.58,4.0,7.0,1.54,3.85,6.43
UEFA-SWMQ2026_GD6_G5,wm-qualifikation-europa,WMQ2026,2025-10-09,Malta,Netherlands,,,,,,,,,,,,,,,,,46.0,16.0,1.07,36.06,13.68,1.05
UEFA-SWMQ2026_GD6_G3,wm-qualifikation-europa,WMQ2026,2025-10-09,Scotland,Greece,,,,,,,,,,,,,,,,,2.88,3.2,2.75,2.75,3.1,2.65
CONMEBOL-SWMQ2026_GD18_G4,wm-qualifikation-suedamerika,WMQ2026,2025-09-10,Bolivia,Brazil,,,,,,,,,,,,,,,,,3.7,3.35,2.18,3.57,3.24,2.12
CONMEBOL-SWMQ2026_GD18_G5,wm-qualifikation-suedamerika,WMQ2026,2025-09-10,Chile,Uruguay,,,,,,,,,,,,,,,,,4.6,3.55,1.93,4.38,3.25,1.89
CONCACAF-SWMQ2026_GD7_G3,wm-qualifikation-nordamerika-mittelamerika,WMQ2026,2025-09-10,Costa Rica,Haiti,,,,,,,,,,,,,,,,,1.45,4.5,7.5,1.43,4.16,6.62
CONCACAF-SWMQ2026_GD7_G5,wm-qualifikation-nordamerika-mittelamerika,WMQ2026,2025-09-10,Curacao,Bermuda,,,,,,,,,,,,,,,,,1.21,7.25,14.0,1.18,6.53,11.31
CONMEBOL-SWMQ2026_GD18_G2,wm-qualifikation-suedamerika,WMQ2026,2025-09-10,Ecuador,Argentina,,,,,,,,,,,,,,,,,3.45,2.8,2.8,3.23,2.71,2.63
CONCACAF-SWMQ2026_GD7_G4,wm-qualifikation-nordamerika-mittelamerika,WMQ2026,2025-09-10,Honduras,Nicaragua,,,,,,,,,,,,,,,,,1.4,4.75,9.0,1.36,4.4,7.95
CONCACAF-SWMQ2026_GD7_G6,wm-qualifikation-nordamerika-mittelamerika,WMQ2026,2025-09-10,Jamaica,Trinidad & Tobago,,,,,,,,,,,,,,,,,1.42,4.75,8.5,1.36,4.47,7.5
CONMEBOL-SWMQ2026_GD18_G1,wm-qualifikation-suedamerika,WMQ2026,2025-09-10,Peru,Paraguay,,,,,,,,,,,,,,,,,2.8,2.9,3.3,2.65,2.73,3.15
CONMEBOL-SWMQ2026_GD18_G3,wm-qualifikation-suedamerika,WMQ2026,2025-09-10,Venezuela,Colombia,,,,,,,,,,,,,,,,,2.9,3.3,2.8,2.76,3.07,2.69
UEFA-SWMQ2026_GD5_G44,wm-qualifikation-europa,WMQ2026,2025-09-09,Albania,Latvia,,,,,,,,,,,,,,,,,1.36,5.0,12.0,1.31,4.87,10.56
UEFA-SWMQ2026_GD5_G48,wm-qualifikation-europa,WMQ2026,2025-09-09,Armenia,Ireland,,,,,,,,,,,,,,,,,4.2,3.6,2.04,3.83,3.42,1.96
UEFA-SWMQ2026_GD5_G46,wm-qualifikation-europa,WMQ2026,2025-09-09,Azerbaijan,Ukraine,,,,,,,,,,,,,,,,,9.5,5.2,1.4,8.73,4.72,1.36
UEFA-SWMQ2026_GD5_G43,wm-qualifikation-europa,WMQ2026,2025-09-09,Bosnia & Herzegovina,Austria,,,,,,,,,,,,,,,,,5.5,3.8,1.73,5.04,3.73,1.68
UEFA-SWMQ2026_GD5_G41,wm-qualifikation-europa,WMQ2026,2025-09-09,Cyprus,Romania,,,,,,,,,,,,,,,,,4.9,3.75,1.8,4.63,3.64,1.75
CONCACAF-SWMQ2026_GD7_G1,wm-qualifikation-nordamerika-mittelamerika,WMQ2026,2025-09-09,El Salvador,Suriname,,,,,,,,,,,,,,,,,2.38,3.1,3.5,2.26,2.87,3.31
UEFA-SWMQ2026_GD5_G45,wm-qualifikation-europa,WMQ2026,2025-09-09,France,Iceland,,,,,,,,,,,,,,,,,1.09,13.0,31.0,1.07,11.56,26.31
UEFA-SWMQ2026_GD5_G47,wm-qualifikation-europa,WMQ2026,2025-09-09,Hungary,Portugal,,,,,,,,,,,,,,,,,6.75,4.75,1.5,6.31,4.51,1.47
UEFA-SWMQ2026_GD5_G40,wm-qualifikation-europa,WMQ2026,2025-09-09,Norway,Moldova,,,,,,,,,,,,,,,,,1.05,17.0,46.0,1.04,14.69,36.94
CONCACAF-SWMQ2026_GD7_G2,wm-qualifikation-nordamerika-mittelamerika,WMQ2026,2025-09-09,Panama,Guatemala,,,,,,,,,,,,,,,,,1.38,5.0,9.5,1.33,4.61,8.14
UEFA-SWMQ2026_GD5_G42,wm-qualifikation-europa,WMQ2026,2025-09-09,Serbia,England,,,,,,,,,,,,,,,,,4.6,3.4,1.95,4.23,3.31,1.91
UEFA-SWMQ2026_GD5_G37,wm-qualifikation-europa,WMQ2026,2025-09-08,Belarus,Scotland,,,,,,,,,,,,,,,,,9.0,4.4,1.46,7.85,4.28,1.42
UEFA-SWMQ2026_GD5_G39,wm-qualifikation-europa,WMQ2026,2025-09-08,Croatia,Montenegro,,,,,,,,,,,,,,,,,1.22,7.0,15.0,1.19,6.74,13.34
UEFA-SWMQ2026_GD5_G33,wm-qualifikation-europa,WMQ2026,2025-09-08,Gibraltar,Faroe Islands,,,,,,,,,,,,,,,,,7.5,4.0,1.53,7.06,3.86,1.51
UEFA-SWMQ2026_GD5_G36,wm-qualifikation-europa,WMQ2026,2025-09-08,Greece,Denmark,,,,,,,,,,,,,,,,,2.37,3.3,3.3,2.32,3.17,3.16
UEFA-SWMQ2026_GD5_G38,wm-qualifikation-europa,WMQ2026,2025-09-08,Israel,Italy,,,,,,,,,,,,,,,,,8.5,5.3,1.4,7.55,5.04,1.37
UEFA-SWMQ2026_GD5_G35,wm-qualifikation-europa,WMQ2026,2025-09-08,Kosovo,Sweden,,,,,,,,,,,,,,,,,5.75,4.1,1.65,5.21,3.99,1.61
UEFA-SWMQ2026_GD5_G34,wm-qualifikation-europa,WMQ2026,2025-09-08,Switzerland,Slovenia,,,,,,,,,,,,,,,,,1.44,4.75,9.5,1.38,4.54,8.13
UEFA-SWMQ2026_GD5_G25,wm-qualifikation-europa,WMQ2026,2025-09-07,Belgium,Kazakhstan,,,,,,,,,,,,,,,,,1.05,17.0,46.0,1.04,14.47,36.75
UEFA-SWMQ2026_GD5_G31,wm-qualifikation-europa,WMQ2026,2025-09-07,Georgia,Bulgaria,,,,,,,,,,,,,,,,,1.28,6.0,13.0,1.25,5.46,12.28
UEFA-SWMQ2026_GD5_G32,wm-qualifikation-europa,WMQ2026,2025-09-07,Germany,Northern Ireland,,,,,,,,,,,,,,,,,1.22,8.0,17.0,1.19,7.19,13.41
UEFA-SWMQ2026_GD5_G30,wm-qualifikation-europa,WMQ2026,2025-09-07,Lithuania,Netherlands,,,,,,,,,,,,,,,,,37.0,13.0,1.09,30.06,10.64,1.07
UEFA-SWMQ2026_GD5_G27,wm-qualifikation-europa,WMQ2026,2025-09-07,Luxembourg,Slovakia,,,,,,,,,,,,,,,,,5.25,3.5,1.85,4.93,3.31,1.79
UEFA-SWMQ2026_GD5_G29,wm-qualifikation-europa,WMQ2026,2025-09-07,North Macedonia,Liechtenstein,,,,,,,,,,,,,,,,,1.07,15.0,61.0,1.06,12.03,39.0
UEFA-SWMQ2026_GD5_G28,wm-qualifikation-europa,WMQ2026,2025-09-07,Poland,Finland,,,,,,,,,,,,,,,,,1.44,4.75,7.5,1.41,4.53,7.22
UEFA-SWMQ2026_GD5_G26,wm-qualifikation-europa,WMQ2026,2025-09-07,Turkey,Spain,,,,,,,,,,,,,,,,,6.5,4.5,1.53,6.03,4.4,1.5
UEFA-SWMQ2026_GD5_G19,wm-qualifikation-europa,WMQ2026,2025-09-06,Armenia,Portugal,,,,,,,,,,,,,,,,,21.0,10.0,1.14,18.16,9.23,1.12
UEFA-SWMQ2026_GD5_G21,wm-qualifikation-europa,WMQ2026,2025-09-06,Austria,Cyprus,,,,,,,,,,,,,,,,,1.13,13.0,29.0,1.09,10.72,22.69
UEFA-SWMQ2026_GD5_G23,wm-qualifikation-europa,WMQ2026,2025-09-06,England,Andorra,,,,,,,,,,,,,,,,,1.01,41.0,151.0,1.01,29.0,74.62
CONCACAF-SWMQ2026_GD6_G5,wm-qualifikation-nordamerika-mittelamerika,WMQ2026,2025-09-06,Haiti,Honduras,,,,,,,,,,,,,,,,,2.8,3.2,2.63,2.69,3.08,2.54
UEFA-SWMQ2026_GD5_G24,wm-qualifikation-europa,WMQ2026,2025-09-06,Ireland,Hungary,,,,,,,,,,,,,,,,,2.75,3.1,3.0,2.65,2.96,2.87
UEFA-SWMQ2026_GD5_G22,wm-qualifikation-europa,WMQ2026,2025-09-06,Latvia,Serbia,,,,,,,,,,,,,,,,,15.0,5.5,1.33,11.13,5.17,1.29
CONCACAF-SWMQ2026_GD6_G6,wm-qualifikation-nordamerika-mittelamerika,WMQ2026,2025-09-06,Nicaragua,Costa Rica,,,,,,,,,,,,,,,,,7.5,4.1,1.57,6.54,3.84,1.48
UEFA-SWMQ2026_GD5_G20,wm-qualifikation-europa,WMQ2026,2025-09-06,San Marino,Bosnia & Herzegovina,,,,,,,,,,,,,,,,,35.0,11.0,1.14,23.5,8.75,1.11
CONCACAF-SWMQ2026_GD6_G4,wm-qualifikation-nordamerika-mittelamerika,WMQ2026,2025-09-06,Trinidad & Tobago,Curacao,,,,,,,,,,,,,,,,,3.55,3.4,2.25,3.28,3.21,2.1
CONMEBOL-SWMQ2026_GD17_G1,wm-qualifikation-suedamerika,WMQ2026,2025-09-05,Argentina,Venezuela,,,,,,,,,,,,,,,,,1.27,6.0,15.0,1.24,5.68,13.41
CAF-SWMQ2026_GD5_G12,wm-qualifikation-afrika,WMQ2026,2025-09-05,Benin,Zimbabwe,,,,,,,,,,,,,,,,,2.35,3.0,3.6,2.23,2.92,3.37
CONCACAF-SWMQ2026_GD6_G3,wm-qualifikation-nordamerika-mittelamerika,WMQ2026,2025-09-05,Bermuda,Jamaica,,,,,,,,,,,,,,,,,13.0,5.5,1.29,10.19,5.29,1.25
CONMEBOL-SWMQ2026_GD17_G5,wm-qualifikation-suedamerika,WMQ2026,2025-09-05,Brazil,Chile,,,,,,,,,,,,,,,,,1.21,7.0,23.0,1.18,6.48,17.75
CONMEBOL-SWMQ2026_GD17_G4,wm-qualifikation-suedamerika,WMQ2026,2025-09-05,Colombia,Bolivia,,,,,,,,,,,,,,,,,1.12,10.5,26.0,1.11,9.2,22.44
UEFA-SWMQ2026_GD5_G14,wm-qualifikation-europa,WMQ2026,2025-09-05,Denmark,Scotland,,,,,,,,,,,,,,,,,1.49,4.35,9.5,1.44,4.19,7.84
CAF-SWMQ2026_GD5_G17,wm-qualifikation-afrika,WMQ2026,2025-09-05,Djibouti,Burkina Faso,,,,,,,,,,,,,,,,,26.0,8.5,1.14,21.38,7.63,1.11
UEFA-SWMQ2026_GD5_G18,wm-qualifikation-europa,WMQ2026,2025-09-05,Faroe Islands,Croatia,,,,,,,,,,,,,,,,,12.0,5.8,1.3,11.28,5.5,1.26
UEFA-SWMQ2026_GD5_G17,wm-qualifikation-europa,WMQ2026,2025-09-05,Greece,Belarus,,,,,,,,,,,,,,,,,1.17,7.5,21.0,1.15,7.03,19.16
CONCACAF-SWMQ2026_GD6_G2,wm-qualifikation-nordamerika-mittelamerika,WMQ2026,2025-09-05,Guatemala,El Salvador,,,,,,,,,,,,,,,,,1.78,3.6,5.5,1.71,3.27,5.02
UEFA-SWMQ2026_GD5_G11,wm-qualifikation-europa,WMQ2026,2025-09-05,Iceland,Azerbaijan,,,,,,,,,,,,,,,,,1.48,4.6,8.0,1.43,4.41,7.26
UEFA-SWMQ2026_GD5_G10,wm-qualifikation-europa,WMQ2026,2025-09-05,Italy,Estonia,,,,,,,,,,,,,,,,,1.07,15.5,36.0,1.05,13.28,32.38
CAF-SWMQ2026_GD5_G15,wm-qualifikation-afrika,WMQ2026,2025-09-05,Kenya,Gambia,,,,,,,,,,,,,,,,,2.32,3.1,3.75,2.2,2.88,3.53
CAF-SWMQ2026_GD5_G18,wm-qualifikation-afrika,WMQ2026,2025-09-05,Lesotho,South Africa,,,,,,,,,,,,,,,,,21.0,5.25,1.28,17.09,4.65,1.24
UEFA-SWMQ2026_GD5_G9,wm-qualifikation-europa,WMQ2026,2025-09-05,Moldova,Israel,,,,,,,,,,,,,,,,,6.33,4.2,1.55,5.97,4.06,1.53
UEFA-SWMQ2026_GD5_G16,wm-qualifikation-europa,WMQ2026,2025-09-05,Montenegro,Czech Republic,,,,,,,,,,,,,,,,,5.5,4.0,1.67,5.16,3.81,1.65
CAF-SWMQ2026_GD5_G16,wm-qualifikation-afrika,WMQ2026,2025-09-05,Namibia,Malawi,,,,,,,,,,,,,,,,,2.35,2.7,4.0,2.25,2.63,3.83
CONMEBOL-SWMQ2026_GD17_G2,wm-qualifikation-suedamerika,WMQ2026,2025-09-05,Paraguay,Ecuador,,,,,,,,,,,,,,,,,2.5,2.75,4.0,2.38,2.65,3.81
UEFA-SWMQ2026_GD5_G15,wm-qualifikation-europa,WMQ2026,2025-09-05,Slovenia,Sweden,,,,,,,,,,,,,,,,,3.5,3.35,2.25,3.38,3.27,2.17
CAF-SWMQ2026_GD5_G13,wm-qualifikation-afrika,WMQ2026,2025-09-05,Somalia,Guinea,,,,,,,,,,,,,,,,,13.0,6.5,1.25,12.0,5.91,1.21
CAF-SWMQ2026_GD5_G14,wm-qualifikation-afrika,WMQ2026,2025-09-05,South Sudan,D.R. Congo,,,,,,,,,,,,,,,,,7.5,4.0,1.57,6.56,3.67,1.51
UEFA-SWMQ2026_GD5_G13,wm-qualifikation-europa,WMQ2026,2025-09-05,Switzerland,Kosovo,,,,,,,,,,,,,,,,,1.42,5.1,8.0,1.39,4.74,7.41
UEFA-SWMQ2026_GD5_G12,wm-qualifikation-europa,WMQ2026,2025-09-05,Ukraine,France,,,,,,,,,,,,,,,,,10.0,5.5,1.35,9.25,5.12,1.32
CONMEBOL-SWMQ2026_GD17_G3,wm-qualifikation-suedamerika,WMQ2026,2025-09-05,Uruguay,Peru,,,,,,,,,,,,,,,,,1.44,4.4,10.0,1.42,4.07,8.97
CAF-SWMQ2026_GD5_G4,wm-qualifikation-afrika,WMQ2026,2025-09-04,Algeria,Botswana,,,,,,,,,,,,,,,,,1.25,5.8,15.0,1.22,5.45,13.44
CAF-SWMQ2026_GD5_G8,wm-qualifikation-afrika,WMQ2026,2025-09-04,Angola,Libya,,,,,,,,,,,,,,,,,1.64,3.6,7.5,1.58,3.4,6.41
UEFA-SWMQ2026_GD5_G7,wm-qualifikation-europa,WMQ2026,2025-09-04,Bulgaria,Spain,,,,,,,,,,,,,,,,,41.0,15.0,1.07,34.56,12.59,1.05
CAF-SWMQ2026_GD5_G5,wm-qualifikation-afrika,WMQ2026,2025-09-04,Cameroon,Eswatini,,,,,,,,,,,,,,,,,1.21,6.25,23.0,1.18,5.68,16.53
CAF-SWMQ2026_GD5_G10,wm-qualifikation-afrika,WMQ2026,2025-09-04,Chad,Ghana,,,,,,,,,,,,,,,,,23.0,7.5,1.18,17.09,6.8,1.14
UEFA-SWMQ2026_GD5_G3,wm-qualifikation-europa,WMQ2026,2025-09-04,Georgia,Turkey,,,,,,,,,,,,,,,,,3.0,3.5,2.4,2.96,3.38,2.33
CAF-SWMQ2026_GD5_G9,wm-qualifikation-afrika,WMQ2026,2025-09-04,Guinea Bissau,Sierra Leone,,,,,,,,,,,,,,,,,2.28,3.25,3.8,2.12,3.03,3.52
UEFA-SWMQ2026_GD5_G2,wm-qualifikation-europa,WMQ2026,2025-09-04,Kazakhstan,Wales,,,,,,,,,,,,,,,,,6.66,3.9,1.63,6.05,3.66,1.6
UEFA-SWMQ2026_GD5_G1,wm-qualifikation-europa,WMQ2026,2025-09-04,Liechtenstein,Belgium,,,,,,,,,,,,,,,,,181.0,41.0,1.01,84.7,29.1,1.01
UEFA-SWMQ2026_GD5_G4,wm-qualifikation-europa,WMQ2026,2025-09-04,Lithuania,Malta,,,,,,,,,,,,,,,,,1.63,3.6,7.5,1.59,3.45,6.85
UEFA-SWMQ2026_GD5_G6,wm-qualifikation-europa,WMQ2026,2025-09-04,Luxembourg,Northern Ireland,,,,,,,,,,,,,,,,,3.8,2.95,2.3,3.72,2.85,2.25
CAF-SWMQ2026_GD5_G6,wm-qualifikation-afrika,WMQ2026,2025-09-04,Madagascar,Central Africa,,,,,,,,,,,,,,,,,1.85,3.4,4.75,1.82,3.29,4.35
CAF-SWMQ2026_GD5_G2,wm-qualifikation-afrika,WMQ2026,2025-09-04,Mali,Comoros,,,,,,,,,,,,,,,,,1.43,4.2,9.5,1.4,4.03,8.41
CAF-SWMQ2026_GD5_G11,wm-qualifikation-afrika,WMQ2026,2025-09-04,Mauritius,Cape Verde,,,,,,,,,,,,,,,,,10.0,4.2,1.5,7.56,3.87,1.44
UEFA-SWMQ2026_GD5_G8,wm-qualifikation-europa,WMQ2026,2025-09-04,Netherlands,Poland,,,,,,,,,,,,,,,,,1.29,6.25,12.0,1.26,5.74,10.44
CAF-SWMQ2026_GD5_G7,wm-qualifikation-afrika,WMQ2026,2025-09-04,Sao Tome and Principe,Equatorial Guinea,,,,,,,,,,,,,,,,,17.0,5.0,1.31,12.03,4.48,1.29
UEFA-SWMQ2026_GD5_G5,wm-qualifikation-europa,WMQ2026,2025-09-04,Slovakia,Germany,,,,,,,,,,,,,,,,,7.5,5.0,1.44,6.96,4.75,1.41
CONCACAF-SWMQ2026_GD6_G1,wm-qualifikation-nordamerika-mittelamerika,WMQ2026,2025-09-04,Suriname,Panama,,,,,,,,,,,,,,,,,5.0,3.65,1.81,4.78,3.43,1.69
CAF-SWMQ2026_GD5_G3,wm-qualifikation-afrika,WMQ2026,2025-09-04,Tunisia,Liberia,,,,,,,,,,,,,,,,,1.29,5.6,13.0,1.24,5.19,12.0
CAF-SWMQ2026_GD5_G1,wm-qualifikation-afrika,WMQ2026,2025-09-03,Seychelles,Gabon,,,,,,,,,,,,,,,,,36.0,13.5,1.06,27.64,11.21,1.05
CONMEBOL-SWMQ2026_GD16_G5,wm-qualifikation-suedamerika,WMQ2026,2025-06-11,Argentina,Colombia,,,,,,,,,,,,,,,,,1.7,3.6,6.5,1.65,3.45,5.84
CONMEBOL-SWMQ2026_GD16_G2,wm-qualifikation-suedamerika,WMQ2026,2025-06-11,Brazil,Paraguay,,,,,,,,,,,,,,,,,1.4,4.9,11.5,1.37,4.45,9.34
CONCACAF-SWMQ2026_GD5_G3,wm-qualifikation-nordamerika-mittelamerika,WMQ2026,2025-06-11,Costa Rica,Trinidad & Tobago,,,,,,,,,,,,,,,,,1.32,5.5,10.0,1.27,5.13,8.66
CONCACAF-SWMQ2026_GD5_G11,wm-qualifikation-nordamerika-mittelamerika,WMQ2026,2025-06-11,Dominican Republic,Dominica,,,,,,,,,,,,,,,,,1.05,19.0,36.0,1.03,15.42,29.83
CONCACAF-SWMQ2026_GD5_G7,wm-qualifikation-nordamerika-mittelamerika,WMQ2026,2025-06-11,Guyana,Montserrat,,,,,,,,,,,,,,,,,1.73,3.7,5.5,1.69,3.35,4.82
CONCACAF-SWMQ2026_GD5_G4,wm-qualifikation-nordamerika-mittelamerika,WMQ2026,2025-06-11,Honduras,Antigua and Barbuda,,,,,,,,,,,,,,,,,1.05,17.0,51.0,1.03,13.13,35.27
CONCACAF-SWMQ2026_GD5_G8,wm-qualifikation-nordamerika-mittelamerika,WMQ2026,2025-06-11,Jamaica,Guatemala,,,,,,,,,,,,,,,,,2.3,3.5,3.6,2.07,3.26,3.28
CONCACAF-SWMQ2026_GD5_G6,wm-qualifikation-nordamerika-mittelamerika,WMQ2026,2025-06-11,Panama,Nicaragua,,,,,,,,,,,,,,,,,1.35,5.0,10.0,1.32,4.62,8.28
CONMEBOL-SWMQ2026_GD16_G3,wm-qualifikation-suedamerika,WMQ2026,2025-06-11,Peru,Ecuador,,,,,,,,,,,,,,,,,3.9,2.7,2.66,3.41,2.59,2.57
CONCACAF-SWMQ2026_GD5_G5,wm-qualifikation-nordamerika-mittelamerika,WMQ2026,2025-06-11,Puerto Rico,Saint Vincent and the Grenadines,,,,,,,,,,,,,,,,,1.46,5.25,8.0,1.36,4.64,6.78
CONMEBOL-SWMQ2026_GD16_G4,wm-qualifikation-suedamerika,WMQ2026,2025-06-11,Uruguay,Venezuela,,,,,,,,,,,,,,,,,1.65,3.7,6.4,1.61,3.56,6.02
CONMEBOL-SWMQ2026_GD16_G1,wm-qualifikation-suedamerika,WMQ2026,2025-06-10,Bolivia,Chile,,,,,,,,,,,,,,,,,1.76,3.65,5.33,1.72,3.53,5.0
CONCACAF-SWMQ2026_GD5_G2,wm-qualifikation-nordamerika-mittelamerika,WMQ2026,2025-06-10,Cuba,Bermuda,,,,,,,,,,,,,,,,,1.55,4.75,6.0,1.49,4.23,5.2
UEFA-SWMQ2026_GD4_G10,wm-qualifikation-europa,WMQ2026,2025-06-10,Finland,Poland,,,,,,,,,,,,,,,,,3.4,3.2,2.4,3.24,3.1,2.32
CONCACAF-SWMQ2026_GD5_G10,wm-qualifikation-nordamerika-mittelamerika,WMQ2026,2025-06-10,Haiti,Curacao,,,,,,,,,,,,,,,,,2.2,3.6,3.4,2.06,3.33,3.18
UEFA-SWMQ2026_GD4_G7,wm-qualifikation-europa,WMQ2026,2025-06-10,Latvia,Albania,,,,,,,,,,,,,,,,,5.33,3.45,1.83,4.93,3.2,1.79
UEFA-SWMQ2026_GD4_G11,wm-qualifikation-europa,WMQ2026,2025-06-10,Netherlands,Malta,,,,,,,,,,,,,,,,,1.04,23.0,81.0,1.03,17.8,58.0
UEFA-SWMQ2026_GD4_G12,wm-qualifikation-europa,WMQ2026,2025-06-10,Romania,Cyprus,,,,,,,,,,,,,,,,,1.42,5.2,8.5,1.38,4.82,7.74
CONCACAF-SWMQ2026_GD5_G1,wm-qualifikation-nordamerika-mittelamerika,WMQ2026,2025-06-10,Saint Kitts and Nevis,Grenada,,,,,,,,,,,,,,,,,4.8,4.5,1.65,4.36,4.08,1.59
CONCACAF-SWMQ2026_GD5_G9,wm-qualifikation-nordamerika-mittelamerika,WMQ2026,2025-06-10,Saint Lucia,Barbados,,,,,,,,,,,,,,,,,1.87,4.33,4.1,1.77,3.89,3.59
UEFA-SWMQ2026_GD4_G9,wm-qualifikation-europa,WMQ2026,2025-06-10,San Marino,Austria,,,,,,,,,,,,,,,,,126.0,36.0,1.02,79.57,24.21,1.01
UEFA-SWMQ2026_GD4_G8,wm-qualifikation-europa,WMQ2026,2025-06-10,Serbia,Andorra,,,,,,,,,,,,,,,,,1.07,13.5,51.0,1.05,11.53,41.71
UEFA-SWMQ2026_GD4_G5,wm-qualifikation-europa,WMQ2026,2025-06-09,Belgium,Wales,,,,,,,,,,,,,,,,,1.4,4.9,9.5,1.37,4.73,8.26
UEFA-SWMQ2026_GD4_G1,wm-qualifikation-europa,WMQ2026,2025-06-09,Croatia,Czech Republic,,,,,,,,,,,,,,,,,2.06,3.4,3.95,2.01,3.33,3.72
UEFA-SWMQ2026_GD4_G4,wm-qualifikation-europa,WMQ2026,2025-06-09,Estonia,Norway,,,,,,,,,,,,,,,,,29.0,11.0,1.13,23.19,9.68,1.1
UEFA-SWMQ2026_GD4_G6,wm-qualifikation-europa,WMQ2026,2025-06-09,Faroe Islands,Gibraltar,,,,,,,,,,,,,,,,,1.28,5.5,15.0,1.26,5.33,12.97
UEFA-SWMQ2026_GD4_G3,wm-qualifikation-europa,WMQ2026,2025-06-09,Italy,Moldova,,,,,,,,,,,,,,,,,1.06,17.0,51.0,1.04,14.03,39.6
UEFA-SWMQ2026_GD4_G2,wm-qualifikation-europa,WMQ2026,2025-06-09,Kazakhstan,North Macedonia,,,,,,,,,,,,,,,,,4.2,3.3,2.05,4.03,3.22,1.98
CONCACAF-SWMQ2026_GD4_G17,wm-qualifikation-nordamerika-mittelamerika,WMQ2026,2025-06-08,Bahamas,Costa Rica,,,,,,,,,,,,,,,,,126.0,67.0,1.03,77.18,36.0,1.0
CONCACAF-SWMQ2026_GD4_G18,wm-qualifikation-nordamerika-mittelamerika,WMQ2026,2025-06-08,Belize,Panama,,,,,,,,,,,,,,,,,56.0,19.0,1.05,37.73,13.38,1.03
UEFA-SWMQ2026_GD3_G8,wm-qualifikation-europa,WMQ2026,2025-06-07,Albania,Serbia,,,,,,,,,,,,,,,,,3.8,3.1,2.25,3.68,2.95,2.21
UEFA-SWMQ2026_GD3_G7,wm-qualifikation-europa,WMQ2026,2025-06-07,Andorra,England,,,,,,,,,,,,,,,,,151.0,35.0,1.02,79.58,22.04,1.01
CONCACAF-SWMQ2026_GD4_G9,wm-qualifikation-nordamerika-mittelamerika,WMQ2026,2025-06-07,Anguilla,El Salvador,,,,,,,,,,,,,,,,,67.0,34.0,1.02,49.9,22.6,1.01
CONCACAF-SWMQ2026_GD4_G12,wm-qualifikation-nordamerika-mittelamerika,WMQ2026,2025-06-07,Aruba,Haiti,,,,,,,,,,,,,,,,,26.0,12.0,1.09,19.65,10.05,1.06
UEFA-SWMQ2026_GD3_G9,wm-qualifikation-europa,WMQ2026,2025-06-07,Austria,Romania,,,,,,,,,,,,,,,,,1.34,5.5,9.5,1.32,5.27,8.8
UEFA-SWMQ2026_GD3_G11,wm-qualifikation-europa,WMQ2026,2025-06-07,Bosnia & Herzegovina,San Marino,,,,,,,,,,,,,,,,,1.04,21.0,81.0,1.02,17.1,55.67
CONCACAF-SWMQ2026_GD4_G10,wm-qualifikation-nordamerika-mittelamerika,WMQ2026,2025-06-07,British Virgin Islands,Jamaica,,,,,,,,,,,,,,,,,67.0,34.0,1.01,53.5,20.9,1.01
CONCACAF-SWMQ2026_GD4_G8,wm-qualifikation-nordamerika-mittelamerika,WMQ2026,2025-06-07,Cayman Islands,Honduras,,,,,,,,,,,,,,,,,81.0,34.0,1.01,57.36,22.82,1.01
CONCACAF-SWMQ2026_GD4_G13,wm-qualifikation-nordamerika-mittelamerika,WMQ2026,2025-06-07,Curacao,Saint Lucia,,,,,,,,,,,,,,,,,1.17,8.5,19.0,1.13,7.32,13.29
UEFA-SWMQ2026_GD3_G12,wm-qualifikation-europa,WMQ2026,2025-06-07,Finland,Netherlands,,,,,,,,,,,,,,,,,15.0,6.5,1.26,12.78,5.93,1.23
CONCACAF-SWMQ2026_GD4_G11,wm-qualifikation-nordamerika-mittelamerika,WMQ2026,2025-06-07,Guatemala,Dominican Republic,,,,,,,,,,,,,,,,,2.2,3.4,3.75,2.1,3.09,3.33
UEFA-SWMQ2026_GD3_G10,wm-qualifikation-europa,WMQ2026,2025-06-07,Malta,Lithuania,,,,,,,,,,,,,,,,,2.75,2.8,3.25,2.67,2.74,3.09
CONCACAF-SWMQ2026_GD4_G15,wm-qualifikation-nordamerika-mittelamerika,WMQ2026,2025-06-07,Nicaragua,Guyana,,,,,,,,,,,,,,,,,1.4,4.8,9.0,1.36,4.43,7.46
CONCACAF-SWMQ2026_GD4_G16,wm-qualifikation-nordamerika-mittelamerika,WMQ2026,2025-06-07,Trinidad & Tobago,Saint Kitts and Nevis,,,,,,,,,,,,,,,,,1.12,11.5,26.0,1.08,9.37,17.24
CONCACAF-SWMQ2026_GD4_G7,wm-qualifikation-nordamerika-mittelamerika,WMQ2026,2025-06-06,Antigua and Barbuda,Cuba,,,,,,,,,,,,,,,,,5.5,4.5,1.58,5.0,4.09,1.52
CONMEBOL-SWMQ2026_GD15_G3,wm-qualifikation-suedamerika,WMQ2026,2025-06-06,Chile,Argentina,,,,,,,,,,,,,,,,,5.75,3.4,1.83,5.04,3.27,1.78
CONMEBOL-SWMQ2026_GD15_G4,wm-qualifikation-suedamerika,WMQ2026,2025-06-06,Colombia,Peru,,,,,,,,,,,,,,,,,1.33,5.4,11.5,1.3,4.97,10.4
UEFA-SWMQ2026_GD3_G5,wm-qualifikation-europa,WMQ2026,2025-06-06,Czech Republic,Montenegro,,,,,,,,,,,,,,,,,1.33,5.5,11.0,1.3,5.25,10.16
CONMEBOL-SWMQ2026_GD15_G2,wm-qualifikation-suedamerika,WMQ2026,2025-06-06,Ecuador,Brazil,,,,,,,,,,,,,,,,,4.3,3.1,2.2,3.98,2.91,2.12
UEFA-SWMQ2026_GD3_G2,wm-qualifikation-europa,WMQ2026,2025-06-06,Estonia,Israel,,,,,,,,,,,,,,,,,7.0,4.33,1.53,6.54,4.15,1.5
UEFA-SWMQ2026_GD3_G6,wm-qualifikation-europa,WMQ2026,2025-06-06,Gibraltar,Croatia,,,,,,,,,,,,,,,,,101.0,29.0,1.02,73.75,21.17,1.02
UEFA-SWMQ2026_GD3_G4,wm-qualifikation-europa,WMQ2026,2025-06-06,North Macedonia,Belgium,,,,,,,,,,,,,,,,,9.5,5.0,1.37,8.81,4.74,1.35
UEFA-SWMQ2026_GD3_G1,wm-qualifikation-europa,WMQ2026,2025-06-06,Norway,Italy,,,,,,,,,,,,,,,,,2.8,3.4,2.75,2.63,3.26,2.65
CONMEBOL-SWMQ2026_GD15_G1,wm-qualifikation-suedamerika,WMQ2026,2025-06-06,Paraguay,Uruguay,,,,,,,,,,,,,,,,,3.0,2.66,3.3,2.78,2.58,3.13
CONCACAF-SWMQ2026_GD4_G14,wm-qualifikation-nordamerika-mittelamerika,WMQ2026,2025-06-06,Suriname,Puerto Rico,,,,,,,,,,,,,,,,,1.38,5.5,10.5,1.3,4.72,8.35
CONMEBOL-SWMQ2026_GD15_G5,wm-qualifikation-suedamerika,WMQ2026,2025-06-06,Venezuela,Bolivia,,,,,,,,,,,,,,,,,1.36,5.33,9.5,1.34,4.99,8.62
UEFA-SWMQ2026_GD3_G3,wm-qualifikation-europa,WMQ2026,2025-06-06,Wales,Liechtenstein,,,,,,,,,,,,,,,,,1.03,30.0,111.0,1.02,19.5,71.54
AFC-SWMQ2026_GD17_G2,wm-qualifikation-asien,WMQ2026,2025-06-05,Australia,Japan,,,,,,,,,,,,,,,,,2.75,3.1,2.9,2.58,2.98,2.79
AFC-SWMQ2026_GD17_G6,wm-qualifikation-asien,WMQ2026,2025-06-05,Bahrain,Saudi Arabia,,,,,,,,,,,,,,,,,4.5,3.2,2.05,4.15,3.02,1.97
CONCACAF-SWMQ2026_GD4_G4,wm-qualifikation-nordamerika-mittelamerika,WMQ2026,2025-06-05,Bermuda,Cayman Islands,,,,,,,,,,,,,,,,,1.2,7.0,15.0,1.17,6.29,11.88
CONCACAF-SWMQ2026_GD4_G5,wm-qualifikation-nordamerika-mittelamerika,WMQ2026,2025-06-05,Grenada,Bahamas,,,,,,,,,,,,,,,,,1.07,15.0,31.0,1.05,11.68,23.93
AFC-SWMQ2026_GD17_G3,wm-qualifikation-asien,WMQ2026,2025-06-05,Indonesia,China,,,,,,,,,,,,,,,,,1.75,4.1,4.75,1.7,3.83,4.29
AFC-SWMQ2026_GD17_G1,wm-qualifikation-asien,WMQ2026,2025-06-05,North Korea,Kyrgyzstan,,,,,,,,,,,,,,,,,2.8,3.2,2.75,2.69,3.07,2.6
AFC-SWMQ2026_GD17_G5,wm-qualifikation-asien,WMQ2026,2025-06-05,Oman,Jordan,,,,,,,,,,,,,,,,,3.25,3.0,2.55,3.15,2.91,2.38
AFC-SWMQ2026_GD17_G7,wm-qualifikation-asien,WMQ2026,2025-06-05,Qatar,Iran,,,,,,,,,,,,,,,,,2.8,3.25,2.7,2.71,3.15,2.54
CONCACAF-SWMQ2026_GD4_G6,wm-qualifikation-nordamerika-mittelamerika,WMQ2026,2025-06-05,Saint Vincent and the Grenadines,Anguilla,,,,,,,,,,,,,,,,,1.11,10.5,26.0,1.09,8.69,18.88
AFC-SWMQ2026_GD17_G4,wm-qualifikation-asien,WMQ2026,2025-06-05,United Arab Emirates,Uzbekistan,,,,,,,,,,,,,,,,,2.9,3.1,2.75,2.73,3.0,2.62
CONCACAF-SWMQ2026_GD4_G2,wm-qualifikation-nordamerika-mittelamerika,WMQ2026,2025-06-04,Barbados,Aruba,,,,,,,,,,,,,,,,,2.05,3.7,3.5,1.95,3.56,3.27
CONCACAF-SWMQ2026_GD4_G1,wm-qualifikation-nordamerika-mittelamerika,WMQ2026,2025-06-04,Dominica,British Virgin Islands,,,,,,,,,,,,,,,,,1.4,5.5,10.0,1.3,4.87,8.22
CONCACAF-SWMQ2026_GD4_G3,wm-qualifikation-nordamerika-mittelamerika,WMQ2026,2025-06-04,Montserrat,Belize,,,,,,,,,,,,,,,,,2.3,3.25,3.25,2.22,3.12,3.04
CONMEBOL-SWMQ2026_GD14_G2,wm-qualifikation-suedamerika,WMQ2026,2025-03-26,Argentina,Brazil,,,,,,,,,,,,,,,,,2.4,3.0,3.7,2.31,2.86,3.55
CONMEBOL-SWMQ2026_GD14_G5,wm-qualifikation-suedamerika,WMQ2026,2025-03-26,Chile,Ecuador,,,,,,,,,,,,,,,,,3.0,2.9,2.83,2.89,2.85,2.71
CONMEBOL-SWMQ2026_GD14_G3,wm-qualifikation-suedamerika,WMQ2026,2025-03-26,Colombia,Paraguay,,,,,,,,,,,,,,,,,1.48,4.2,9.5,1.43,4.07,8.39
CONMEBOL-SWMQ2026_GD14_G4,wm-qualifikation-suedamerika,WMQ2026,2025-03-26,Venezuela,Peru,,,,,,,,,,,,,,,,,2.06,3.2,4.6,2.0,3.03,4.23
CAF-SWMQ2026_GD4_G39,wm-qualifikation-afrika,WMQ2026,2025-03-25,Algeria,Mozambique,,,,,,,,,,,,,,,,,1.29,5.5,14.0,1.24,5.13,12.03
CAF-SWMQ2026_GD4_G47,wm-qualifikation-afrika,WMQ2026,2025-03-25,Angola,Cape Verde,,,,,,,,,,,,,,,,,2.05,2.9,4.75,1.98,2.83,4.37
CAF-SWMQ2026_GD4_G50,wm-qualifikation-afrika,WMQ2026,2025-03-25,Benin,South Africa,,,,,,,,,,,,,,,,,4.75,3.1,2.14,4.22,2.92,1.99
CONMEBOL-SWMQ2026_GD14_G1,wm-qualifikation-suedamerika,WMQ2026,2025-03-25,Bolivia,Uruguay,,,,,,,,,,,,,,,,,2.75,3.1,2.88,2.69,3.01,2.76
CAF-SWMQ2026_GD4_G41,wm-qualifikation-afrika,WMQ2026,2025-03-25,Botswana,Somalia,,,,,,,,,,,,,,,,,1.3,5.0,12.0,1.28,4.72,10.59
CAF-SWMQ2026_GD4_G42,wm-qualifikation-afrika,WMQ2026,2025-03-25,Burundi,Seychelles,,,,,,,,,,,,,,,,,1.11,9.25,34.0,1.09,8.3,21.88
CAF-SWMQ2026_GD4_G43,wm-qualifikation-afrika,WMQ2026,2025-03-25,Cameroon,Libya,,,,,,,,,,,,,,,,,1.38,4.33,11.0,1.35,4.19,9.52
AFC-SWMQ2026_GD16_G7,wm-qualifikation-asien,WMQ2026,2025-03-25,China,Australia,,,,,,,,,,,,,,,,,6.25,3.9,1.65,5.67,3.78,1.57
CAF-SWMQ2026_GD4_G38,wm-qualifikation-afrika,WMQ2026,2025-03-25,Comoros,Chad,,,,,,,,,,,,,,,,,1.18,7.0,19.0,1.16,6.32,16.25
CAF-SWMQ2026_GD4_G45,wm-qualifikation-afrika,WMQ2026,2025-03-25,Egypt,Sierra Leone,,,,,,,,,,,,,,,,,1.18,7.0,21.0,1.15,6.43,17.25
UEFA-SWMQ2026_GD2_G7,wm-qualifikation-europa,WMQ2026,2025-03-25,Gibraltar,Czech Republic,,,,,,,,,,,,,,,,,81.0,23.0,1.04,53.07,17.67,1.02
AFC-SWMQ2026_GD16_G9,wm-qualifikation-asien,WMQ2026,2025-03-25,Indonesia,Bahrain,,,,,,,,,,,,,,,,,2.0,3.65,3.9,1.94,3.39,3.72
AFC-SWMQ2026_GD16_G4,wm-qualifikation-asien,WMQ2026,2025-03-25,Iran,Uzbekistan,,,,,,,,,,,,,,,,,1.95,3.13,5.33,1.88,2.96,4.57
UEFA-SWMQ2026_GD2_G10,wm-qualifikation-europa,WMQ2026,2025-03-25,Israel,Norway,,,,,,,,,,,,,,,,,6.1,4.5,1.55,5.75,4.3,1.52
AFC-SWMQ2026_GD16_G8,wm-qualifikation-asien,WMQ2026,2025-03-25,Japan,Saudi Arabia,,,,,,,,,,,,,,,,,1.49,4.2,7.5,1.45,4.05,7.0
AFC-SWMQ2026_GD16_G2,wm-qualifikation-asien,WMQ2026,2025-03-25,Kuwait,Oman,,,,,,,,,,,,,,,,,3.8,3.0,2.25,3.64,2.86,2.16
AFC-SWMQ2026_GD16_G6,wm-qualifikation-asien,WMQ2026,2025-03-25,Kyrgyzstan,Qatar,,,,,,,,,,,,,,,,,6.3,4.1,1.65,5.44,3.78,1.56
UEFA-SWMQ2026_GD2_G9,wm-qualifikation-europa,WMQ2026,2025-03-25,Liechtenstein,Kazakhstan,,,,,,,,,,,,,,,,,11.0,4.4,1.4,10.03,4.17,1.38
CAF-SWMQ2026_GD4_G40,wm-qualifikation-afrika,WMQ2026,2025-03-25,Mauritania,D.R. Congo,,,,,,,,,,,,,,,,,4.75,3.0,2.55,3.74,2.78,2.21
UEFA-SWMQ2026_GD2_G11,wm-qualifikation-europa,WMQ2026,2025-03-25,Moldova,Estonia,,,,,,,,,,,,,,,,,2.0,3.2,4.55,1.95,3.1,4.39
UEFA-SWMQ2026_GD2_G8,wm-qualifikation-europa,WMQ2026,2025-03-25,Montenegro,Faroe Islands,,,,,,,,,,,,,,,,,1.5,4.2,8.0,1.47,4.03,7.52
CAF-SWMQ2026_GD4_G37,wm-qualifikation-afrika,WMQ2026,2025-03-25,Morocco,Tanzania,,,,,,,,,,,,,,,,,1.14,8.25,23.0,1.12,7.36,19.0
CAF-SWMQ2026_GD4_G49,wm-qualifikation-afrika,WMQ2026,2025-03-25,Nigeria,Zimbabwe,,,,,,,,,,,,,,,,,1.22,6.0,16.0,1.2,5.48,14.34
AFC-SWMQ2026_GD16_G3,wm-qualifikation-asien,WMQ2026,2025-03-25,North Korea,United Arab Emirates,,,,,,,,,,,,,,,,,4.75,3.6,1.85,4.46,3.34,1.77
UEFA-SWMQ2026_GD2_G12,wm-qualifikation-europa,WMQ2026,2025-03-25,North Macedonia,Wales,,,,,,,,,,,,,,,,,3.25,3.2,2.45,3.16,3.09,2.36
AFC-SWMQ2026_GD16_G1,wm-qualifikation-asien,WMQ2026,2025-03-25,Palestine,Iraq,,,,,,,,,,,,,,,,,4.5,3.1,2.15,4.02,2.91,2.01
CAF-SWMQ2026_GD4_G48,wm-qualifikation-afrika,WMQ2026,2025-03-25,Rwanda,Lesotho,,,,,,,,,,,,,,,,,1.53,3.66,9.0,1.5,3.37,8.27
CAF-SWMQ2026_GD4_G44,wm-qualifikation-afrika,WMQ2026,2025-03-25,Senegal,Togo,,,,,,,,,,,,,,,,,1.26,5.25,17.0,1.23,5.02,13.16
AFC-SWMQ2026_GD16_G5,wm-qualifikation-asien,WMQ2026,2025-03-25,South Korea,Jordan,,,,,,,,,,,,,,,,,1.5,4.1,7.0,1.48,3.97,6.66
CAF-SWMQ2026_GD4_G51,wm-qualifikation-afrika,WMQ2026,2025-03-25,Sudan,South Sudan,,,,,,,,,,,,,,,,,1.33,4.9,13.0,1.3,4.49,10.83
CAF-SWMQ2026_GD4_G46,wm-qualifikation-afrika,WMQ2026,2025-03-25,Uganda,Guinea,,,,,,,,,,,,,,,,,3.6,2.88,2.4,3.4,2.77,2.29
UEFA-SWMQ2026_GD2_G6,wm-qualifikation-europa,WMQ2026,2025-03-24,Albania,Andorra,,,,,,,,,,,,,,,,,1.2,6.5,26.0,1.18,5.93,21.31
UEFA-SWMQ2026_GD2_G3,wm-qualifikation-europa,WMQ2026,2025-03-24,Bosnia & Herzegovina,Cyprus,,,,,,,,,,,,,,,,,1.49,4.5,7.8,1.45,4.26,7.19
CAF-SWMQ2026_GD4_G32,wm-qualifikation-afrika,WMQ2026,2025-03-24,Central Africa,Mali,,,,,,,,,,,,,,,,,11.0,5.0,1.37,9.22,4.52,1.32
UEFA-SWMQ2026_GD2_G5,wm-qualifikation-europa,WMQ2026,2025-03-24,England,Latvia,,,,,,,,,,,,,,,,,1.04,30.0,101.0,1.02,19.03,55.6
CAF-SWMQ2026_GD4_G35,wm-qualifikation-afrika,WMQ2026,2025-03-24,Ethiopia,Djibouti,,,,,,,,,,,,,,,,,1.46,4.2,9.5,1.38,4.05,8.23
CAF-SWMQ2026_GD4_G30,wm-qualifikation-afrika,WMQ2026,2025-03-24,Guinea Bissau,Burkina Faso,,,,,,,,,,,,,,,,,4.0,3.14,2.25,3.72,2.86,2.14
CAF-SWMQ2026_GD4_G33,wm-qualifikation-afrika,WMQ2026,2025-03-24,Ivory Coast,Gambia,,,,,,,,,,,,,,,,,1.33,5.0,15.0,1.29,4.54,11.56
CAF-SWMQ2026_GD4_G31,wm-qualifikation-afrika,WMQ2026,2025-03-24,Liberia,Sao Tome and Principe,,,,,,,,,,,,,,,,,1.29,5.33,13.0,1.26,4.86,11.73
UEFA-SWMQ2026_GD2_G1,wm-qualifikation-europa,WMQ2026,2025-03-24,Lithuania,Finland,,,,,,,,,,,,,,,,,3.75,3.1,2.3,3.54,2.96,2.23
CAF-SWMQ2026_GD4_G34,wm-qualifikation-afrika,WMQ2026,2025-03-24,Madagascar,Ghana,,,,,,,,,,,,,,,,,4.5,3.3,1.95,4.16,3.15,1.88
CAF-SWMQ2026_GD4_G29,wm-qualifikation-afrika,WMQ2026,2025-03-24,Namibia,Equatorial Guinea,,,,,,,,,,,,,,,,,3.25,3.15,2.65,2.99,2.92,2.43
OFC-SWMQ2026_GD7_G1,wm-qualifikation-ozeanien,WMQ2026,2025-03-24,New Caledonia,New Zealand,,,,,,,,,,,,,,,,,41.0,23.0,1.02,34.82,17.36,1.01
UEFA-SWMQ2026_GD2_G2,wm-qualifikation-europa,WMQ2026,2025-03-24,Poland,Malta,,,,,,,,,,,,,,,,,1.24,7.0,17.0,1.2,6.32,13.75
UEFA-SWMQ2026_GD2_G4,wm-qualifikation-europa,WMQ2026,2025-03-24,San Marino,Romania,,,,,,,,,,,,,,,,,67.0,18.5,1.05,43.94,14.28,1.04
CAF-SWMQ2026_GD4_G36,wm-qualifikation-afrika,WMQ2026,2025-03-24,Tunisia,Malawi,,,,,,,,,,,,,,,,,1.3,4.8,14.0,1.28,4.55,11.63
CAF-SWMQ2026_GD4_G27,wm-qualifikation-afrika,WMQ2026,2025-03-23,Eswatini,Mauritius,,,,,,,,,,,,,,,,,2.0,3.2,4.5,1.85,3.1,4.3
CAF-SWMQ2026_GD4_G26,wm-qualifikation-afrika,WMQ2026,2025-03-23,Kenya,Gabon,,,,,,,,,,,,,,,,,2.8,2.9,3.1,2.65,2.76,2.87
UEFA-SWMQ2026_GD1_G7,wm-qualifikation-europa,WMQ2026,2025-03-22,Czech Republic,Faroe Islands,,,,,,,,,,,,,,,,,1.14,9.75,26.0,1.12,8.25,20.09
UEFA-SWMQ2026_GD1_G9,wm-qualifikation-europa,WMQ2026,2025-03-22,Israel,Estonia,,,,,,,,,,,,,,,,,1.4,5.33,11.0,1.32,4.97,9.22
UEFA-SWMQ2026_GD1_G11,wm-qualifikation-europa,WMQ2026,2025-03-22,Liechtenstein,North Macedonia,,,,,,,,,,,,,,,,,21.0,7.8,1.18,15.5,6.89,1.15
UEFA-SWMQ2026_GD1_G10,wm-qualifikation-europa,WMQ2026,2025-03-22,Moldova,Norway,,,,,,,,,,,,,,,,,13.0,5.5,1.33,10.25,5.18,1.29
UEFA-SWMQ2026_GD1_G12,wm-qualifikation-europa,WMQ2026,2025-03-22,Montenegro,Gibraltar,,,,,,,,,,,,,,,,,1.09,13.0,36.0,1.08,10.53,24.44
CAF-SWMQ2026_GD4_G24,wm-qualifikation-afrika,WMQ2026,2025-03-22,Sudan,Senegal,,,,,,,,,,,,,,,,,13.0,4.33,1.38,11.03,3.98,1.34
CAF-SWMQ2026_GD4_G25,wm-qualifikation-afrika,WMQ2026,2025-03-22,Togo,Mauritania,,,,,,,,,,,,,,,,,1.83,3.33,5.75,1.73,3.17,5.1
UEFA-SWMQ2026_GD1_G8,wm-qualifikation-europa,WMQ2026,2025-03-22,Wales,Kazakhstan,,,,,,,,,,,,,,,,,1.31,5.8,15.0,1.27,5.44,11.05
UEFA-SWMQ2026_GD1_G6,wm-qualifikation-europa,WMQ2026,2025-03-21,Andorra,Latvia,,,,,,,,,,,,,,,,,4.75,3.05,2.1,4.51,2.87,1.99
CAF-SWMQ2026_GD4_G22,wm-qualifikation-afrika,WMQ2026,2025-03-21,Botswana,Algeria,,,,,,,,,,,,,,,,,7.5,3.8,1.53,6.83,3.64,1.51
CONMEBOL-SWMQ2026_GD13_G2,wm-qualifikation-suedamerika,WMQ2026,2025-03-21,Brazil,Colombia,,,,,,,,,,,,,,,,,1.65,3.75,6.4,1.62,3.64,5.75
CAF-SWMQ2026_GD4_G20,wm-qualifikation-afrika,WMQ2026,2025-03-21,Burkina Faso,Djibouti,,,,,,,,,,,,,,,,,1.09,11.5,31.0,1.07,9.69,22.88
CAF-SWMQ2026_GD4_G17,wm-qualifikation-afrika,WMQ2026,2025-03-21,Burundi,Ivory Coast,,,,,,,,,,,,,,,,,13.0,5.0,1.3,11.44,4.75,1.27
UEFA-SWMQ2026_GD1_G1,wm-qualifikation-europa,WMQ2026,2025-03-21,Cyprus,San Marino,,,,,,,,,,,,,,,,,1.18,7.0,21.0,1.16,6.64,17.72
CAF-SWMQ2026_GD4_G19,wm-qualifikation-afrika,WMQ2026,2025-03-21,D.R. Congo,South Sudan,,,,,,,,,,,,,,,,,1.14,8.5,29.0,1.11,7.31,21.56
CONMEBOL-SWMQ2026_GD13_G4,wm-qualifikation-suedamerika,WMQ2026,2025-03-21,Ecuador,Venezuela,,,,,,,,,,,,,,,,,1.36,5.33,14.0,1.3,4.75,11.72
UEFA-SWMQ2026_GD1_G5,wm-qualifikation-europa,WMQ2026,2025-03-21,England,Albania,,,,,,,,,,,,,,,,,1.14,8.5,30.0,1.12,7.94,22.19
CAF-SWMQ2026_GD4_G21,wm-qualifikation-afrika,WMQ2026,2025-03-21,Equatorial Guinea,Sao Tome and Principe,,,,,,,,,,,,,,,,,1.15,7.0,29.0,1.14,6.31,20.07
CAF-SWMQ2026_GD4_G15,wm-qualifikation-afrika,WMQ2026,2025-03-21,Ethiopia,Egypt,,,,,,,,,,,,,,,,,15.0,5.5,1.29,11.09,5.08,1.25
CAF-SWMQ2026_GD4_G16,wm-qualifikation-afrika,WMQ2026,2025-03-21,Ghana,Chad,,,,,,,,,,,,,,,,,1.05,17.0,34.0,1.03,12.92,27.67
CAF-SWMQ2026_GD4_G14,wm-qualifikation-afrika,WMQ2026,2025-03-21,Guinea,Somalia,,,,,,,,,,,,,,,,,1.1,12.0,29.0,1.07,9.59,22.0
UEFA-SWMQ2026_GD1_G3,wm-qualifikation-europa,WMQ2026,2025-03-21,Malta,Finland,,,,,,,,,,,,,,,,,5.0,3.25,2.0,4.54,3.09,1.9
OFC-SWMQ2026_GD6_G2,wm-qualifikation-ozeanien,WMQ2026,2025-03-21,New Caledonia,Tahiti,,,,,,,,,,,,,,,,,1.67,3.8,5.0,1.61,3.54,4.85
OFC-SWMQ2026_GD6_G1,wm-qualifikation-ozeanien,WMQ2026,2025-03-21,New Zealand,Fiji,,,,,,,,,,,,,,,,,1.04,17.0,41.0,1.02,12.93,28.29
CAF-SWMQ2026_GD4_G13,wm-qualifikation-afrika,WMQ2026,2025-03-21,Niger,Morocco,,,,,,,,,,,,,,,,,26.0,9.5,1.11,21.44,8.41,1.09
CONMEBOL-SWMQ2026_GD13_G3,wm-qualifikation-suedamerika,WMQ2026,2025-03-21,Peru,Bolivia,,,,,,,,,,,,,,,,,1.52,4.1,8.5,1.47,3.92,7.7
UEFA-SWMQ2026_GD1_G2,wm-qualifikation-europa,WMQ2026,2025-03-21,Poland,Lithuania,,,,,,,,,,,,,,,,,1.26,6.0,13.0,1.24,5.73,11.67
UEFA-SWMQ2026_GD1_G4,wm-qualifikation-europa,WMQ2026,2025-03-21,Romania,Bosnia & Herzegovina,,,,,,,,,,,,,,,,,1.93,3.55,4.7,1.86,3.42,4.16
CAF-SWMQ2026_GD4_G18,wm-qualifikation-afrika,WMQ2026,2025-03-21,Rwanda,Nigeria,,,,,,,,,,,,,,,,,6.5,3.4,1.7,6.04,3.13,1.65
CONMEBOL-SWMQ2026_GD13_G5,wm-qualifikation-suedamerika,WMQ2026,2025-03-21,Uruguay,Argentina,,,,,,,,,,,,,,,,,2.8,3.0,3.2,2.63,2.83,3.02
AFC-SWMQ2026_GD15_G9,wm-qualifikation-asien,WMQ2026,2025-03-20,Australia,Indonesia,,,,,,,,,,,,,,,,,1.55,4.2,6.5,1.53,3.86,5.73
CAF-SWMQ2026_GD4_G9,wm-qualifikation-afrika,WMQ2026,2025-03-20,Cape Verde,Mauritius,,,,,,,,,,,,,,,,,1.22,6.1,17.0,1.19,5.66,14.88
CAF-SWMQ2026_GD4_G5,wm-qualifikation-afrika,WMQ2026,2025-03-20,Comoros,Mali,,,,,,,,,,,,,,,,,6.5,3.5,1.67,6.09,3.31,1.61
CAF-SWMQ2026_GD4_G4,wm-qualifikation-afrika,WMQ2026,2025-03-20,Gabon,Seychelles,,,,,,,,,,,,,,,,,1.03,23.0,71.0,1.01,17.87,44.93
CAF-SWMQ2026_GD4_G6,wm-qualifikation-afrika,WMQ2026,2025-03-20,Gambia,Kenya,,,,,,,,,,,,,,,,,2.45,3.1,3.5,2.35,2.93,3.12
AFC-SWMQ2026_GD15_G6,wm-qualifikation-asien,WMQ2026,2025-03-20,Iran,United Arab Emirates,,,,,,,,,,,,,,,,,1.45,4.33,8.5,1.4,4.13,7.6
AFC-SWMQ2026_GD15_G3,wm-qualifikation-asien,WMQ2026,2025-03-20,Iraq,Kuwait,,,,,,,,,,,,,,,,,1.33,5.0,12.0,1.3,4.63,9.55
AFC-SWMQ2026_GD15_G8,wm-qualifikation-asien,WMQ2026,2025-03-20,Japan,Bahrain,,,,,,,,,,,,,,,,,1.14,10.0,23.0,1.1,8.4,18.83
AFC-SWMQ2026_GD15_G2,wm-qualifikation-asien,WMQ2026,2025-03-20,Jordan,Palestine,,,,,,,,,,,,,,,,,1.62,3.6,6.5,1.59,3.49,5.8
CAF-SWMQ2026_GD4_G7,wm-qualifikation-afrika,WMQ2026,2025-03-20,Libya,Angola,,,,,,,,,,,,,,,,,3.2,2.75,2.7,3.04,2.69,2.59
CAF-SWMQ2026_GD4_G12,wm-qualifikation-afrika,WMQ2026,2025-03-20,Malawi,Namibia,,,,,,,,,,,,,,,,,2.4,2.88,3.9,2.29,2.75,3.51
CAF-SWMQ2026_GD4_G11,wm-qualifikation-afrika,WMQ2026,2025-03-20,Mozambique,Uganda,,,,,,,,,,,,,,,,,3.0,2.95,2.8,2.84,2.84,2.62
CONMEBOL-SWMQ2026_GD13_G1,wm-qualifikation-suedamerika,WMQ2026,2025-03-20,Paraguay,Chile,,,,,,,,,,,,,,,,,1.95,3.3,5.5,1.87,3.14,4.79
AFC-SWMQ2026_GD15_G4,wm-qualifikation-asien,WMQ2026,2025-03-20,Qatar,North Korea,,,,,,,,,,,,,,,,,1.6,4.1,5.75,1.55,3.86,5.44
AFC-SWMQ2026_GD15_G1,wm-qualifikation-asien,WMQ2026,2025-03-20,Saudi Arabia,China,,,,,,,,,,,,,,,,,1.44,4.75,8.5,1.39,4.36,7.45
CAF-SWMQ2026_GD4_G8,wm-qualifikation-afrika,WMQ2026,2025-03-20,Sierra Leone,Guinea Bissau,,,,,,,,,,,,,,,,,3.9,3.0,2.38,3.46,2.85,2.23
AFC-SWMQ2026_GD15_G7,wm-qualifikation-asien,WMQ2026,2025-03-20,South Korea,Oman,,,,,,,,,,,,,,,,,1.22,6.5,15.0,1.18,6.17,13.43
AFC-SWMQ2026_GD15_G5,wm-qualifikation-asien,WMQ2026,2025-03-20,Uzbekistan,Kyrgyzstan,,,,,,,,,,,,,,,,,1.27,6.75,15.0,1.21,5.82,11.91
CAF-SWMQ2026_GD4_G10,wm-qualifikation-afrika,WMQ2026,2025-03-20,Zimbabwe,Benin,,,,,,,,,,,,,,,,,3.2,3.0,2.5,3.07,2.87,2.42
CAF-SWMQ2026_GD4_G3,wm-qualifikation-afrika,WMQ2026,2025-03-19,Central Africa,Madagascar,,,,,,,,,,,,,,,,,2.83,3.2,3.2,2.69,3.01,2.59
CAF-SWMQ2026_GD4_G1,wm-qualifikation-afrika,WMQ2026,2025-03-19,Eswatini,Cameroon,,,,,,,,,,,,,,,,,17.0,4.8,1.33,12.41,4.28,1.3
CAF-SWMQ2026_GD4_G2,wm-qualifikation-afrika,WMQ2026,2025-03-19,Liberia,Tunisia,,,,,,,,,,,,,,,,,5.75,3.2,1.85,4.9,3.01,1.81
CONMEBOL-SWMQ2026_GD12_G3,wm-qualifikation-suedamerika,WMQ2026,2024-11-20,Argentina,Peru,,,,,,,,,,,,,,,,,1.17,7.5,21.0,1.15,6.89,19.12
CONMEBOL-SWMQ2026_GD12_G2,wm-qualifikation-suedamerika,WMQ2026,2024-11-20,Brazil,Uruguay,,,,,,,,,,,,,,,,,1.62,3.85,6.5,1.6,3.64,6.05
CONMEBOL-SWMQ2026_GD12_G5,wm-qualifikation-suedamerika,WMQ2026,2024-11-20,Chile,Venezuela,,,,,,,,,,,,,,,,,2.23,3.0,4.0,2.13,2.94,3.86
AFC-SWMQ2026_GD14_G1,wm-qualifikation-asien,WMQ2026,2024-11-19,Bahrain,Australia,,,,,,,,,,,,,,,,,7.0,3.25,1.75,5.93,3.08,1.68
CONMEBOL-SWMQ2026_GD12_G1,wm-qualifikation-suedamerika,WMQ2026,2024-11-19,Bolivia,Paraguay,,,,,,,,,,,,,,,,,2.15,3.0,4.6,2.07,2.91,4.15
AFC-SWMQ2026_GD14_G6,wm-qualifikation-asien,WMQ2026,2024-11-19,China,Japan,,,,,,,,,,,,,,,,,19.0,8.5,1.16,14.54,7.48,1.13
CONMEBOL-SWMQ2026_GD12_G4,wm-qualifikation-suedamerika,WMQ2026,2024-11-19,Colombia,Ecuador,,,,,,,,,,,,,,,,,1.75,3.5,6.5,1.69,3.35,5.63
AFC-SWMQ2026_GD14_G7,wm-qualifikation-asien,WMQ2026,2024-11-19,Indonesia,Saudi Arabia,,,,,,,,,,,,,,,,,4.6,3.4,1.91,4.18,3.15,1.87
AFC-SWMQ2026_GD14_G2,wm-qualifikation-asien,WMQ2026,2024-11-19,Kuwait,Jordan,,,,,,,,,,,,,,,,,6.25,3.7,1.7,5.52,3.43,1.62
AFC-SWMQ2026_GD14_G9,wm-qualifikation-asien,WMQ2026,2024-11-19,Kyrgyzstan,Iran,,,,,,,,,,,,,,,,,15.0,6.0,1.22,12.35,5.63,1.2
AFC-SWMQ2026_GD14_G8,wm-qualifikation-asien,WMQ2026,2024-11-19,North Korea,Uzbekistan,,,,,,,,,,,,,,,,,5.25,3.6,2.0,4.39,3.34,1.78
AFC-SWMQ2026_GD14_G3,wm-qualifikation-asien,WMQ2026,2024-11-19,Oman,Iraq,,,,,,,,,,,,,,,,,3.2,2.8,3.1,2.72,2.69,2.84
AFC-SWMQ2026_GD14_G4,wm-qualifikation-asien,WMQ2026,2024-11-19,Palestine,South Korea,,,,,,,,,,,,,,,,,12.0,5.5,1.29,10.58,5.22,1.25
AFC-SWMQ2026_GD14_G5,wm-qualifikation-asien,WMQ2026,2024-11-19,United Arab Emirates,Qatar,,,,,,,,,,,,,,,,,2.65,3.3,2.75,2.53,3.16,2.65
OFC-SWMQ2026_GD5_G4,wm-qualifikation-ozeanien,WMQ2026,2024-11-18,Samoa,New Zealand,,,,,,,,,,,,,,,,,101.0,67.0,1.01,68.38,43.25,1.0
OFC-SWMQ2026_GD5_G3,wm-qualifikation-ozeanien,WMQ2026,2024-11-18,Tahiti,Vanuatu,,,,,,,,,,,,,,,,,1.6,4.2,5.75,1.55,4.01,4.69
OFC-SWMQ2026_GD5_G1,wm-qualifikation-ozeanien,WMQ2026,2024-11-17,Fiji,New Caledonia,,,,,,,,,,,,,,,,,2.5,3.1,2.75,2.42,3.04,2.73
OFC-SWMQ2026_GD5_G2,wm-qualifikation-ozeanien,WMQ2026,2024-11-17,Papua New Guinea,Solomon Islands,,,,,,,,,,,,,,,,,2.15,3.6,3.1,2.07,3.51,2.98
CONMEBOL-SWMQ2026_GD11_G5,wm-qualifikation-suedamerika,WMQ2026,2024-11-16,Peru,Chile,,,,,,,,,,,,,,,,,2.33,2.85,4.2,2.21,2.73,4.01
CONMEBOL-SWMQ2026_GD11_G4,wm-qualifikation-suedamerika,WMQ2026,2024-11-16,Uruguay,Colombia,,,,,,,,,,,,,,,,,2.25,3.15,3.6,2.21,3.03,3.5
CONMEBOL-SWMQ2026_GD11_G3,wm-qualifikation-suedamerika,WMQ2026,2024-11-15,Ecuador,Bolivia,,,,,,,,,,,,,,,,,1.2,8.0,17.0,1.17,6.86,16.25
AFC-SWMQ2026_GD13_G9,wm-qualifikation-asien,WMQ2026,2024-11-15,Indonesia,Japan,,,,,,,,,,,,,,,,,13.0,6.25,1.25,11.12,5.74,1.21
OFC-SWMQ2026_GD4_G4,wm-qualifikation-ozeanien,WMQ2026,2024-11-15,New Zealand,Vanuatu,,,,,,,,,,,,,,,,,1.02,25.0,51.0,1.01,18.2,35.6
OFC-SWMQ2026_GD4_G3,wm-qualifikation-ozeanien,WMQ2026,2024-11-15,Samoa,Tahiti,,,,,,,,,,,,,,,,,12.0,6.5,1.18,10.72,6.36,1.17
AFC-SWMQ2026_GD13_G7,wm-qualifikation-asien,WMQ2026,2024-11-14,Australia,Saudi Arabia,,,,,,,,,,,,,,,,,2.0,3.15,4.33,1.93,3.05,4.09
AFC-SWMQ2026_GD13_G8,wm-qualifikation-asien,WMQ2026,2024-11-14,Bahrain,China,,,,,,,,,,,,,,,,,1.65,3.6,6.0,1.61,3.43,5.55
AFC-SWMQ2026_GD13_G1,wm-qualifikation-asien,WMQ2026,2024-11-14,Iraq,Jordan,,,,,,,,,,,,,,,,,2.25,3.1,3.9,2.13,2.88,3.6
AFC-SWMQ2026_GD13_G5,wm-qualifikation-asien,WMQ2026,2024-11-14,Kuwait,South Korea,,,,,,,,,,,,,,,,,15.0,6.5,1.21,12.58,5.92,1.19
AFC-SWMQ2026_GD13_G6,wm-qualifikation-asien,WMQ2026,2024-11-14,North Korea,Iran,,,,,,,,,,,,,,,,,11.0,4.75,1.35,9.48,4.49,1.31
AFC-SWMQ2026_GD13_G4,wm-qualifikation-asien,WMQ2026,2024-11-14,Oman,Palestine,,,,,,,,,,,,,,,,,1.9,3.1,5.0,1.82,2.99,4.74
OFC-SWMQ2026_GD4_G1,wm-qualifikation-ozeanien,WMQ2026,2024-11-14,Papua New Guinea,Fiji,,,,,,,,,,,,,,,,,6.25,4.33,1.5,5.45,4.12,1.47
CONMEBOL-SWMQ2026_GD11_G2,wm-qualifikation-suedamerika,WMQ2026,2024-11-14,Paraguay,Argentina,,,,,,,,,,,,,,,,,5.25,3.3,1.91,4.85,3.13,1.85
AFC-SWMQ2026_GD13_G2,wm-qualifikation-asien,WMQ2026,2024-11-14,Qatar,Uzbekistan,,,,,,,,,,,,,,,,,3.0,3.1,2.6,2.84,2.98,2.47
OFC-SWMQ2026_GD4_G2,wm-qualifikation-ozeanien,WMQ2026,2024-11-14,Solomon Islands,New Caledonia,,,,,,,,,,,,,,,,,4.75,3.4,1.77,4.4,3.35,1.7
AFC-SWMQ2026_GD13_G3,wm-qualifikation-asien,WMQ2026,2024-11-14,United Arab Emirates,Kyrgyzstan,,,,,,,,,,,,,,,,,1.53,3.85,7.0,1.51,3.66,6.38
CONMEBOL-SWMQ2026_GD11_G1,wm-qualifikation-suedamerika,WMQ2026,2024-11-14,Venezuela,Brazil,,,,,,,,,,,,,,,,,7.5,3.95,1.56,6.68,3.8,1.53
CONMEBOL-SWMQ2026_GD10_G4,wm-qualifikation-suedamerika,WMQ2026,2024-10-16,Argentina,Bolivia,,,,,,,,,,,,,,,,,1.06,15.0,41.0,1.05,12.19,29.46
CONMEBOL-SWMQ2026_GD10_G5,wm-qualifikation-suedamerika,WMQ2026,2024-10-16,Brazil,Peru,,,,,,,,,,,,,,,,,1.22,6.5,19.0,1.19,6.2,16.46
CONMEBOL-SWMQ2026_GD10_G2,wm-qualifikation-suedamerika,WMQ2026,2024-10-16,Paraguay,Venezuela,,,,,,,,,,,,,,,,,1.81,3.4,5.5,1.79,3.23,5.02
CONMEBOL-SWMQ2026_GD10_G3,wm-qualifikation-suedamerika,WMQ2026,2024-10-16,Uruguay,Ecuador,,,,,,,,,,,,,,,,,1.85,3.3,5.9,1.74,3.2,5.51
AFC-SWMQ2026_GD12_G6,wm-qualifikation-asien,WMQ2026,2024-10-15,China,Indonesia,,,,,,,,,,,,,,,,,2.5,3.25,2.95,2.38,3.16,2.83
CONMEBOL-SWMQ2026_GD10_G1,wm-qualifikation-suedamerika,WMQ2026,2024-10-15,Colombia,Chile,,,,,,,,,,,,,,,,,1.36,4.9,11.0,1.33,4.63,10.06
AFC-SWMQ2026_GD12_G3,wm-qualifikation-asien,WMQ2026,2024-10-15,Iran,Qatar,,,,,,,,,,,,,,,,,1.8,3.75,5.4,1.67,3.56,4.74
AFC-SWMQ2026_GD12_G8,wm-qualifikation-asien,WMQ2026,2024-10-15,Japan,Australia,,,,,,,,,,,,,,,,,1.37,5.0,9.0,1.33,4.6,7.94
AFC-SWMQ2026_GD12_G2,wm-qualifikation-asien,WMQ2026,2024-10-15,Jordan,Oman,,,,,,,,,,,,,,,,,2.0,3.1,4.8,1.91,2.96,4.33
AFC-SWMQ2026_GD12_G4,wm-qualifikation-asien,WMQ2026,2024-10-15,Kyrgyzstan,North Korea,,,,,,,,,,,,,,,,,4.0,3.1,2.38,3.6,2.99,2.1
AFC-SWMQ2026_GD12_G1,wm-qualifikation-asien,WMQ2026,2024-10-15,Palestine,Kuwait,,,,,,,,,,,,,,,,,1.86,3.3,5.0,1.8,3.17,4.49
AFC-SWMQ2026_GD12_G5,wm-qualifikation-asien,WMQ2026,2024-10-15,Saudi Arabia,Bahrain,,,,,,,,,,,,,,,,,1.5,4.2,8.0,1.45,3.95,6.94
AFC-SWMQ2026_GD12_G7,wm-qualifikation-asien,WMQ2026,2024-10-15,South Korea,Iraq,,,,,,,,,,,,,,,,,1.52,3.8,8.5,1.46,3.66,7.33
AFC-SWMQ2026_GD12_G9,wm-qualifikation-asien,WMQ2026,2024-10-15,Uzbekistan,United Arab Emirates,,,,,,,,,,,,,,,,,1.53,4.1,7.0,1.48,3.91,6.25
CONMEBOL-SWMQ2026_GD9_G5,wm-qualifikation-suedamerika,WMQ2026,2024-10-12,Peru,Uruguay,,,,,,,,,,,,,,,,,5.0,3.25,1.95,4.66,3.08,1.9
CONMEBOL-SWMQ2026_GD9_G4,wm-qualifikation-suedamerika,WMQ2026,2024-10-11,Chile,Brazil,,,,,,,,,,,,,,,,,6.5,3.8,1.6,6.35,3.68,1.57
OFC-SWMQ2026_GD3_G3,wm-qualifikation-ozeanien,WMQ2026,2024-10-11,New Zealand,Tahiti,,,,,,,,,,,,,,,,,1.03,21.0,67.0,1.02,16.2,46.7
AFC-SWMQ2026_GD11_G8,wm-qualifikation-asien,WMQ2026,2024-10-10,Australia,China,,,,,,,,,,,,,,,,,1.2,7.5,17.0,1.15,6.63,14.32
AFC-SWMQ2026_GD11_G3,wm-qualifikation-asien,WMQ2026,2024-10-10,Bahrain,Indonesia,,,,,,,,,,,,,,,,,2.3,3.2,3.7,2.19,3.08,3.23
CONMEBOL-SWMQ2026_GD9_G3,wm-qualifikation-suedamerika,WMQ2026,2024-10-10,Bolivia,Colombia,,,,,,,,,,,,,,,,,3.4,3.2,2.4,3.23,3.06,2.33
CONMEBOL-SWMQ2026_GD9_G2,wm-qualifikation-suedamerika,WMQ2026,2024-10-10,Ecuador,Paraguay,,,,,,,,,,,,,,,,,1.56,3.65,9.0,1.52,3.57,7.79
AFC-SWMQ2026_GD11_G2,wm-qualifikation-asien,WMQ2026,2024-10-10,Iraq,Palestine,,,,,,,,,,,,,,,,,1.48,4.2,8.0,1.44,3.97,6.93
AFC-SWMQ2026_GD11_G6,wm-qualifikation-asien,WMQ2026,2024-10-10,Jordan,South Korea,,,,,,,,,,,,,,,,,4.6,3.5,1.85,4.31,3.31,1.79
OFC-SWMQ2026_GD3_G1,wm-qualifikation-ozeanien,WMQ2026,2024-10-10,New Caledonia,Papua New Guinea,,,,,,,,,,,,,,,,,1.75,3.72,4.55,1.68,3.46,4.39
AFC-SWMQ2026_GD11_G1,wm-qualifikation-asien,WMQ2026,2024-10-10,Oman,Kuwait,,,,,,,,,,,,,,,,,1.53,4.1,7.0,1.5,3.74,6.42
AFC-SWMQ2026_GD11_G4,wm-qualifikation-asien,WMQ2026,2024-10-10,Qatar,Kyrgyzstan,,,,,,,,,,,,,,,,,1.29,6.0,11.5,1.25,5.31,10.04
AFC-SWMQ2026_GD11_G5,wm-qualifikation-asien,WMQ2026,2024-10-10,Saudi Arabia,Japan,,,,,,,,,,,,,,,,,5.75,4.0,1.63,5.31,3.77,1.57
OFC-SWMQ2026_GD3_G2,wm-qualifikation-ozeanien,WMQ2026,2024-10-10,Solomon Islands,Fiji,,,,,,,,,,,,,,,,,4.75,3.4,1.83,4.41,3.23,1.74
AFC-SWMQ2026_GD11_G9,wm-qualifikation-asien,WMQ2026,2024-10-10,United Arab Emirates,North Korea,,,,,,,,,,,,,,,,,1.57,4.33,7.0,1.51,3.78,6.08
AFC-SWMQ2026_GD11_G7,wm-qualifikation-asien,WMQ2026,2024-10-10,Uzbekistan,Iran,,,,,,,,,,,,,,,,,3.1,2.85,2.7,3.78,2.94,2.06
CONMEBOL-SWMQ2026_GD9_G1,wm-qualifikation-suedamerika,WMQ2026,2024-10-10,Venezuela,Argentina,,,,,,,,,,,,,,,,,6.5,3.75,1.61,6.11,3.66,1.59
CONMEBOL-SWMQ2026_GD8_G4,wm-qualifikation-suedamerika,WMQ2026,2024-09-11,Paraguay,Brazil,,,,,,,,,,,,,,,,,8.0,4.0,1.5,7.42,3.93,1.48
AFC-SWMQ2026_GD10_G2,wm-qualifikation-asien,WMQ2026,2024-09-10,Bahrain,Japan,,,,,,,,,,,,,,,,,11.0,5.5,1.3,10.0,5.16,1.26
CONMEBOL-SWMQ2026_GD8_G2,wm-qualifikation-suedamerika,WMQ2026,2024-09-10,Chile,Bolivia,,,,,,,,,,,,,,,,,1.25,6.6,14.5,1.21,6.1,12.93
AFC-SWMQ2026_GD10_G6,wm-qualifikation-asien,WMQ2026,2024-09-10,China,Saudi Arabia,,,,,,,,,,,,,,,,,7.0,4.0,1.57,6.5,3.8,1.48
CONMEBOL-SWMQ2026_GD8_G1,wm-qualifikation-suedamerika,WMQ2026,2024-09-10,Colombia,Argentina,,,,,,,,,,,,,,,,,2.9,2.95,2.95,2.82,2.83,2.79
CONMEBOL-SWMQ2026_GD8_G3,wm-qualifikation-suedamerika,WMQ2026,2024-09-10,Ecuador,Peru,,,,,,,,,,,,,,,,,1.42,4.25,11.0,1.39,4.1,9.73
AFC-SWMQ2026_GD10_G7,wm-qualifikation-asien,WMQ2026,2024-09-10,Indonesia,Australia,,,,,,,,,,,,,,,,,5.4,3.75,1.7,4.95,3.53,1.65
AFC-SWMQ2026_GD10_G1,wm-qualifikation-asien,WMQ2026,2024-09-10,Kuwait,Iraq,,,,,,,,,,,,,,,,,4.5,3.55,1.9,4.32,3.29,1.79
AFC-SWMQ2026_GD10_G9,wm-qualifikation-asien,WMQ2026,2024-09-10,Kyrgyzstan,Uzbekistan,,,,,,,,,,,,,,,,,8.0,4.0,1.53,6.83,3.78,1.48
AFC-SWMQ2026_GD10_G8,wm-qualifikation-asien,WMQ2026,2024-09-10,North Korea,Qatar,,,,,,,,,,,,,,,,,6.0,3.6,1.67,5.68,3.45,1.6
AFC-SWMQ2026_GD10_G4,wm-qualifikation-asien,WMQ2026,2024-09-10,Oman,South Korea,,,,,,,,,,,,,,,,,7.5,4.1,1.53,6.44,3.8,1.49
AFC-SWMQ2026_GD10_G5,wm-qualifikation-asien,WMQ2026,2024-09-10,Palestine,Jordan,,,,,,,,,,,,,,,,,3.65,3.1,2.3,3.4,2.91,2.2
AFC-SWMQ2026_GD10_G3,wm-qualifikation-asien,WMQ2026,2024-09-10,United Arab Emirates,Iran,,,,,,,,,,,,,,,,,5.4,3.6,1.7,5.08,3.46,1.65
CONMEBOL-SWMQ2026_GD8_G5,wm-qualifikation-suedamerika,WMQ2026,2024-09-10,Venezuela,Uruguay,,,,,,,,,,,,,,,,,3.35,3.0,2.5,3.26,2.91,2.41
CONMEBOL-SWMQ2026_GD7_G5,wm-qualifikation-suedamerika,WMQ2026,2024-09-07,Brazil,Ecuador,,,,,,,,,,,,,,,,,1.38,4.8,11.0,1.35,4.58,9.47
CONMEBOL-SWMQ2026_GD7_G3,wm-qualifikation-suedamerika,WMQ2026,2024-09-07,Peru,Colombia,,,,,,,,,,,,,,,,,5.75,3.2,1.85,5.34,3.05,1.82
CONMEBOL-SWMQ2026_GD7_G4,wm-qualifikation-suedamerika,WMQ2026,2024-09-07,Uruguay,Paraguay,,,,,,,,,,,,,,,,,1.57,4.0,8.0,1.51,3.83,6.98
CONMEBOL-SWMQ2026_GD7_G2,wm-qualifikation-suedamerika,WMQ2026,2024-09-06,Argentina,Chile,,,,,,,,,,,,,,,,,1.35,5.28,13.0,1.31,4.78,11.0
AFC-SWMQ2026_GD9_G8,wm-qualifikation-asien,WMQ2026,2024-09-05,Australia,Bahrain,,,,,,,,,,,,,,,,,1.22,6.25,17.0,1.19,5.81,13.71
CONMEBOL-SWMQ2026_GD7_G1,wm-qualifikation-suedamerika,WMQ2026,2024-09-05,Bolivia,Venezuela,,,,,,,,,,,,,,,,,2.0,3.45,4.33,1.95,3.23,4.11
OFC-SWMQ2026_GD1_G1,wm-qualifikation-ozeanien,WMQ2026,2024-09-05,Cook Islands,Tonga,,,,,,,,,,,,,,,,,1.4,4.5,6.5,1.38,4.3,6.5
AFC-SWMQ2026_GD9_G4,wm-qualifikation-asien,WMQ2026,2024-09-05,Iran,Kyrgyzstan,,,,,,,,,,,,,,,,,1.06,14.5,31.0,1.05,10.83,24.83
AFC-SWMQ2026_GD9_G5,wm-qualifikation-asien,WMQ2026,2024-09-05,Iraq,Oman,,,,,,,,,,,,,,,,,1.73,3.5,7.0,1.65,3.23,5.55
AFC-SWMQ2026_GD9_G7,wm-qualifikation-asien,WMQ2026,2024-09-05,Japan,China,,,,,,,,,,,,,,,,,1.1,12.0,26.0,1.07,9.31,22.0
AFC-SWMQ2026_GD9_G2,wm-qualifikation-asien,WMQ2026,2024-09-05,Jordan,Kuwait,,,,,,,,,,,,,,,,,1.35,5.0,10.0,1.32,4.49,9.04
AFC-SWMQ2026_GD9_G3,wm-qualifikation-asien,WMQ2026,2024-09-05,Qatar,United Arab Emirates,,,,,,,,,,,,,,,,,1.65,3.75,5.75,1.6,3.53,5.37
AFC-SWMQ2026_GD9_G1,wm-qualifikation-asien,WMQ2026,2024-09-05,Saudi Arabia,Indonesia,,,,,,,,,,,,,,,,,1.36,5.25,10.0,1.29,4.9,9.0
AFC-SWMQ2026_GD9_G6,wm-qualifikation-asien,WMQ2026,2024-09-05,South Korea,Palestine,,,,,,,,,,,,,,,,,1.1,10.5,31.0,1.07,9.08,21.33
AFC-SWMQ2026_GD9_G9,wm-qualifikation-asien,WMQ2026,2024-09-05,Uzbekistan,North Korea,,,,,,,,,,,,,,,,,1.4,4.35,10.0,1.35,4.13,9.06
CONCACAF-SWMQ2026_GD3_G28,wm-qualifikation-nordamerika-mittelamerika,WMQ2026,2024-06-12,Dominican Republic,British Virgin Islands,,,,,,,,,,,,,,,,,1.03,26.0,71.0,1.01,15.46,41.46
CONCACAF-SWMQ2026_GD3_G29,wm-qualifikation-nordamerika-mittelamerika,WMQ2026,2024-06-12,Puerto Rico,Anguilla,,,,,,,,,,,,,,,,,1.01,56.0,126.0,1.01,25.68,53.82
CAF-SWMQ2026_GD2_G43,wm-qualifikation-afrika,WMQ2026,2024-06-11,Angola,Cameroon,,,,,,,,,,,,,,,,,3.0,2.8,3.1,2.71,2.67,2.88
AFC-SWMQ2026_GD8_G14,wm-qualifikation-asien,WMQ2026,2024-06-11,Australia,Palestine,,,,,,,,,,,,,,,,,1.25,6.5,13.0,1.2,5.83,11.88
CAF-SWMQ2026_GD2_G45,wm-qualifikation-afrika,WMQ2026,2024-06-11,Cape Verde,Libya,,,,,,,,,,,,,,,,,1.73,3.55,6.0,1.67,3.34,5.33
CAF-SWMQ2026_GD2_G46,wm-qualifikation-afrika,WMQ2026,2024-06-11,Chad,Comoros,,,,,,,,,,,,,,,,,5.5,3.5,1.73,5.17,3.3,1.69
CAF-SWMQ2026_GD2_G42,wm-qualifikation-afrika,WMQ2026,2024-06-11,Congo,Morocco,,,,,,,,,,,,,,,,,26.0,7.25,1.2,16.46,6.54,1.15
CAF-SWMQ2026_GD2_G41,wm-qualifikation-afrika,WMQ2026,2024-06-11,Gabon,Gambia,,,,,,,,,,,,,,,,,1.95,3.25,5.0,1.84,3.11,4.47
CONCACAF-SWMQ2026_GD3_G30,wm-qualifikation-nordamerika-mittelamerika,WMQ2026,2024-06-11,Guyana,Belize,,,,,,,,,,,,,,,,,1.47,4.75,7.0,1.44,4.29,6.05
AFC-SWMQ2026_GD8_G12,wm-qualifikation-asien,WMQ2026,2024-06-11,Indonesia,Philippines,,,,,,,,,,,,,,,,,1.25,6.5,13.0,1.21,5.81,10.81
AFC-SWMQ2026_GD8_G9,wm-qualifikation-asien,WMQ2026,2024-06-11,Iraq,Vietnam,,,,,,,,,,,,,,,,,1.4,5.5,8.0,1.36,4.65,7.04
AFC-SWMQ2026_GD8_G16,wm-qualifikation-asien,WMQ2026,2024-06-11,Japan,Syria,,,,,,,,,,,,,,,,,1.18,8.0,15.0,1.16,6.88,12.92
CAF-SWMQ2026_GD2_G49,wm-qualifikation-afrika,WMQ2026,2024-06-11,Kenya,Ivory Coast,,,,,,,,,,,,,,,,,8.0,4.2,1.5,7.13,3.93,1.44
AFC-SWMQ2026_GD8_G7,wm-qualifikation-asien,WMQ2026,2024-06-11,Kuwait,Afghanistan,,,,,,,,,,,,,,,,,1.35,5.25,11.0,1.3,4.71,9.02
AFC-SWMQ2026_GD8_G5,wm-qualifikation-asien,WMQ2026,2024-06-11,Lebanon,Bangladesh,,,,,,,,,,,,,,,,,1.33,5.25,16.0,1.27,4.57,12.12
CAF-SWMQ2026_GD2_G47,wm-qualifikation-afrika,WMQ2026,2024-06-11,Lesotho,Rwanda,,,,,,,,,,,,,,,,,3.2,2.75,2.8,3.03,2.68,2.61
CAF-SWMQ2026_GD2_G48,wm-qualifikation-afrika,WMQ2026,2024-06-11,Madagascar,Mali,,,,,,,,,,,,,,,,,5.5,3.25,1.8,5.0,3.13,1.76
AFC-SWMQ2026_GD8_G10,wm-qualifikation-asien,WMQ2026,2024-06-11,Malaysia,Chinese Taipei,,,,,,,,,,,,,,,,,1.13,11.0,23.0,1.08,9.42,17.46
CAF-SWMQ2026_GD2_G50,wm-qualifikation-afrika,WMQ2026,2024-06-11,Mauritius,Eswatini,,,,,,,,,,,,,,,,,3.5,2.88,2.4,3.35,2.75,2.34
AFC-SWMQ2026_GD8_G11,wm-qualifikation-asien,WMQ2026,2024-06-11,North Korea,Myanmar,,,,,,,,,,,,,,,,,1.06,16.0,36.0,1.04,12.27,26.69
AFC-SWMQ2026_GD8_G6,wm-qualifikation-asien,WMQ2026,2024-06-11,Oman,Kyrgyzstan,,,,,,,,,,,,,,,,,1.67,3.6,7.0,1.59,3.41,5.89
AFC-SWMQ2026_GD8_G1,wm-qualifikation-asien,WMQ2026,2024-06-11,Qatar,India,,,,,,,,,,,,,,,,,1.67,4.15,5.5,1.59,3.89,4.97
CONCACAF-SWMQ2026_GD3_G27,wm-qualifikation-nordamerika-mittelamerika,WMQ2026,2024-06-11,Saint Kitts and Nevis,Bahamas,,,,,,,,,,,,,,,,,1.22,6.5,13.0,1.2,5.88,10.77
CONCACAF-SWMQ2026_GD3_G25,wm-qualifikation-nordamerika-mittelamerika,WMQ2026,2024-06-11,Saint Lucia,Aruba,,,,,,,,,,,,,,,,,2.05,3.75,3.5,1.99,3.44,3.28
AFC-SWMQ2026_GD8_G3,wm-qualifikation-asien,WMQ2026,2024-06-11,Saudi Arabia,Jordan,,,,,,,,,,,,,,,,,1.91,3.5,4.6,1.84,3.31,4.08
CAF-SWMQ2026_GD2_G40,wm-qualifikation-afrika,WMQ2026,2024-06-11,Seychelles,Burundi,,,,,,,,,,,,,,,,,41.0,15.0,1.07,24.31,11.69,1.05
CAF-SWMQ2026_GD2_G52,wm-qualifikation-afrika,WMQ2026,2024-06-11,South Africa,Zimbabwe,,,,,,,,,,,,,,,,,1.46,4.2,7.5,1.44,4.0,6.89
AFC-SWMQ2026_GD8_G15,wm-qualifikation-asien,WMQ2026,2024-06-11,South Korea,China,,,,,,,,,,,,,,,,,1.25,6.5,12.0,1.21,5.84,10.54
CAF-SWMQ2026_GD2_G51,wm-qualifikation-afrika,WMQ2026,2024-06-11,South Sudan,Sudan,,,,,,,,,,,,,,,,,3.9,2.9,2.25,3.57,2.78,2.21
AFC-SWMQ2026_GD8_G8,wm-qualifikation-asien,WMQ2026,2024-06-11,Tajikistan,Pakistan,,,,,,,,,,,,,,,,,1.04,21.0,56.0,1.02,14.92,35.69
AFC-SWMQ2026_GD8_G13,wm-qualifikation-asien,WMQ2026,2024-06-11,Thailand,Singapore,,,,,,,,,,,,,,,,,1.14,9.5,21.0,1.1,8.5,15.88
AFC-SWMQ2026_GD8_G17,wm-qualifikation-asien,WMQ2026,2024-06-11,Turkmenistan,Hong Kong,,,,,,,,,,,,,,,,,1.93,3.7,4.15,1.85,3.4,3.78
AFC-SWMQ2026_GD8_G4,wm-qualifikation-asien,WMQ2026,2024-06-11,United Arab Emirates,Bahrain,,,,,,,,,,,,,,,,,2.2,3.25,3.6,2.12,3.09,3.35
AFC-SWMQ2026_GD8_G2,wm-qualifikation-asien,WMQ2026,2024-06-11,Yemen,Nepal,,,,,,,,,,,,,,,,,1.36,4.8,11.0,1.31,4.53,8.67
CAF-SWMQ2026_GD2_G44,wm-qualifikation-afrika,WMQ2026,2024-06-11,Zambia,Tanzania,,,,,,,,,,,,,,,,,1.67,3.55,6.0,1.62,3.39,5.63
CAF-SWMQ2026_GD2_G36,wm-qualifikation-afrika,WMQ2026,2024-06-10,Benin,Nigeria,,,,,,,,,,,,,,,,,7.5,3.75,1.65,6.63,3.56,1.52
CONCACAF-SWMQ2026_GD3_G23,wm-qualifikation-nordamerika-mittelamerika,WMQ2026,2024-06-10,Bermuda,Honduras,,,,,,,,,,,,,,,,,13.0,7.5,1.21,11.57,6.48,1.18
CAF-SWMQ2026_GD2_G33,wm-qualifikation-afrika,WMQ2026,2024-06-10,Burkina Faso,Sierra Leone,,,,,,,,,,,,,,,,,1.57,3.75,7.5,1.51,3.54,6.95
CAF-SWMQ2026_GD2_G38,wm-qualifikation-afrika,WMQ2026,2024-06-10,Equatorial Guinea,Malawi,,,,,,,,,,,,,,,,,1.71,3.5,7.0,1.65,3.27,5.63
CAF-SWMQ2026_GD2_G34,wm-qualifikation-afrika,WMQ2026,2024-06-10,Ghana,Central Africa,,,,,,,,,,,,,,,,,1.3,5.05,13.0,1.27,4.8,11.23
CAF-SWMQ2026_GD2_G32,wm-qualifikation-afrika,WMQ2026,2024-06-10,Guinea,Mozambique,,,,,,,,,,,,,,,,,1.8,3.6,5.0,1.73,3.35,4.72
CAF-SWMQ2026_GD2_G37,wm-qualifikation-afrika,WMQ2026,2024-06-10,Guinea Bissau,Egypt,,,,,,,,,,,,,,,,,7.0,3.5,1.7,5.64,3.37,1.63
CONCACAF-SWMQ2026_GD3_G24,wm-qualifikation-nordamerika-mittelamerika,WMQ2026,2024-06-10,Montserrat,Panama,,,,,,,,,,,,,,,,,67.0,17.0,1.05,33.46,13.81,1.03
CAF-SWMQ2026_GD2_G39,wm-qualifikation-afrika,WMQ2026,2024-06-10,Somalia,Botswana,,,,,,,,,,,,,,,,,7.0,3.7,1.67,5.88,3.46,1.59
CAF-SWMQ2026_GD2_G35,wm-qualifikation-afrika,WMQ2026,2024-06-10,Uganda,Algeria,,,,,,,,,,,,,,,,,4.5,3.2,1.95,4.19,3.06,1.91
CONCACAF-SWMQ2026_GD3_G22,wm-qualifikation-nordamerika-mittelamerika,WMQ2026,2024-06-09,Aruba,Curacao,,,,,,,,,,,,,,,,,12.0,6.75,1.23,10.25,6.08,1.2
CONCACAF-SWMQ2026_GD3_G17,wm-qualifikation-nordamerika-mittelamerika,WMQ2026,2024-06-09,Barbados,Haiti,,,,,,,,,,,,,,,,,41.0,13.5,1.06,28.71,11.57,1.04
CONCACAF-SWMQ2026_GD3_G21,wm-qualifikation-nordamerika-mittelamerika,WMQ2026,2024-06-09,Belize,Nicaragua,,,,,,,,,,,,,,,,,9.0,4.75,1.37,8.16,4.44,1.34
CAF-SWMQ2026_GD2_G30,wm-qualifikation-afrika,WMQ2026,2024-06-09,D.R. Congo,Togo,,,,,,,,,,,,,,,,,1.53,4.0,8.0,1.52,3.54,6.76
CAF-SWMQ2026_GD2_G29,wm-qualifikation-afrika,WMQ2026,2024-06-09,Djibouti,Ethiopia,,,,,,,,,,,,,,,,,9.0,4.6,1.4,8.06,4.36,1.36
CONCACAF-SWMQ2026_GD3_G19,wm-qualifikation-nordamerika-mittelamerika,WMQ2026,2024-06-09,Dominica,Jamaica,,,,,,,,,,,,,,,,,51.0,18.5,1.03,34.08,15.19,1.02
CONCACAF-SWMQ2026_GD3_G16,wm-qualifikation-nordamerika-mittelamerika,WMQ2026,2024-06-09,Grenada,Costa Rica,,,,,,,,,,,,,,,,,26.0,11.0,1.11,18.14,8.68,1.09
CAF-SWMQ2026_GD2_G31,wm-qualifikation-afrika,WMQ2026,2024-06-09,Mauritania,Senegal,,,,,,,,,,,,,,,,,11.0,5.0,1.4,9.48,4.53,1.32
CAF-SWMQ2026_GD2_G27,wm-qualifikation-afrika,WMQ2026,2024-06-09,Namibia,Tunisia,,,,,,,,,,,,,,,,,6.0,3.1,1.85,5.56,3.01,1.74
CONCACAF-SWMQ2026_GD3_G18,wm-qualifikation-nordamerika-mittelamerika,WMQ2026,2024-06-09,Saint Vincent and the Grenadines,El Salvador,,,,,,,,,,,,,,,,,12.0,7.25,1.27,10.18,6.19,1.2
CAF-SWMQ2026_GD2_G28,wm-qualifikation-afrika,WMQ2026,2024-06-09,Sao Tome and Principe,Liberia,,,,,,,,,,,,,,,,,7.5,4.5,1.5,6.41,4.04,1.46
CONCACAF-SWMQ2026_GD3_G14,wm-qualifikation-nordamerika-mittelamerika,WMQ2026,2024-06-08,Anguilla,Suriname,,,,,,,,,,,,,,,,,61.0,34.0,1.02,43.0,21.5,1.01
CONCACAF-SWMQ2026_GD3_G15,wm-qualifikation-nordamerika-mittelamerika,WMQ2026,2024-06-08,Bahamas,Trinidad & Tobago,,,,,,,,,,,,,,,,,23.0,12.0,1.13,18.92,9.81,1.07
CONCACAF-SWMQ2026_GD3_G13,wm-qualifikation-nordamerika-mittelamerika,WMQ2026,2024-06-08,British Virgin Islands,Guatemala,,,,,,,,,,,,,,,,,51.0,20.0,1.03,35.23,14.85,1.02
CAF-SWMQ2026_GD2_G25,wm-qualifikation-afrika,WMQ2026,2024-06-08,Cameroon,Cape Verde,,,,,,,,,,,,,,,,,1.91,3.2,5.25,1.84,3.13,4.45
CONCACAF-SWMQ2026_GD3_G20,wm-qualifikation-nordamerika-mittelamerika,WMQ2026,2024-06-08,Cayman Islands,Antigua and Barbuda,,,,,,,,,,,,,,,,,,,,,,
CAF-SWMQ2026_GD2_G26,wm-qualifikation-afrika,WMQ2026,2024-06-08,Gambia,Seychelles,,,,,,,,,,,,,,,,,1.07,15.0,41.0,1.04,11.82,27.64
CAF-SWMQ2026_GD2_G24,wm-qualifikation-afrika,WMQ2026,2024-06-07,Angola,Eswatini,,,,,,,,,,,,,,,,,1.33,5.25,13.0,1.28,4.76,10.71
CONCACAF-SWMQ2026_GD3_G11,wm-qualifikation-nordamerika-mittelamerika,WMQ2026,2024-06-07,Costa Rica,Saint Kitts and Nevis,,,,,,,,,,,,,,,,,1.05,15.5,56.0,1.04,12.05,30.2
CONCACAF-SWMQ2026_GD3_G12,wm-qualifikation-nordamerika-mittelamerika,WMQ2026,2024-06-07,El Salvador,Puerto Rico,,,,,,,,,,,,,,,,,1.55,4.2,5.75,1.51,4.0,5.3
CONCACAF-SWMQ2026_GD3_G9,wm-qualifikation-nordamerika-mittelamerika,WMQ2026,2024-06-07,Honduras,Cuba,,,,,,,,,,,,,,,,,1.14,8.5,26.0,1.11,7.68,18.25
CAF-SWMQ2026_GD2_G16,wm-qualifikation-afrika,WMQ2026,2024-06-07,Ivory Coast,Gabon,,,,,,,,,,,,,,,,,1.41,4.5,10.0,1.37,4.32,7.82
CAF-SWMQ2026_GD2_G22,wm-qualifikation-afrika,WMQ2026,2024-06-07,Kenya,Burundi,,,,,,,,,,,,,,,,,2.05,3.2,4.2,1.97,3.06,3.94
CAF-SWMQ2026_GD2_G20,wm-qualifikation-afrika,WMQ2026,2024-06-07,Madagascar,Comoros,,,,,,,,,,,,,,,,,3.5,3.0,2.5,3.21,2.79,2.4
CAF-SWMQ2026_GD2_G17,wm-qualifikation-afrika,WMQ2026,2024-06-07,Morocco,Zambia,,,,,,,,,,,,,,,,,1.22,7.0,17.0,1.18,6.12,12.57
CAF-SWMQ2026_GD2_G21,wm-qualifikation-afrika,WMQ2026,2024-06-07,Mozambique,Somalia,,,,,,,,,,,,,,,,,1.22,7.0,13.0,1.19,6.23,10.5
CAF-SWMQ2026_GD2_G18,wm-qualifikation-afrika,WMQ2026,2024-06-07,Nigeria,South Africa,,,,,,,,,,,,,,,,,1.62,3.75,6.5,1.58,3.59,5.7
CONCACAF-SWMQ2026_GD3_G10,wm-qualifikation-nordamerika-mittelamerika,WMQ2026,2024-06-07,Panama,Guyana,,,,,,,,,,,,,,,,,1.12,10.0,21.0,1.1,8.3,17.3
CAF-SWMQ2026_GD2_G19,wm-qualifikation-afrika,WMQ2026,2024-06-07,Uganda,Botswana,,,,,,,,,,,,,,,,,2.0,3.2,5.0,1.9,3.03,4.39
CAF-SWMQ2026_GD2_G23,wm-qualifikation-afrika,WMQ2026,2024-06-07,Zimbabwe,Lesotho,,,,,,,,,,,,,,,,,1.95,3.0,5.5,1.85,2.92,4.88
AFC-SWMQ2026_GD7_G6,wm-qualifikation-asien,WMQ2026,2024-06-06,Afghanistan,Qatar,,,,,,,,,,,,,,,,,9.0,5.5,1.36,7.53,5.23,1.31
CAF-SWMQ2026_GD2_G6,wm-qualifikation-afrika,WMQ2026,2024-06-06,Algeria,Guinea,,,,,,,,,,,,,,,,,1.55,4.0,7.0,1.53,3.7,6.18
AFC-SWMQ2026_GD7_G2,wm-qualifikation-asien,WMQ2026,2024-06-06,Bahrain,Yemen,,,,,,,,,,,,,,,,,1.14,9.0,29.0,1.12,7.38,19.0
AFC-SWMQ2026_GD7_G11,wm-qualifikation-asien,WMQ2026,2024-06-06,Bangladesh,Australia,,,,,,,,,,,,,,,,,81.0,21.0,1.03,51.1,17.2,1.02
CAF-SWMQ2026_GD2_G10,wm-qualifikation-afrika,WMQ2026,2024-06-06,Benin,Rwanda,,,,,,,,,,,,,,,,,2.3,3.2,3.65,2.2,2.88,3.52
AFC-SWMQ2026_GD7_G13,wm-qualifikation-asien,WMQ2026,2024-06-06,China,Thailand,,,,,,,,,,,,,,,,,1.91,3.6,4.75,1.8,3.38,4.16
AFC-SWMQ2026_GD7_G12,wm-qualifikation-asien,WMQ2026,2024-06-06,Chinese Taipei,Oman,,,,,,,,,,,,,,,,,21.0,9.5,1.14,16.55,7.63,1.12
CONCACAF-SWMQ2026_GD3_G6,wm-qualifikation-nordamerika-mittelamerika,WMQ2026,2024-06-06,Curacao,Barbados,,,,,,,,,,,,,,,,,1.03,21.0,41.0,1.01,15.57,32.43
CAF-SWMQ2026_GD2_G9,wm-qualifikation-afrika,WMQ2026,2024-06-06,Egypt,Burkina Faso,,,,,,,,,,,,,,,,,1.53,4.2,7.5,1.47,3.93,6.77
CONCACAF-SWMQ2026_GD3_G4,wm-qualifikation-nordamerika-mittelamerika,WMQ2026,2024-06-06,Guatemala,Dominica,,,,,,,,,,,,,,,,,1.04,19.0,66.0,1.02,14.14,38.43
CAF-SWMQ2026_GD2_G13,wm-qualifikation-afrika,WMQ2026,2024-06-06,Guinea Bissau,Ethiopia,,,,,,,,,,,,,,,,,1.5,3.8,8.0,1.48,3.65,7.34
CONCACAF-SWMQ2026_GD3_G3,wm-qualifikation-nordamerika-mittelamerika,WMQ2026,2024-06-06,Haiti,Saint Lucia,,,,,,,,,,,,,,,,,1.13,8.5,26.0,1.1,7.73,17.5
AFC-SWMQ2026_GD7_G15,wm-qualifikation-asien,WMQ2026,2024-06-06,Hong Kong,Iran,,,,,,,,,,,,,,,,,26.0,10.0,1.1,20.5,9.3,1.08
AFC-SWMQ2026_GD7_G8,wm-qualifikation-asien,WMQ2026,2024-06-06,India,Kuwait,,,,,,,,,,,,,,,,,2.8,3.1,2.7,2.73,2.99,2.53
AFC-SWMQ2026_GD7_G14,wm-qualifikation-asien,WMQ2026,2024-06-06,Indonesia,Iraq,,,,,,,,,,,,,,,,,3.8,3.4,2.05,3.59,3.19,1.99
CONCACAF-SWMQ2026_GD3_G5,wm-qualifikation-nordamerika-mittelamerika,WMQ2026,2024-06-06,Jamaica,Dominican Republic,,,,,,,,,,,,,,,,,1.2,7.0,15.0,1.17,6.28,12.75
AFC-SWMQ2026_GD7_G3,wm-qualifikation-asien,WMQ2026,2024-06-06,Jordan,Tajikistan,,,,,,,,,,,,,,,,,1.65,3.9,6.0,1.59,3.57,5.43
AFC-SWMQ2026_GD7_G9,wm-qualifikation-asien,WMQ2026,2024-06-06,Kyrgyzstan,Malaysia,,,,,,,,,,,,,,,,,1.85,3.7,4.5,1.78,3.51,4.05
CAF-SWMQ2026_GD2_G11,wm-qualifikation-afrika,WMQ2026,2024-06-06,Libya,Mauritius,,,,,,,,,,,,,,,,,1.18,6.5,19.0,1.17,6.14,16.36
CAF-SWMQ2026_GD2_G14,wm-qualifikation-afrika,WMQ2026,2024-06-06,Malawi,Sao Tome and Principe,,,,,,,,,,,,,,,,,1.22,6.5,19.0,1.19,5.68,14.68
CAF-SWMQ2026_GD2_G7,wm-qualifikation-afrika,WMQ2026,2024-06-06,Mali,Ghana,,,,,,,,,,,,,,,,,2.1,3.2,4.33,2.01,3.04,3.92
CAF-SWMQ2026_GD2_G12,wm-qualifikation-afrika,WMQ2026,2024-06-06,Mauritania,Sudan,,,,,,,,,,,,,,,,,1.7,3.5,6.0,1.64,3.35,5.59
AFC-SWMQ2026_GD7_G10,wm-qualifikation-asien,WMQ2026,2024-06-06,Myanmar,Japan,,,,,,,,,,,,,,,,,126.0,41.0,1.02,69.78,26.44,1.01
AFC-SWMQ2026_GD7_G5,wm-qualifikation-asien,WMQ2026,2024-06-06,Nepal,United Arab Emirates,,,,,,,,,,,,,,,,,61.0,23.0,1.05,39.6,14.65,1.03
CONCACAF-SWMQ2026_GD3_G8,wm-qualifikation-nordamerika-mittelamerika,WMQ2026,2024-06-06,Nicaragua,Montserrat,,,,,,,,,,,,,,,,,1.13,9.5,23.0,1.1,7.96,17.71
AFC-SWMQ2026_GD7_G16,wm-qualifikation-asien,WMQ2026,2024-06-06,North Korea,Syria,,,,,,,,,,,,,,,,,2.8,3.2,2.8,2.65,2.97,2.64
AFC-SWMQ2026_GD7_G7,wm-qualifikation-asien,WMQ2026,2024-06-06,Pakistan,Saudi Arabia,,,,,,,,,,,,,,,,,61.0,21.0,1.03,41.0,16.6,1.02
AFC-SWMQ2026_GD7_G4,wm-qualifikation-asien,WMQ2026,2024-06-06,Palestine,Lebanon,,,,,,,,,,,,,,,,,1.95,3.2,4.5,1.92,3.02,4.12
CAF-SWMQ2026_GD2_G8,wm-qualifikation-afrika,WMQ2026,2024-06-06,Senegal,D.R. Congo,,,,,,,,,,,,,,,,,1.5,4.0,9.5,1.44,3.74,7.95
AFC-SWMQ2026_GD7_G18,wm-qualifikation-asien,WMQ2026,2024-06-06,Singapore,South Korea,,,,,,,,,,,,,,,,,46.0,16.0,1.06,31.2,12.6,1.04
CONCACAF-SWMQ2026_GD3_G7,wm-qualifikation-nordamerika-mittelamerika,WMQ2026,2024-06-06,Trinidad & Tobago,Grenada,,,,,,,,,,,,,,,,,1.27,6.0,11.0,1.23,5.58,9.6
AFC-SWMQ2026_GD7_G1,wm-qualifikation-asien,WMQ2026,2024-06-06,Uzbekistan,Turkmenistan,,,,,,,,,,,,,,,,,1.07,15.0,36.0,1.06,11.15,24.4
AFC-SWMQ2026_GD7_G17,wm-qualifikation-asien,WMQ2026,2024-06-06,Vietnam,Philippines,,,,,,,,,,,,,,,,,1.3,5.75,12.0,1.25,5.28,9.75
CONCACAF-SWMQ2026_GD3_G1,wm-qualifikation-nordamerika-mittelamerika,WMQ2026,2024-06-05,Antigua and Barbuda,Bermuda,,,,,,,,,,,,,,,,,2.05,4.1,3.1,1.99,3.8,2.98
CAF-SWMQ2026_GD2_G4,wm-qualifikation-afrika,WMQ2026,2024-06-05,Central Africa,Chad,,,,,,,,,,,,,,,,,1.65,3.7,6.0,1.62,3.47,5.45
CAF-SWMQ2026_GD2_G3,wm-qualifikation-afrika,WMQ2026,2024-06-05,Namibia,Liberia,,,,,,,,,,,,,,,,,2.1,3.1,4.2,2.03,2.9,4.01
CAF-SWMQ2026_GD2_G1,wm-qualifikation-afrika,WMQ2026,2024-06-05,Sierra Leone,Djibouti,,,,,,,,,,,,,,,,,1.29,5.5,15.0,1.24,5.08,12.55
CONCACAF-SWMQ2026_GD3_G2,wm-qualifikation-nordamerika-mittelamerika,WMQ2026,2024-06-05,Suriname,Saint Vincent and the Grenadines,,,,,,,,,,,,,,,,,1.06,15.0,41.0,1.04,12.05,26.5
CAF-SWMQ2026_GD2_G2,wm-qualifikation-afrika,WMQ2026,2024-06-05,Togo,South Sudan,,,,,,,,,,,,,,,,,1.44,4.6,12.0,1.34,4.27,9.77
CAF-SWMQ2026_GD2_G5,wm-qualifikation-afrika,WMQ2026,2024-06-05,Tunisia,Equatorial Guinea,,,,,,,,,,,,,,,,,1.42,4.33,10.0,1.39,4.01,8.64
AFC-SWMQ2026_GD6_G2,wm-qualifikation-asien,WMQ2026,2024-03-26,Bahrain,Nepal,,,,,,,,,,,,,,,,,1.03,21.0,81.0,1.01,17.0,47.63
AFC-SWMQ2026_GD6_G15,wm-qualifikation-asien,WMQ2026,2024-03-26,Bangladesh,Palestine,,,,,,,,,,,,,,,,,19.0,7.5,1.17,14.75,6.57,1.15
AFC-SWMQ2026_GD6_G13,wm-qualifikation-asien,WMQ2026,2024-03-26,China,Singapore,,,,,,,,,,,,,,,,,1.18,8.0,15.0,1.15,6.82,13.3
AFC-SWMQ2026_GD6_G18,wm-qualifikation-asien,WMQ2026,2024-03-26,India,Afghanistan,,,,,,,,,,,,,,,,,1.55,4.33,7.5,1.47,3.99,6.3
AFC-SWMQ2026_GD6_G3,wm-qualifikation-asien,WMQ2026,2024-03-26,Jordan,Pakistan,,,,,,,,,,,,,,,,,1.02,21.0,76.0,1.01,17.79,51.57
AFC-SWMQ2026_GD6_G5,wm-qualifikation-asien,WMQ2026,2024-03-26,Kuwait,Qatar,,,,,,,,,,,,,,,,,6.0,3.75,1.62,5.61,3.61,1.57
AFC-SWMQ2026_GD6_G10,wm-qualifikation-asien,WMQ2026,2024-03-26,Kyrgyzstan,Chinese Taipei,,,,,,,,,,,,,,,,,1.11,10.0,26.0,1.09,7.98,21.0
AFC-SWMQ2026_GD6_G16,wm-qualifikation-asien,WMQ2026,2024-03-26,Lebanon,Australia,,,,,,,,,,,,,,,,,15.0,6.5,1.22,12.75,5.76,1.19
AFC-SWMQ2026_GD6_G1,wm-qualifikation-asien,WMQ2026,2024-03-26,Malaysia,Oman,,,,,,,,,,,,,,,,,3.9,3.3,2.1,3.58,3.04,2.04
AFC-SWMQ2026_GD6_G14,wm-qualifikation-asien,WMQ2026,2024-03-26,Philippines,Iraq,,,,,,,,,,,,,,,,,11.5,5.0,1.3,9.58,4.76,1.28
AFC-SWMQ2026_GD6_G4,wm-qualifikation-asien,WMQ2026,2024-03-26,Syria,Myanmar,,,,,,,,,,,,,,,,,1.1,11.0,29.0,1.06,9.67,22.06
AFC-SWMQ2026_GD6_G6,wm-qualifikation-asien,WMQ2026,2024-03-26,Tajikistan,Saudi Arabia,,,,,,,,,,,,,,,,,4.33,3.2,2.0,3.88,3.03,1.97
AFC-SWMQ2026_GD6_G11,wm-qualifikation-asien,WMQ2026,2024-03-26,Thailand,South Korea,,,,,,,,,,,,,,,,,8.5,5.0,1.4,7.3,4.58,1.36
AFC-SWMQ2026_GD6_G7,wm-qualifikation-asien,WMQ2026,2024-03-26,Turkmenistan,Iran,,,,,,,,,,,,,,,,,29.0,9.5,1.1,21.9,8.58,1.08
AFC-SWMQ2026_GD6_G8,wm-qualifikation-asien,WMQ2026,2024-03-26,Uzbekistan,Hong Kong,,,,,,,,,,,,,,,,,1.06,15.0,41.0,1.04,12.22,30.89
AFC-SWMQ2026_GD6_G12,wm-qualifikation-asien,WMQ2026,2024-03-26,Vietnam,Indonesia,,,,,,,,,,,,,,,,,2.15,3.1,3.9,2.09,2.91,3.68
AFC-SWMQ2026_GD6_G9,wm-qualifikation-asien,WMQ2026,2024-03-26,Yemen,United Arab Emirates,,,,,,,,,,,,,,,,,11.5,5.25,1.3,10.05,4.89,1.27
AFC-SWMQ2026_GD5_G3,wm-qualifikation-asien,WMQ2026,2024-03-21,Afghanistan,India,,,,,,,,,,,,,,,,,8.0,4.33,1.45,7.18,3.96,1.43
AFC-SWMQ2026_GD5_G13,wm-qualifikation-asien,WMQ2026,2024-03-21,Australia,Lebanon,,,,,,,,,,,,,,,,,1.14,9.0,21.0,1.11,7.64,16.77
AFC-SWMQ2026_GD5_G11,wm-qualifikation-asien,WMQ2026,2024-03-21,Chinese Taipei,Kyrgyzstan,,,,,,,,,,,,,,,,,9.0,4.5,1.4,8.09,4.28,1.36
AFC-SWMQ2026_GD5_G17,wm-qualifikation-asien,WMQ2026,2024-03-21,Hong Kong,Uzbekistan,,,,,,,,,,,,,,,,,15.0,6.25,1.25,12.5,5.82,1.2
AFC-SWMQ2026_GD5_G14,wm-qualifikation-asien,WMQ2026,2024-03-21,Indonesia,Vietnam,,,,,,,,,,,,,,,,,2.25,3.25,3.4,2.18,3.12,3.14
AFC-SWMQ2026_GD5_G8,wm-qualifikation-asien,WMQ2026,2024-03-21,Iran,Turkmenistan,,,,,,,,,,,,,,,,,1.05,17.0,51.0,1.03,13.59,32.09
AFC-SWMQ2026_GD5_G2,wm-qualifikation-asien,WMQ2026,2024-03-21,Iraq,Philippines,,,,,,,,,,,,,,,,,1.05,16.0,41.0,1.03,13.09,32.36
AFC-SWMQ2026_GD5_G18,wm-qualifikation-asien,WMQ2026,2024-03-21,Japan,North Korea,,,,,,,,,,,,,,,,,1.07,14.0,31.0,1.05,12.09,23.73
AFC-SWMQ2026_GD5_G16,wm-qualifikation-asien,WMQ2026,2024-03-21,Myanmar,Syria,,,,,,,,,,,,,,,,,26.0,13.0,1.11,19.23,10.91,1.06
AFC-SWMQ2026_GD5_G9,wm-qualifikation-asien,WMQ2026,2024-03-21,Nepal,Bahrain,,,,,,,,,,,,,,,,,67.0,19.0,1.04,43.2,14.55,1.02
AFC-SWMQ2026_GD5_G7,wm-qualifikation-asien,WMQ2026,2024-03-21,Oman,Malaysia,,,,,,,,,,,,,,,,,1.57,4.0,6.5,1.54,3.79,5.54
AFC-SWMQ2026_GD5_G12,wm-qualifikation-asien,WMQ2026,2024-03-21,Pakistan,Jordan,,,,,,,,,,,,,,,,,36.0,15.0,1.06,26.55,11.73,1.04
AFC-SWMQ2026_GD5_G4,wm-qualifikation-asien,WMQ2026,2024-03-21,Palestine,Bangladesh,,,,,,,,,,,,,,,,,1.15,8.75,29.0,1.11,7.39,19.27
AFC-SWMQ2026_GD5_G5,wm-qualifikation-asien,WMQ2026,2024-03-21,Qatar,Kuwait,,,,,,,,,,,,,,,,,1.3,5.5,11.5,1.26,5.1,9.93
AFC-SWMQ2026_GD5_G1,wm-qualifikation-asien,WMQ2026,2024-03-21,Saudi Arabia,Tajikistan,,,,,,,,,,,,,,,,,1.33,5.0,10.0,1.31,4.64,8.68
AFC-SWMQ2026_GD5_G10,wm-qualifikation-asien,WMQ2026,2024-03-21,Singapore,China,,,,,,,,,,,,,,,,,11.0,5.25,1.33,8.8,4.91,1.29
AFC-SWMQ2026_GD5_G15,wm-qualifikation-asien,WMQ2026,2024-03-21,South Korea,Thailand,,,,,,,,,,,,,,,,,1.15,8.5,20.0,1.12,7.7,15.55
AFC-SWMQ2026_GD5_G6,wm-qualifikation-asien,WMQ2026,2024-03-21,United Arab Emirates,Yemen,,,,,,,,,,,,,,,,,1.15,9.0,23.0,1.11,7.7,18.82
CONMEBOL-SWMQ2026_GD6_G4,wm-qualifikation-suedamerika,WMQ2026,2023-11-22,Brazil,Argentina,,,,,,,,,,,,,,,,,2.5,3.13,3.2,2.46,3.05,3.0
CONMEBOL-SWMQ2026_GD6_G5,wm-qualifikation-suedamerika,WMQ2026,2023-11-22,Peru,Venezuela,,,,,,,,,,,,,,,,,2.63,2.9,3.3,2.54,2.86,3.09
AFC-SWMQ2026_GD4_G2,wm-qualifikation-asien,WMQ2026,2023-11-21,Afghanistan,Kuwait,,,,,,,,,,,,,,,,,71.0,15.0,1.05,41.71,12.14,1.04
AFC-SWMQ2026_GD4_G4,wm-qualifikation-asien,WMQ2026,2023-11-21,Bahrain,United Arab Emirates,,,,,,,,,,,,,,,,,2.8,2.88,2.88,2.66,2.79,2.77
AFC-SWMQ2026_GD4_G13,wm-qualifikation-asien,WMQ2026,2023-11-21,Bangladesh,Lebanon,,,,,,,,,,,,,,,,,12.0,4.75,1.33,10.63,4.47,1.3
CAF-SWMQ2026_GD1_G48,wm-qualifikation-afrika,WMQ2026,2023-11-21,Botswana,Guinea,,,,,,,,,,,,,,,,,4.5,3.25,1.91,4.24,3.14,1.87
AFC-SWMQ2026_GD4_G11,wm-qualifikation-asien,WMQ2026,2023-11-21,China,South Korea,,,,,,,,,,,,,,,,,13.0,6.5,1.22,12.13,5.91,1.2
AFC-SWMQ2026_GD4_G15,wm-qualifikation-asien,WMQ2026,2023-11-21,Chinese Taipei,Malaysia,,,,,,,,,,,,,,,,,8.0,4.8,1.4,7.16,4.51,1.38
CAF-SWMQ2026_GD1_G41,wm-qualifikation-afrika,WMQ2026,2023-11-21,Comoros,Ghana,,,,,,,,,,,,,,,,,3.9,3.2,2.05,3.73,3.04,2.03
CONMEBOL-SWMQ2026_GD6_G3,wm-qualifikation-suedamerika,WMQ2026,2023-11-21,Ecuador,Chile,,,,,,,,,,,,,,,,,1.62,3.75,6.5,1.59,3.6,6.13
CAF-SWMQ2026_GD1_G45,wm-qualifikation-afrika,WMQ2026,2023-11-21,Eswatini,Cape Verde,,,,,,,,,,,,,,,,,5.0,3.2,1.91,4.58,3.11,1.83
CAF-SWMQ2026_GD1_G51,wm-qualifikation-afrika,WMQ2026,2023-11-21,Ethiopia,Burkina Faso,,,,,,,,,,,,,,,,,5.5,3.5,1.73,5.28,3.33,1.68
AFC-SWMQ2026_GD4_G12,wm-qualifikation-asien,WMQ2026,2023-11-21,Hong Kong,Turkmenistan,,,,,,,,,,,,,,,,,2.4,3.3,3.13,2.31,3.09,2.96
AFC-SWMQ2026_GD4_G7,wm-qualifikation-asien,WMQ2026,2023-11-21,India,Qatar,,,,,,,,,,,,,,,,,5.25,3.75,1.7,4.87,3.62,1.64
AFC-SWMQ2026_GD4_G3,wm-qualifikation-asien,WMQ2026,2023-11-21,Jordan,Saudi Arabia,,,,,,,,,,,,,,,,,3.9,3.2,2.25,3.57,3.04,2.06
AFC-SWMQ2026_GD4_G9,wm-qualifikation-asien,WMQ2026,2023-11-21,Kyrgyzstan,Oman,,,,,,,,,,,,,,,,,3.6,3.2,2.2,3.37,3.02,2.16
CAF-SWMQ2026_GD1_G50,wm-qualifikation-afrika,WMQ2026,2023-11-21,Lesotho,Benin,,,,,,,,,,,,,,,,,5.5,3.3,1.78,5.09,3.17,1.74
CAF-SWMQ2026_GD1_G38,wm-qualifikation-afrika,WMQ2026,2023-11-21,Libya,Cameroon,,,,,,,,,,,,,,,,,6.0,3.6,1.7,5.46,3.43,1.64
CAF-SWMQ2026_GD1_G46,wm-qualifikation-afrika,WMQ2026,2023-11-21,Malawi,Tunisia,,,,,,,,,,,,,,,,,6.5,3.6,1.62,5.99,3.44,1.59
CAF-SWMQ2026_GD1_G43,wm-qualifikation-afrika,WMQ2026,2023-11-21,Mauritius,Angola,,,,,,,,,,,,,,,,,6.0,3.6,1.65,5.47,3.49,1.62
AFC-SWMQ2026_GD4_G16,wm-qualifikation-asien,WMQ2026,2023-11-21,Myanmar,North Korea,,,,,,,,,,,,,,,,,26.0,9.0,1.14,18.94,7.66,1.12
AFC-SWMQ2026_GD4_G1,wm-qualifikation-asien,WMQ2026,2023-11-21,Nepal,Yemen,,,,,,,,,,,,,,,,,3.75,2.9,2.38,3.46,2.8,2.23
CAF-SWMQ2026_GD1_G40,wm-qualifikation-afrika,WMQ2026,2023-11-21,Niger,Zambia,,,,,,,,,,,,,,,,,5.5,3.8,1.62,5.38,3.66,1.59
AFC-SWMQ2026_GD4_G17,wm-qualifikation-asien,WMQ2026,2023-11-21,Pakistan,Tajikistan,,,,,,,,,,,,,,,,,9.0,4.75,1.4,8.25,4.44,1.35
AFC-SWMQ2026_GD4_G6,wm-qualifikation-asien,WMQ2026,2023-11-21,Palestine,Australia,,,,,,,,,,,,,,,,,21.0,7.0,1.18,16.38,6.28,1.16
CONMEBOL-SWMQ2026_GD6_G1,wm-qualifikation-suedamerika,WMQ2026,2023-11-21,Paraguay,Colombia,,,,,,,,,,,,,,,,,3.5,3.1,2.38,3.32,3.0,2.3
AFC-SWMQ2026_GD4_G14,wm-qualifikation-asien,WMQ2026,2023-11-21,Philippines,Indonesia,,,,,,,,,,,,,,,,,4.2,3.6,1.91,4.02,3.36,1.81
CAF-SWMQ2026_GD1_G49,wm-qualifikation-afrika,WMQ2026,2023-11-21,Rwanda,South Africa,,,,,,,,,,,,,,,,,3.6,3.0,2.4,3.26,2.83,2.33
CAF-SWMQ2026_GD1_G42,wm-qualifikation-afrika,WMQ2026,2023-11-21,Sao Tome and Principe,Namibia,,,,,,,,,,,,,,,,,13.0,5.25,1.3,10.88,4.83,1.27
AFC-SWMQ2026_GD4_G10,wm-qualifikation-asien,WMQ2026,2023-11-21,Singapore,Thailand,,,,,,,,,,,,,,,,,9.5,5.25,1.33,8.5,4.94,1.3
CAF-SWMQ2026_GD1_G47,wm-qualifikation-afrika,WMQ2026,2023-11-21,Somalia,Uganda,,,,,,,,,,,,,,,,,11.0,5.0,1.36,9.94,4.35,1.33
CAF-SWMQ2026_GD1_G52,wm-qualifikation-afrika,WMQ2026,2023-11-21,South Sudan,Mauritania,,,,,,,,,,,,,,,,,4.8,3.75,1.8,4.66,3.37,1.74
AFC-SWMQ2026_GD4_G5,wm-qualifikation-asien,WMQ2026,2023-11-21,Syria,Japan,,,,,,,,,,,,,,,,,41.0,14.5,1.07,28.0,11.19,1.05
CAF-SWMQ2026_GD1_G39,wm-qualifikation-afrika,WMQ2026,2023-11-21,Tanzania,Morocco,,,,,,,,,,,,,,,,,10.0,4.75,1.4,9.13,4.2,1.36
CAF-SWMQ2026_GD1_G44,wm-qualifikation-afrika,WMQ2026,2023-11-21,Togo,Senegal,,,,,,,,,,,,,,,,,7.0,4.0,1.5,6.66,3.78,1.48
CONMEBOL-SWMQ2026_GD6_G2,wm-qualifikation-suedamerika,WMQ2026,2023-11-21,Uruguay,Bolivia,,,,,,,,,,,,,,,,,1.13,9.5,26.0,1.11,8.69,20.94
AFC-SWMQ2026_GD4_G8,wm-qualifikation-asien,WMQ2026,2023-11-21,Vietnam,Iraq,,,,,,,,,,,,,,,,,4.33,3.25,1.91,4.11,3.13,1.88
CAF-SWMQ2026_GD1_G36,wm-qualifikation-afrika,WMQ2026,2023-11-20,Chad,Madagascar,,,,,,,,,,,,,,,,,6.5,3.8,1.6,5.97,3.55,1.56
CAF-SWMQ2026_GD1_G32,wm-qualifikation-afrika,WMQ2026,2023-11-20,Djibouti,Guinea Bissau,,,,,,,,,,,,,,,,,15.0,7.5,1.22,12.63,6.16,1.19
CAF-SWMQ2026_GD1_G33,wm-qualifikation-afrika,WMQ2026,2023-11-20,Gambia,Ivory Coast,,,,,,,,,,,,,,,,,9.0,4.5,1.44,7.91,4.3,1.37
CAF-SWMQ2026_GD1_G37,wm-qualifikation-afrika,WMQ2026,2023-11-20,Mali,Central Africa,,,,,,,,,,,,,,,,,1.22,7.0,21.0,1.17,6.25,16.44
CAF-SWMQ2026_GD1_G35,wm-qualifikation-afrika,WMQ2026,2023-11-20,Seychelles,Kenya,,,,,,,,,,,,,,,,,67.0,21.0,1.02,56.86,18.29,1.02
CAF-SWMQ2026_GD1_G31,wm-qualifikation-afrika,WMQ2026,2023-11-19,Burundi,Gabon,,,,,,,,,,,,,,,,,3.5,3.25,2.25,3.28,3.14,2.14
CAF-SWMQ2026_GD1_G28,wm-qualifikation-afrika,WMQ2026,2023-11-19,Mozambique,Algeria,,,,,,,,,,,,,,,,,7.0,4.0,1.57,6.34,3.68,1.53
CAF-SWMQ2026_GD1_G27,wm-qualifikation-afrika,WMQ2026,2023-11-19,Sierra Leone,Egypt,,,,,,,,,,,,,,,,,17.0,5.25,1.29,14.31,4.89,1.24
CAF-SWMQ2026_GD1_G29,wm-qualifikation-afrika,WMQ2026,2023-11-19,Sudan,D.R. Congo,,,,,,,,,,,,,,,,,6.0,3.75,1.65,5.63,3.49,1.61
CAF-SWMQ2026_GD1_G30,wm-qualifikation-afrika,WMQ2026,2023-11-19,Zimbabwe,Nigeria,,,,,,,,,,,,,,,,,13.0,4.75,1.33,12.06,4.36,1.3
CAF-SWMQ2026_GD1_G25,wm-qualifikation-afrika,WMQ2026,2023-11-18,Niger,Tanzania,,,,,,,,,,,,,,,,,3.6,3.0,2.3,3.41,2.86,2.26
CAF-SWMQ2026_GD1_G26,wm-qualifikation-afrika,WMQ2026,2023-11-18,Senegal,South Sudan,,,,,,,,,,,,,,,,,1.05,15.0,61.0,1.04,13.0,43.78
CAF-SWMQ2026_GD1_G24,wm-qualifikation-afrika,WMQ2026,2023-11-18,South Africa,Benin,,,,,,,,,,,,,,,,,1.62,3.8,6.0,1.59,3.54,5.77
CONMEBOL-SWMQ2026_GD5_G4,wm-qualifikation-suedamerika,WMQ2026,2023-11-17,Argentina,Uruguay,,,,,,,,,,,,,,,,,1.6,3.85,7.0,1.57,3.67,6.42
CAF-SWMQ2026_GD1_G13,wm-qualifikation-afrika,WMQ2026,2023-11-17,Burkina Faso,Guinea Bissau,,,,,,,,,,,,,,,,,2.0,3.1,5.0,1.93,2.94,4.38
CAF-SWMQ2026_GD1_G16,wm-qualifikation-afrika,WMQ2026,2023-11-17,Cameroon,Mauritius,,,,,,,,,,,,,,,,,1.06,15.0,34.0,1.05,11.5,27.6
CONMEBOL-SWMQ2026_GD5_G5,wm-qualifikation-suedamerika,WMQ2026,2023-11-17,Chile,Paraguay,,,,,,,,,,,,,,,,,1.75,3.5,5.75,1.7,3.37,5.51
CONMEBOL-SWMQ2026_GD5_G3,wm-qualifikation-suedamerika,WMQ2026,2023-11-17,Colombia,Brazil,,,,,,,,,,,,,,,,,3.8,3.25,2.23,3.57,3.14,2.15
CAF-SWMQ2026_GD1_G20,wm-qualifikation-afrika,WMQ2026,2023-11-17,Comoros,Central Africa,,,,,,,,,,,,,,,,,2.3,3.1,3.6,2.21,3.02,3.31
CAF-SWMQ2026_GD1_G23,wm-qualifikation-afrika,WMQ2026,2023-11-17,Eswatini,Libya,,,,,,,,,,,,,,,,,4.75,3.0,2.05,4.19,2.86,2.0
CAF-SWMQ2026_GD1_G17,wm-qualifikation-afrika,WMQ2026,2023-11-17,Ghana,Madagascar,,,,,,,,,,,,,,,,,1.26,5.5,15.0,1.24,5.09,13.17
CAF-SWMQ2026_GD1_G21,wm-qualifikation-afrika,WMQ2026,2023-11-17,Guinea,Uganda,,,,,,,,,,,,,,,,,2.08,3.1,5.0,1.97,2.98,4.14
CAF-SWMQ2026_GD1_G15,wm-qualifikation-afrika,WMQ2026,2023-11-17,Ivory Coast,Seychelles,,,,,,,,,,,,,,,,,1.01,41.0,81.0,1.01,26.0,55.17
CAF-SWMQ2026_GD1_G22,wm-qualifikation-afrika,WMQ2026,2023-11-17,Liberia,Malawi,,,,,,,,,,,,,,,,,2.15,3.1,4.3,2.0,2.96,3.99
CAF-SWMQ2026_GD1_G14,wm-qualifikation-afrika,WMQ2026,2023-11-17,Mali,Chad,,,,,,,,,,,,,,,,,1.06,15.0,61.0,1.04,13.25,40.9
CAF-SWMQ2026_GD1_G18,wm-qualifikation-afrika,WMQ2026,2023-11-17,Tunisia,Sao Tome and Principe,,,,,,,,,,,,,,,,,1.02,29.0,126.0,1.01,21.7,64.5
CAF-SWMQ2026_GD1_G19,wm-qualifikation-afrika,WMQ2026,2023-11-17,Zambia,Congo,,,,,,,,,,,,,,,,,1.5,4.2,10.0,1.43,3.93,7.89
CAF-SWMQ2026_GD1_G6,wm-qualifikation-afrika,WMQ2026,2023-11-16,Algeria,Somalia,,,,,,,,,,,,,,,,,1.02,26.0,71.0,1.01,19.1,53.1
AFC-SWMQ2026_GD3_G17,wm-qualifikation-asien,WMQ2026,2023-11-16,Australia,Bangladesh,,,,,,,,,,,,,,,,,1.01,46.0,101.0,1.01,34.5,64.83
CONMEBOL-SWMQ2026_GD5_G2,wm-qualifikation-suedamerika,WMQ2026,2023-11-16,Bolivia,Peru,,,,,,,,,,,,,,,,,2.28,3.1,3.75,2.24,2.98,3.55
CAF-SWMQ2026_GD1_G10,wm-qualifikation-afrika,WMQ2026,2023-11-16,Botswana,Mozambique,,,,,,,,,,,,,,,,,2.38,3.0,3.6,2.28,2.86,3.39
CAF-SWMQ2026_GD1_G11,wm-qualifikation-afrika,WMQ2026,2023-11-16,Burundi,Gambia,,,,,,,,,,,,,,,,,4.33,3.1,2.3,3.98,2.86,2.09
CAF-SWMQ2026_GD1_G5,wm-qualifikation-afrika,WMQ2026,2023-11-16,Cape Verde,Angola,,,,,,,,,,,,,,,,,1.95,3.35,4.9,1.87,3.1,4.42
CAF-SWMQ2026_GD1_G9,wm-qualifikation-afrika,WMQ2026,2023-11-16,Egypt,Djibouti,,,,,,,,,,,,,,,,,1.02,26.0,71.0,1.01,20.0,55.2
CAF-SWMQ2026_GD1_G7,wm-qualifikation-afrika,WMQ2026,2023-11-16,Gabon,Kenya,,,,,,,,,,,,,,,,,1.91,3.2,5.0,1.87,3.08,4.51
AFC-SWMQ2026_GD3_G9,wm-qualifikation-asien,WMQ2026,2023-11-16,Iran,Hong Kong,,,,,,,,,,,,,,,,,1.02,29.0,91.0,1.01,21.29,59.43
AFC-SWMQ2026_GD3_G8,wm-qualifikation-asien,WMQ2026,2023-11-16,Iraq,Indonesia,,,,,,,,,,,,,,,,,1.35,5.0,10.5,1.32,4.57,9.31
AFC-SWMQ2026_GD3_G16,wm-qualifikation-asien,WMQ2026,2023-11-16,Japan,Myanmar,,,,,,,,,,,,,,,,,1.01,67.0,201.0,1.0,57.67,102.0
AFC-SWMQ2026_GD3_G4,wm-qualifikation-asien,WMQ2026,2023-11-16,Kuwait,India,,,,,,,,,,,,,,,,,1.7,3.5,5.75,1.66,3.32,5.28
AFC-SWMQ2026_GD3_G18,wm-qualifikation-asien,WMQ2026,2023-11-16,Lebanon,Palestine,,,,,,,,,,,,,,,,,3.2,2.88,2.6,3.03,2.76,2.49
AFC-SWMQ2026_GD3_G13,wm-qualifikation-asien,WMQ2026,2023-11-16,Malaysia,Kyrgyzstan,,,,,,,,,,,,,,,,,1.65,3.8,6.0,1.59,3.59,5.38
CAF-SWMQ2026_GD1_G8,wm-qualifikation-afrika,WMQ2026,2023-11-16,Nigeria,Lesotho,,,,,,,,,,,,,,,,,1.11,10.0,41.0,1.09,8.88,28.2
AFC-SWMQ2026_GD3_G7,wm-qualifikation-asien,WMQ2026,2023-11-16,Oman,Chinese Taipei,,,,,,,,,,,,,,,,,1.06,15.0,46.0,1.05,12.38,33.0
AFC-SWMQ2026_GD3_G15,wm-qualifikation-asien,WMQ2026,2023-11-16,Philippines,Vietnam,,,,,,,,,,,,,,,,,5.75,3.75,1.62,5.5,3.5,1.6
AFC-SWMQ2026_GD3_G6,wm-qualifikation-asien,WMQ2026,2023-11-16,Qatar,Afghanistan,,,,,,,,,,,,,,,,,1.01,26.0,81.0,1.01,19.25,55.88
AFC-SWMQ2026_GD3_G3,wm-qualifikation-asien,WMQ2026,2023-11-16,Saudi Arabia,Pakistan,,,,,,,,,,,,,,,,,1.01,46.0,101.0,1.01,25.67,58.33
AFC-SWMQ2026_GD3_G10,wm-qualifikation-asien,WMQ2026,2023-11-16,South Korea,Singapore,,,,,,,,,,,,,,,,,1.01,67.0,101.0,1.01,35.67,70.33
CAF-SWMQ2026_GD1_G12,wm-qualifikation-afrika,WMQ2026,2023-11-16,Sudan,Togo,,,,,,,,,,,,,,,,,3.6,3.0,2.3,3.4,2.93,2.23
AFC-SWMQ2026_GD3_G2,wm-qualifikation-asien,WMQ2026,2023-11-16,Syria,North Korea,,,,,,,,,,,,,,,,,2.05,3.2,4.2,1.97,3.01,3.89
AFC-SWMQ2026_GD3_G12,wm-qualifikation-asien,WMQ2026,2023-11-16,Tajikistan,Jordan,,,,,,,,,,,,,,,,,3.4,3.1,2.38,3.28,2.91,2.25
AFC-SWMQ2026_GD3_G14,wm-qualifikation-asien,WMQ2026,2023-11-16,Thailand,China,,,,,,,,,,,,,,,,,2.3,3.5,3.1,2.2,3.27,2.95
AFC-SWMQ2026_GD3_G11,wm-qualifikation-asien,WMQ2026,2023-11-16,Turkmenistan,Uzbekistan,,,,,,,,,,,,,,,,,8.5,4.33,1.46,7.34,3.95,1.43
AFC-SWMQ2026_GD3_G5,wm-qualifikation-asien,WMQ2026,2023-11-16,United Arab Emirates,Nepal,,,,,,,,,,,,,,,,,1.02,29.0,126.0,1.01,21.38,80.63
CONMEBOL-SWMQ2026_GD5_G1,wm-qualifikation-suedamerika,WMQ2026,2023-11-16,Venezuela,Ecuador,,,,,,,,,,,,,,,,,2.8,2.9,3.0,2.7,2.84,2.88
AFC-SWMQ2026_GD3_G1,wm-qualifikation-asien,WMQ2026,2023-11-16,Yemen,Bahrain,,,,,,,,,,,,,,,,,21.0,5.25,1.25,16.33,4.79,1.23
CAF-SWMQ2026_GD1_G3,wm-qualifikation-afrika,WMQ2026,2023-11-15,D.R. Congo,Mauritania,,,,,,,,,,,,,,,,,1.55,4.0,7.5,1.49,3.76,6.9
CAF-SWMQ2026_GD1_G4,wm-qualifikation-afrika,WMQ2026,2023-11-15,Ethiopia,Sierra Leone,,,,,,,,,,,,,,,,,2.6,2.9,3.25,2.45,2.79,3.13
CAF-SWMQ2026_GD1_G1,wm-qualifikation-afrika,WMQ2026,2023-11-15,Rwanda,Zimbabwe,,,,,,,,,,,,,,,,,2.3,3.1,3.8,2.11,2.92,3.72
CONMEBOL-SWMQ2026_GD4_G4,wm-qualifikation-suedamerika,WMQ2026,2023-10-18,Ecuador,Colombia,,,,,,,,,,,,,,,,,2.1,3.1,4.33,2.04,3.04,4.06
CONMEBOL-SWMQ2026_GD4_G5,wm-qualifikation-suedamerika,WMQ2026,2023-10-18,Peru,Argentina,,,,,,,,,,,,,,,,,12.0,4.75,1.4,10.34,4.38,1.36
CONMEBOL-SWMQ2026_GD4_G2,wm-qualifikation-suedamerika,WMQ2026,2023-10-18,Uruguay,Brazil,,,,,,,,,,,,,,,,,4.33,3.5,1.91,4.15,3.41,1.89
AFC-SWMQ2026_GD2_G4,wm-qualifikation-asien,WMQ2026,2023-10-17,Bangladesh,Maldives,,,,,,,,,,,,,,,,,1.73,3.25,7.5,1.66,3.11,5.94
AFC-SWMQ2026_GD2_G3,wm-qualifikation-asien,WMQ2026,2023-10-17,Bhutan,Hong Kong,,,,,,,,,,,,,,,,,13.0,6.0,1.23,11.56,5.69,1.21
AFC-SWMQ2026_GD2_G1,wm-qualifikation-asien,WMQ2026,2023-10-17,Brunei,Indonesia,,,,,,,,,,,,,,,,,91.0,23.0,1.02,50.71,18.71,1.01
AFC-SWMQ2026_GD2_G10,wm-qualifikation-asien,WMQ2026,2023-10-17,Guam,Singapore,,,,,,,,,,,,,,,,,9.0,5.25,1.36,8.5,4.69,1.32
AFC-SWMQ2026_GD2_G2,wm-qualifikation-asien,WMQ2026,2023-10-17,Laos,Nepal,,,,,,,,,,,,,,,,,2.4,3.0,3.4,2.32,2.81,3.21
AFC-SWMQ2026_GD2_G5,wm-qualifikation-asien,WMQ2026,2023-10-17,Macau,Myanmar,,,,,,,,,,,,,,,,,18.0,7.5,1.22,13.13,6.69,1.17
AFC-SWMQ2026_GD2_G9,wm-qualifikation-asien,WMQ2026,2023-10-17,Mongolia,Afghanistan,,,,,,,,,,,,,,,,,4.2,3.1,2.15,3.9,2.88,2.05
AFC-SWMQ2026_GD2_G8,wm-qualifikation-asien,WMQ2026,2023-10-17,Pakistan,Cambodia,,,,,,,,,,,,,,,,,2.9,2.7,3.2,2.59,2.65,3.04
CONMEBOL-SWMQ2026_GD4_G3,wm-qualifikation-suedamerika,WMQ2026,2023-10-17,Paraguay,Bolivia,,,,,,,,,,,,,,,,,1.34,6.0,12.0,1.3,5.25,9.94
AFC-SWMQ2026_GD2_G7,wm-qualifikation-asien,WMQ2026,2023-10-17,Sri Lanka,Yemen,,,,,,,,,,,,,,,,,4.75,3.3,1.85,4.36,3.16,1.8
AFC-SWMQ2026_GD2_G6,wm-qualifikation-asien,WMQ2026,2023-10-17,Timor-Leste,Chinese Taipei,,,,,,,,,,,,,,,,,31.0,9.0,1.12,22.19,8.06,1.11
CONMEBOL-SWMQ2026_GD4_G1,wm-qualifikation-suedamerika,WMQ2026,2023-10-17,Venezuela,Chile,,,,,,,,,,,,,,,,,2.7,3.1,3.0,2.59,3.0,2.89
CONMEBOL-SWMQ2026_GD3_G2,wm-qualifikation-suedamerika,WMQ2026,2023-10-13,Argentina,Paraguay,,,,,,,,,,,,,,,,,1.25,6.1,15.0,1.22,5.82,13.89
CONMEBOL-SWMQ2026_GD3_G3,wm-qualifikation-suedamerika,WMQ2026,2023-10-13,Bolivia,Ecuador,,,,,,,,,,,,,,,,,6.0,3.6,1.7,5.29,3.49,1.69
CONMEBOL-SWMQ2026_GD3_G5,wm-qualifikation-suedamerika,WMQ2026,2023-10-13,Brazil,Venezuela,,,,,,,,,,,,,,,,,1.09,12.0,51.0,1.07,10.72,32.89
CONMEBOL-SWMQ2026_GD3_G4,wm-qualifikation-suedamerika,WMQ2026,2023-10-13,Chile,Peru,,,,,,,,,,,,,,,,,1.7,3.6,6.0,1.67,3.52,5.63
AFC-SWMQ2026_GD1_G9,wm-qualifikation-asien,WMQ2026,2023-10-12,Afghanistan,Mongolia,,,,,,,,,,,,,,,,,1.33,5.0,13.0,1.29,4.71,10.78
AFC-SWMQ2026_GD1_G6,wm-qualifikation-asien,WMQ2026,2023-10-12,Cambodia,Pakistan,,,,,,,,,,,,,,,,,1.55,4.1,7.0,1.5,3.86,6.31
AFC-SWMQ2026_GD1_G3,wm-qualifikation-asien,WMQ2026,2023-10-12,Chinese Taipei,Timor-Leste,,,,,,,,,,,,,,,,,1.13,10.0,29.0,1.11,8.44,20.13
CONMEBOL-SWMQ2026_GD3_G1,wm-qualifikation-suedamerika,WMQ2026,2023-10-12,Colombia,Uruguay,,,,,,,,,,,,,,,,,2.16,3.25,3.8,2.11,3.17,3.62
AFC-SWMQ2026_GD1_G8,wm-qualifikation-asien,WMQ2026,2023-10-12,Hong Kong,Bhutan,,,,,,,,,,,,,,,,,1.02,31.0,76.0,1.01,21.13,52.63
AFC-SWMQ2026_GD1_G7,wm-qualifikation-asien,WMQ2026,2023-10-12,Indonesia,Brunei,,,,,,,,,,,,,,,,,1.01,41.0,76.0,1.01,33.5,58.5
AFC-SWMQ2026_GD1_G2,wm-qualifikation-asien,WMQ2026,2023-10-12,Maldives,Bangladesh,,,,,,,,,,,,,,,,,2.8,3.0,2.88,2.69,2.87,2.67
AFC-SWMQ2026_GD1_G1,wm-qualifikation-asien,WMQ2026,2023-10-12,Myanmar,Macau,,,,,,,,,,,,,,,,,1.05,15.0,111.0,1.04,12.88,55.75
AFC-SWMQ2026_GD1_G5,wm-qualifikation-asien,WMQ2026,2023-10-12,Nepal,Laos,,,,,,,,,,,,,,,,,1.5,4.2,7.5,1.46,3.97,6.43
AFC-SWMQ2026_GD1_G4,wm-qualifikation-asien,WMQ2026,2023-10-12,Singapore,Guam,,,,,,,,,,,,,,,,,1.08,12.0,41.0,1.06,10.56,29.5
AFC-SWMQ2026_GD1_G10,wm-qualifikation-asien,WMQ2026,2023-10-12,Yemen,Sri Lanka,,,,,,,,,,,,,,,,,1.29,5.5,17.0,1.23,5.25,13.94
CONMEBOL-SWMQ2026_GD2_G3,wm-qualifikation-suedamerika,WMQ2026,2023-09-13,Chile,Colombia,,,,,,,,,,,,,,,,,3.4,3.13,2.38,3.3,3.01,2.33
CONMEBOL-SWMQ2026_GD2_G4,wm-qualifikation-suedamerika,WMQ2026,2023-09-13,Peru,Brazil,,,,,,,,,,,,,,,,,15.0,6.0,1.25,12.81,5.53,1.24
CONMEBOL-SWMQ2026_GD2_G1,wm-qualifikation-suedamerika,WMQ2026,2023-09-12,Bolivia,Argentina,,,,,,,,,,,,,,,,,5.75,3.75,1.7,5.53,3.57,1.66
CONMEBOL-SWMQ2026_GD2_G2,wm-qualifikation-suedamerika,WMQ2026,2023-09-12,Ecuador,Uruguay,,,,,,,,,,,,,,,,,2.0,3.2,4.75,1.96,3.06,4.43
CONMEBOL-SWMQ2026_GD2_G5,wm-qualifikation-suedamerika,WMQ2026,2023-09-12,Venezuela,Paraguay,,,,,,,,,,,,,,,,,2.45,3.0,3.4,2.36,2.97,3.27
CONMEBOL-SWMQ2026_GD1_G5,wm-qualifikation-suedamerika,WMQ2026,2023-09-09,Brazil,Bolivia,,,,,,,,,,,,,,,,,1.06,17.0,56.0,1.05,14.06,35.56
CONMEBOL-SWMQ2026_GD1_G4,wm-qualifikation-suedamerika,WMQ2026,2023-09-09,Uruguay,Chile,,,,,,,,,,,,,,,,,1.67,3.75,6.5,1.63,3.6,5.87
CONMEBOL-SWMQ2026_GD1_G3,wm-qualifikation-suedamerika,WMQ2026,2023-09-08,Argentina,Ecuador,,,,,,,,,,,,,,,,,1.35,5.0,12.0,1.33,4.67,10.78
CONMEBOL-SWMQ2026_GD1_G2,wm-qualifikation-suedamerika,WMQ2026,2023-09-08,Colombia,Venezuela,,,,,,,,,,,,,,,,,1.33,5.25,15.0,1.29,5.0,12.61
CONMEBOL-SWMQ2026_GD1_G1,wm-qualifikation-suedamerika,WMQ2026,2023-09-07,Paraguay,Peru,,,,,,,,,,,,,,,,,1.85,3.5,5.0,1.83,3.29,4.69
WM-SWM2022_GD4_G2,weltmeisterschaft,WM2022,2022-12-18,Argentina,France,,2.7,3.1,2.88,,,,,,,,,,,,,2.7,3.2,2.9,2.63,3.12,2.84
WM-SWM2022_GD4_G1,weltmeisterschaft,WM2022,2022-12-17,Croatia,Morocco,,2.2,3.5,3.1,,,,,,,,,,,,,2.25,3.6,3.15,2.23,3.49,3.09
WM-SWM2022_GD3_G2,weltmeisterschaft,WM2022,2022-12-14,France,Morocco,,1.55,4.0,6.5,,,,,,,,,,,,,1.62,4.0,6.5,1.58,3.82,6.25
WM-SWM2022_GD3_G1,weltmeisterschaft,WM2022,2022-12-13,Argentina,Croatia,,1.95,3.1,4.75,,,,,,,,,,,,,2.05,3.13,4.8,1.98,3.07,4.45
WM-SWM2022_GD2_G4,weltmeisterschaft,WM2022,2022-12-10,England,France,,2.75,3.1,2.7,,,,,,,,,,,,,2.95,3.1,2.8,2.81,3.05,2.69
WM-SWM2022_GD2_G3,weltmeisterschaft,WM2022,2022-12-10,Morocco,Portugal,,6.5,3.8,1.57,,,,,,,,,,,,,6.5,4.0,1.61,6.17,3.79,1.58
WM-SWM2022_GD2_G2,weltmeisterschaft,WM2022,2022-12-09,Netherlands,Argentina,,3.6,3.1,2.2,,,,,,,,,,,,,3.75,3.15,2.3,3.57,3.06,2.22
WM-SWM2022_GD2_G1,weltmeisterschaft,WM2022,2022-12-09,Croatia,Brazil,,9.0,4.75,1.36,,,,,,,,,,,,,9.0,4.8,1.4,8.53,4.57,1.39
WM-SWM2022_GD1_G55,weltmeisterschaft,WM2022,2022-12-06,Portugal,Switzerland,,2.0,3.5,3.8,,,,,,,,,,,,,2.0,3.65,4.5,1.91,3.54,4.04
WM-SWM2022_GD1_G56,weltmeisterschaft,WM2022,2022-12-06,Morocco,Spain,,6.0,3.75,1.62,,,,,,,,,,,,,6.5,4.0,1.62,6.04,3.72,1.61
WM-SWM2022_GD1_G54,weltmeisterschaft,WM2022,2022-12-05,Brazil,South Korea,,1.2,6.5,13.0,,,,,,,,,,,,,1.25,6.75,15.0,1.21,6.39,14.22
WM-SWM2022_GD1_G53,weltmeisterschaft,WM2022,2022-12-05,Japan,Croatia,,3.8,3.25,2.05,,,,,,,,,,,,,4.0,3.25,2.15,3.81,3.2,2.08
WM-SWM2022_GD1_G52,weltmeisterschaft,WM2022,2022-12-04,England,Senegal,,1.6,3.6,6.5,,,,,,,,,,,,,1.62,3.75,7.0,1.59,3.64,6.53
WM-SWM2022_GD1_G51,weltmeisterschaft,WM2022,2022-12-04,France,Poland,,1.36,4.75,9.0,,,,,,,,,,,,,1.4,5.1,9.0,1.38,4.79,8.41
WM-SWM2022_GD1_G50,weltmeisterschaft,WM2022,2022-12-03,Argentina,Australia,,1.28,6.0,9.0,,,,,,,,,,,,,1.29,6.5,13.0,1.27,5.92,10.23
WM-SWM2022_GD1_G49,weltmeisterschaft,WM2022,2022-12-03,Netherlands,USA,,1.9,3.3,4.33,,,,,,,,,,,,,1.95,3.5,4.6,1.9,3.32,4.36
WM-SWM2022_GD1_G45,weltmeisterschaft,WM2022,2022-12-02,Cameroon,Brazil,,11.0,5.25,1.3,,,,,,,,,,,,,11.0,5.5,1.37,8.95,5.19,1.33
WM-SWM2022_GD1_G46,weltmeisterschaft,WM2022,2022-12-02,Serbia,Switzerland,,2.55,3.3,2.8,,,,,,,,,,,,,2.55,3.4,2.9,2.51,3.31,2.81
WM-SWM2022_GD1_G47,weltmeisterschaft,WM2022,2022-12-02,Ghana,Uruguay,,4.5,3.8,1.75,,,,,,,,,,,,,4.6,3.9,1.82,4.53,3.74,1.77
WM-SWM2022_GD1_G48,weltmeisterschaft,WM2022,2022-12-02,South Korea,Portugal,,4.0,3.75,1.85,,,,,,,,,,,,,4.4,3.9,1.86,4.25,3.73,1.82
WM-SWM2022_GD1_G43,weltmeisterschaft,WM2022,2022-12-01,Costa Rica,Germany,,26.0,11.0,1.08,,,,,,,,,,,,,31.0,12.0,1.12,24.4,10.6,1.09
WM-SWM2022_GD1_G44,weltmeisterschaft,WM2022,2022-12-01,Japan,Spain,,6.5,4.33,1.5,,,,,,,,,,,,,7.5,4.6,1.5,6.98,4.35,1.46
WM-SWM2022_GD1_G41,weltmeisterschaft,WM2022,2022-12-01,Canada,Morocco,,4.75,3.4,1.83,,,,,,,,,,,,,5.0,3.55,1.86,4.71,3.41,1.82
WM-SWM2022_GD1_G42,weltmeisterschaft,WM2022,2022-12-01,Croatia,Belgium,,3.0,3.4,2.37,,,,,,,,,,,,,3.05,3.5,2.55,2.97,3.34,2.38
WM-SWM2022_GD1_G40,weltmeisterschaft,WM2022,2022-11-30,Poland,Argentina,,8.5,4.5,1.4,,,,,,,,,,,,,8.5,4.7,1.44,8.15,4.44,1.41
WM-SWM2022_GD1_G39,weltmeisterschaft,WM2022,2022-11-30,Saudi Arabia,Mexico,,5.5,4.2,1.57,,,,,,,,,,,,,5.75,4.35,1.62,5.4,4.13,1.6
WM-SWM2022_GD1_G37,weltmeisterschaft,WM2022,2022-11-30,Australia,Denmark,,7.0,5.0,1.4,,,,,,,,,,,,,8.0,5.0,1.44,7.65,4.66,1.4
WM-SWM2022_GD1_G38,weltmeisterschaft,WM2022,2022-11-30,Tunisia,France,,5.75,3.8,1.61,,,,,,,,,,,,,6.0,4.0,1.64,5.84,3.81,1.61
WM-SWM2022_GD1_G35,weltmeisterschaft,WM2022,2022-11-29,Iran,USA,,4.2,3.4,1.9,,,,,,,,,,,,,4.25,3.5,2.0,4.03,3.45,1.93
WM-SWM2022_GD1_G36,weltmeisterschaft,WM2022,2022-11-29,Wales,England,,8.5,4.2,1.44,,,,,,,,,,,,,9.5,4.5,1.44,8.45,4.35,1.41
WM-SWM2022_GD1_G33,weltmeisterschaft,WM2022,2022-11-29,Ecuador,Senegal,,2.45,3.0,3.25,,,,,,,,,,,,,2.5,3.1,3.3,2.44,3.01,3.18
WM-SWM2022_GD1_G34,weltmeisterschaft,WM2022,2022-11-29,Netherlands,Qatar,,1.18,7.0,15.0,,,,,,,,,,,,,1.21,7.25,17.0,1.19,6.81,14.61
WM-SWM2022_GD1_G30,weltmeisterschaft,WM2022,2022-11-28,Portugal,Uruguay,,1.9,3.3,4.5,,,,,,,,,,,,,1.95,3.4,4.6,1.92,3.29,4.34
WM-SWM2022_GD1_G29,weltmeisterschaft,WM2022,2022-11-28,Brazil,Switzerland,,1.5,4.2,7.5,,,,,,,,,,,,,1.5,4.35,8.5,1.47,4.19,7.4
WM-SWM2022_GD1_G32,weltmeisterschaft,WM2022,2022-11-28,South Korea,Ghana,,2.75,3.1,2.75,,,,,,,,,,,,,2.75,3.2,2.88,2.7,3.07,2.79
WM-SWM2022_GD1_G31,weltmeisterschaft,WM2022,2022-11-28,Cameroon,Serbia,,5.0,3.8,1.7,,,,,,,,,,,,,5.6,3.8,1.71,5.17,3.73,1.69
WM-SWM2022_GD1_G25,weltmeisterschaft,WM2022,2022-11-27,Spain,Germany,,2.5,3.5,2.75,,,,,,,,,,,,,2.6,3.5,2.88,2.5,3.38,2.79
WM-SWM2022_GD1_G28,weltmeisterschaft,WM2022,2022-11-27,Croatia,Canada,,2.25,3.25,3.5,,,,,,,,,,,,,2.25,3.3,3.65,2.2,3.23,3.47
WM-SWM2022_GD1_G27,weltmeisterschaft,WM2022,2022-11-27,Belgium,Morocco,,1.9,3.5,4.2,,,,,,,,,,,,,1.95,3.5,4.75,1.88,3.35,4.41
WM-SWM2022_GD1_G26,weltmeisterschaft,WM2022,2022-11-27,Japan,Costa Rica,,1.45,4.33,7.5,,,,,,,,,,,,,1.51,4.33,7.75,1.47,4.15,7.36
WM-SWM2022_GD1_G24,weltmeisterschaft,WM2022,2022-11-26,Argentina,Mexico,,1.55,3.8,7.0,,,,,,,,,,,,,1.58,4.1,8.0,1.52,3.89,7.1
WM-SWM2022_GD1_G23,weltmeisterschaft,WM2022,2022-11-26,France,Denmark,,1.8,3.6,4.5,,,,,,,,,,,,,1.86,3.6,4.8,1.81,3.47,4.67
WM-SWM2022_GD1_G22,weltmeisterschaft,WM2022,2022-11-26,Poland,Saudi Arabia,,1.7,3.6,5.25,,,,,,,,,,,,,1.74,3.65,6.0,1.7,3.54,5.45
WM-SWM2022_GD1_G21,weltmeisterschaft,WM2022,2022-11-26,Tunisia,Australia,,2.15,3.3,3.6,,,,,,,,,,,,,2.2,3.4,3.65,2.16,3.27,3.51
WM-SWM2022_GD1_G20,weltmeisterschaft,WM2022,2022-11-25,England,USA,,1.45,4.2,8.0,,,,,,,,,,,,,1.5,4.33,8.5,1.46,4.14,7.69
WM-SWM2022_GD1_G19,weltmeisterschaft,WM2022,2022-11-25,Netherlands,Ecuador,,1.85,3.3,4.75,,,,,,,,,,,,,1.86,3.5,5.1,1.83,3.36,4.75
WM-SWM2022_GD1_G18,weltmeisterschaft,WM2022,2022-11-25,Qatar,Senegal,,5.25,3.6,1.7,,,,,,,,,,,,,6.25,3.65,1.74,5.44,3.55,1.7
WM-SWM2022_GD1_G17,weltmeisterschaft,WM2022,2022-11-25,Wales,Iran,,2.1,3.2,3.8,,,,,,,,,,,,,2.2,3.2,4.0,2.11,3.16,3.76
WM-SWM2022_GD1_G13,weltmeisterschaft,WM2022,2022-11-24,Brazil,Serbia,,1.44,4.33,7.0,,,,,,,,,,,,,1.48,4.6,7.5,1.44,4.46,7.08
WM-SWM2022_GD1_G14,weltmeisterschaft,WM2022,2022-11-24,Portugal,Ghana,,1.28,5.25,10.0,,,,,,,,,,,,,1.33,5.75,11.0,1.29,5.38,10.4
WM-SWM2022_GD1_G16,weltmeisterschaft,WM2022,2022-11-24,Uruguay,South Korea,,1.75,3.5,5.0,,,,,,,,,,,,,1.8,3.55,5.2,1.77,3.46,4.94
WM-SWM2022_GD1_G15,weltmeisterschaft,WM2022,2022-11-24,Switzerland,Cameroon,,1.72,3.4,5.5,,,,,,,,,,,,,1.83,3.45,5.5,1.8,3.37,4.95
WM-SWM2022_GD1_G12,weltmeisterschaft,WM2022,2022-11-23,Belgium,Canada,,1.6,4.0,5.75,,,,,,,,,,,,,1.6,4.33,6.0,1.57,4.16,5.74
WM-SWM2022_GD1_G11,weltmeisterschaft,WM2022,2022-11-23,Spain,Costa Rica,,1.12,9.0,17.0,,,,,,,,,,,,,1.17,9.0,23.0,1.14,8.33,17.4
WM-SWM2022_GD1_G10,weltmeisterschaft,WM2022,2022-11-23,Germany,Japan,,1.4,5.0,7.5,,,,,,,,,,,,,1.45,5.0,7.5,1.41,4.85,7.17
WM-SWM2022_GD1_G9,weltmeisterschaft,WM2022,2022-11-23,Morocco,Croatia,,3.4,3.25,2.25,,,,,,,,,,,,,3.55,3.25,2.25,3.44,3.22,2.21
WM-SWM2022_GD1_G8,weltmeisterschaft,WM2022,2022-11-22,France,Australia,,1.18,7.0,15.0,,,,,,,,,,,,,1.23,7.25,15.0,1.2,6.58,13.69
WM-SWM2022_GD1_G7,weltmeisterschaft,WM2022,2022-11-22,Mexico,Poland,,2.45,3.1,3.2,,,,,,,,,,,,,2.55,3.15,3.2,2.47,3.09,3.09
WM-SWM2022_GD1_G6,weltmeisterschaft,WM2022,2022-11-22,Denmark,Tunisia,,1.57,4.0,6.0,,,,,,,,,,,,,1.6,4.0,7.5,1.57,3.82,6.45
WM-SWM2022_GD1_G5,weltmeisterschaft,WM2022,2022-11-22,Argentina,Saudi Arabia,,1.11,8.5,23.0,,,,,,,,,,,,,1.13,10.0,31.0,1.11,9.08,25.5
WM-SWM2022_GD1_G4,weltmeisterschaft,WM2022,2022-11-21,USA,Wales,,2.45,3.1,3.2,,,,,,,,,,,,,2.5,3.1,3.4,2.43,3.07,3.17
WM-SWM2022_GD1_G3,weltmeisterschaft,WM2022,2022-11-21,Senegal,Netherlands,,5.5,3.6,1.66,,,,,,,,,,,,,6.25,3.75,1.68,5.85,3.63,1.65
WM-SWM2022_GD1_G2,weltmeisterschaft,WM2022,2022-11-21,England,Iran,,1.36,4.75,9.0,,,,,,,,,,,,,1.4,4.75,11.0,1.37,4.56,10.14
WM-SWM2022_GD1_G1,weltmeisterschaft,WM2022,2022-11-20,Qatar,Ecuador,,3.75,3.0,2.2,,,,,,,,,,,,,3.75,3.2,2.25,3.59,3.11,2.22
WM-SWM2018_GD5_G2,weltmeisterschaft,WM2018,2018-07-15,France,Croatia,,,,,,,,,,,2.2,3.02,4.25,,,,2.21,3.5,4.88,2.13,3.09,4.15
WM-SWM2018_GD5_G1,weltmeisterschaft,WM2018,2018-07-14,Belgium,England,,,,,,,,,,,2.17,3.94,3.27,,,,2.28,4.0,3.42,2.2,3.74,3.18
WM-SWM2018_GD4_G2,weltmeisterschaft,WM2018,2018-07-11,Croatia,England,,,,,,,,,,,3.9,2.99,2.33,,,,4.28,3.1,2.36,3.81,2.99,2.28
WM-SWM2018_GD4_G1,weltmeisterschaft,WM2018,2018-07-10,France,Belgium,,,,,,,,,,,2.6,3.19,3.1,,,,2.7,3.25,3.2,2.59,3.13,3.02
WM-SWM2018_GD3_G4,weltmeisterschaft,WM2018,2018-07-07,Russia,Croatia,,,,,,,,,,,4.13,3.19,2.15,,,,4.39,3.3,2.21,4.03,3.15,2.12
WM-SWM2018_GD3_G3,weltmeisterschaft,WM2018,2018-07-07,Sweden,England,,,,,,,,,,,5.25,3.45,1.85,,,,5.6,3.5,1.92,5.07,3.35,1.85
WM-SWM2018_GD3_G2,weltmeisterschaft,WM2018,2018-07-06,Brazil,Belgium,,,,,,,,,,,2.17,3.45,3.73,,,,2.2,3.55,4.04,2.12,3.42,3.69
WM-SWM2018_GD3_G1,weltmeisterschaft,WM2018,2018-07-06,Uruguay,France,,,,,,,,,,,4.8,3.13,2.03,,,,5.25,3.26,2.1,4.61,3.11,2.01
WM-SWM2018_GD2_G8,weltmeisterschaft,WM2018,2018-07-03,Colombia,England,,,,,,,,,,,4.19,3.16,2.15,,,,4.3,3.2,2.22,4.07,3.11,2.15
WM-SWM2018_GD2_G7,weltmeisterschaft,WM2018,2018-07-03,Sweden,Switzerland,,,,,,,,,,,3.53,2.98,2.49,,,,3.6,3.01,2.63,3.37,2.95,2.53
WM-SWM2018_GD2_G6,weltmeisterschaft,WM2018,2018-07-02,Belgium,Japan,,,,,,,,,,,1.44,4.7,8.71,,,,1.49,5.0,10.0,1.43,4.71,8.58
WM-SWM2018_GD2_G5,weltmeisterschaft,WM2018,2018-07-02,Brazil,Mexico,,,,,,,,,,,1.49,4.5,7.9,,,,1.55,4.65,8.5,1.49,4.44,7.61
WM-SWM2018_GD2_G4,weltmeisterschaft,WM2018,2018-07-01,Croatia,Denmark,,,,,,,,,,,2.04,3.24,4.5,,,,2.05,3.3,5.2,1.99,3.22,4.61
WM-SWM2018_GD2_G3,weltmeisterschaft,WM2018,2018-07-01,Spain,Russia,,,,,,,,,,,1.63,4.03,6.3,,,,1.65,4.25,7.0,1.59,4.1,6.33
WM-SWM2018_GD2_G2,weltmeisterschaft,WM2018,2018-06-30,Uruguay,Portugal,,,,,,,,,,,3.14,3.02,2.7,,,,3.2,3.05,2.85,3.05,2.98,2.74
WM-SWM2018_GD2_G1,weltmeisterschaft,WM2018,2018-06-30,France,Argentina,,,,,,,,,,,2.49,3.17,3.3,,,,2.55,3.2,3.5,2.43,3.12,3.33
WM-SWM2018_GD1_G46,weltmeisterschaft,WM2018,2018-06-28,England,Belgium,,,,,,,,,,,2.43,2.85,3.86,,,,2.7,3.0,3.9,2.46,2.85,3.67
WM-SWM2018_GD1_G45,weltmeisterschaft,WM2018,2018-06-28,Panama,Tunisia,,,,,,,,,,,4.32,3.79,1.91,,,,4.72,3.85,1.93,4.34,3.73,1.88
WM-SWM2018_GD1_G48,weltmeisterschaft,WM2018,2018-06-28,Japan,Poland,,,,,,,,,,,3.01,3.2,2.67,,,,3.1,3.25,3.06,2.96,3.15,2.67
WM-SWM2018_GD1_G47,weltmeisterschaft,WM2018,2018-06-28,Senegal,Colombia,,,,,,,,,,,5.24,3.9,1.75,,,,5.65,4.0,1.9,5.07,3.79,1.76
WM-SWM2018_GD1_G43,weltmeisterschaft,WM2018,2018-06-27,Serbia,Brazil,,,,,,,,,,,7.53,4.68,1.49,,,,8.5,4.85,1.55,7.34,4.64,1.48
WM-SWM2018_GD1_G44,weltmeisterschaft,WM2018,2018-06-27,Switzerland,Costa Rica,,,,,,,,,,,1.63,3.63,7.3,,,,1.65,3.9,8.5,1.61,3.68,7.37
WM-SWM2018_GD1_G41,weltmeisterschaft,WM2018,2018-06-27,Mexico,Sweden,,,,,,,,,,,2.25,3.43,3.51,,,,2.4,3.5,3.72,2.23,3.38,3.52
WM-SWM2018_GD1_G42,weltmeisterschaft,WM2018,2018-06-27,South Korea,Germany,,,,,,,,,,,19.5,8.5,1.17,,,,23.75,9.2,1.2,18.76,8.19,1.17
WM-SWM2018_GD1_G39,weltmeisterschaft,WM2018,2018-06-26,Iceland,Croatia,,,,,,,,,,,4.19,4.13,1.83,,,,4.88,4.15,2.0,4.36,3.93,1.84
WM-SWM2018_GD1_G40,weltmeisterschaft,WM2018,2018-06-26,Nigeria,Argentina,,,,,,,,,,,5.88,5.32,1.51,,,,6.6,5.55,1.56,5.91,5.14,1.5
WM-SWM2018_GD1_G38,weltmeisterschaft,WM2018,2018-06-26,Australia,Peru,,,,,,,,,,,3.01,3.51,2.48,,,,3.16,3.6,2.75,2.9,3.5,2.5
WM-SWM2018_GD1_G37,weltmeisterschaft,WM2018,2018-06-26,Denmark,France,,,,,,,,,,,5.35,2.75,2.08,,,,6.45,3.34,2.3,5.27,2.78,2.08
WM-SWM2018_GD1_G36,weltmeisterschaft,WM2018,2018-06-25,Iran,Portugal,,,,,,,,,,,6.41,4.14,1.61,,,,7.0,4.3,1.67,6.24,4.04,1.61
WM-SWM2018_GD1_G35,weltmeisterschaft,WM2018,2018-06-25,Spain,Morocco,,,,,,,,,,,1.38,5.15,9.65,,,,1.41,6.12,12.97,1.37,5.09,9.86
WM-SWM2018_GD1_G34,weltmeisterschaft,WM2018,2018-06-25,Saudi Arabia,Egypt,,,,,,,,,,,5.48,3.65,1.78,,,,7.1,3.85,1.85,5.27,3.62,1.78
WM-SWM2018_GD1_G33,weltmeisterschaft,WM2018,2018-06-25,Uruguay,Russia,,,,,,,,,,,2.77,3.04,3.03,,,,3.06,3.25,3.08,2.74,3.06,2.96
WM-SWM2018_GD1_G31,weltmeisterschaft,WM2018,2018-06-24,Poland,Colombia,,,,,,,,,,,3.49,3.39,2.28,,,,3.6,3.77,2.4,3.46,3.45,2.22
WM-SWM2018_GD1_G30,weltmeisterschaft,WM2018,2018-06-24,Japan,Senegal,,,,,,,,,,,3.22,2.95,2.7,,,,3.52,3.53,2.85,3.16,2.96,2.67
WM-SWM2018_GD1_G32,weltmeisterschaft,WM2018,2018-06-24,England,Panama,,,,,,,,,,,1.23,6.32,18.06,,,,1.24,7.0,24.25,1.22,6.41,18.09
WM-SWM2018_GD1_G27,weltmeisterschaft,WM2018,2018-06-23,Germany,Sweden,,,,,,,,,,,1.48,4.73,7.62,,,,1.51,4.95,8.6,1.47,4.62,7.45
WM-SWM2018_GD1_G29,weltmeisterschaft,WM2018,2018-06-23,South Korea,Mexico,,,,,,,,,,,5.53,3.82,1.73,,,,6.57,4.1,1.75,5.56,3.82,1.71
WM-SWM2018_GD1_G28,weltmeisterschaft,WM2018,2018-06-23,Belgium,Tunisia,,,,,,,,,,,1.35,5.12,12.0,,,,1.39,5.54,13.5,1.34,5.08,11.48
WM-SWM2018_GD1_G26,weltmeisterschaft,WM2018,2018-06-22,Serbia,Switzerland,,,,,,,,,,,2.71,3.07,3.06,,,,3.02,3.3,3.2,2.74,3.05,2.96
WM-SWM2018_GD1_G25,weltmeisterschaft,WM2018,2018-06-22,Nigeria,Iceland,,,,,,,,,,,2.96,3.11,2.77,,,,3.13,3.22,2.85,2.98,3.07,2.71
WM-SWM2018_GD1_G24,weltmeisterschaft,WM2018,2018-06-22,Brazil,Costa Rica,,,,,,,,,,,1.21,6.75,19.5,,,,1.24,7.15,21.9,1.21,6.7,18.82
WM-SWM2018_GD1_G23,weltmeisterschaft,WM2018,2018-06-21,Argentina,Croatia,,,,,,,,,,,2.11,3.22,4.22,,,,2.17,3.54,4.4,2.1,3.27,4.04
WM-SWM2018_GD1_G22,weltmeisterschaft,WM2018,2018-06-21,France,Peru,,,,,,,,,,,1.63,3.99,6.46,,,,1.65,4.1,7.5,1.62,3.84,6.58
WM-SWM2018_GD1_G21,weltmeisterschaft,WM2018,2018-06-21,Denmark,Australia,,,,,,,,,,,1.9,3.5,4.79,,,,2.0,3.5,4.85,1.92,3.42,4.62
WM-SWM2018_GD1_G20,weltmeisterschaft,WM2018,2018-06-20,Iran,Spain,,,,,,,,,,,20.07,6.95,1.21,,,,23.0,7.3,1.25,19.05,6.78,1.21
WM-SWM2018_GD1_G19,weltmeisterschaft,WM2018,2018-06-20,Uruguay,Saudi Arabia,,,,,,,,,,,1.22,6.72,18.5,,,,1.25,7.3,21.0,1.22,6.62,17.46
WM-SWM2018_GD1_G18,weltmeisterschaft,WM2018,2018-06-20,Portugal,Morocco,,,,,,,,,,,1.71,3.66,6.1,,,,1.74,3.85,6.5,1.7,3.67,5.97
WM-SWM2018_GD1_G15,weltmeisterschaft,WM2018,2018-06-19,Russia,Egypt,,,,,,,,,,,1.94,3.7,4.24,,,,2.1,3.72,4.7,1.96,3.51,4.29
WM-SWM2018_GD1_G17,weltmeisterschaft,WM2018,2018-06-19,Poland,Senegal,,,,,,,,,,,2.54,3.1,3.3,,,,2.63,3.2,3.5,2.48,3.07,3.32
WM-SWM2018_GD1_G16,weltmeisterschaft,WM2018,2018-06-19,Colombia,Japan,,,,,,,,,,,1.92,3.36,4.97,,,,1.92,3.5,5.5,1.88,3.34,5.06
WM-SWM2018_GD1_G14,weltmeisterschaft,WM2018,2018-06-18,Tunisia,England,,,,,,,,,,,8.6,4.21,1.5,,,,9.5,4.4,1.53,8.47,4.21,1.48
WM-SWM2018_GD1_G13,weltmeisterschaft,WM2018,2018-06-18,Belgium,Panama,,,,,,,,,,,1.22,6.63,18.82,,,,1.25,7.5,21.0,1.21,6.83,17.92
WM-SWM2018_GD1_G12,weltmeisterschaft,WM2018,2018-06-18,Sweden,South Korea,,,,,,,,,,,2.25,3.09,3.97,,,,2.34,3.15,4.05,2.27,3.04,3.86
WM-SWM2018_GD1_G11,weltmeisterschaft,WM2018,2018-06-17,Brazil,Switzerland,,,,,,,,,,,1.49,4.45,8.1,,,,1.52,4.64,9.0,1.47,4.38,8.2
WM-SWM2018_GD1_G10,weltmeisterschaft,WM2018,2018-06-17,Germany,Mexico,,,,,,,,,,,1.52,4.69,6.8,,,,1.53,4.83,8.25,1.49,4.56,7.31
WM-SWM2018_GD1_G9,weltmeisterschaft,WM2018,2018-06-17,Costa Rica,Serbia,,,,,,,,,,,5.39,3.45,1.83,,,,5.7,3.55,1.95,5.29,3.4,1.84
WM-SWM2018_GD1_G8,weltmeisterschaft,WM2018,2018-06-16,Croatia,Nigeria,,,,,,,,,,,1.69,3.76,6.16,,,,1.71,3.9,6.5,1.68,3.76,5.99
WM-SWM2018_GD1_G7,weltmeisterschaft,WM2018,2018-06-16,Peru,Denmark,,,,,,,,,,,3.67,3.15,2.33,,,,3.9,3.2,2.4,3.68,3.09,2.31
WM-SWM2018_GD1_G6,weltmeisterschaft,WM2018,2018-06-16,Argentina,Iceland,,,,,,,,,,,1.33,5.44,11.98,,,,1.36,5.65,13.0,1.33,5.31,11.04
WM-SWM2018_GD1_G5,weltmeisterschaft,WM2018,2018-06-16,France,Australia,,,,,,,,,,,1.28,7.15,9.91,,,,1.29,7.5,14.0,1.26,6.99,10.6
WM-SWM2018_GD1_G4,weltmeisterschaft,WM2018,2018-06-15,Portugal,Spain,,,,,,,,,,,4.36,3.25,2.07,,,,4.6,3.37,2.1,4.3,3.26,2.03
WM-SWM2018_GD1_G3,weltmeisterschaft,WM2018,2018-06-15,Morocco,Iran,,,,,,,,,,,2.21,3.01,4.25,,,,2.3,3.1,4.4,2.23,2.95,4.11
WM-SWM2018_GD1_G2,weltmeisterschaft,WM2018,2018-06-15,Egypt,Uruguay,,,,,,,,,,,8.82,4.05,1.52,,,,9.2,4.24,1.54,8.35,4.06,1.5
WM-SWM2018_GD1_G1,weltmeisterschaft,WM2018,2018-06-14,Russia,Saudi Arabia,,,,,,,,,,,1.45,4.4,9.45,,,,1.5,4.5,9.75,1.46,4.32,8.92
WM-SWM2014_GD5_G2,weltmeisterschaft,WM2014,2014-07-13,Germany,Argentina,,2.5,3.2,3.2,,,,,,,2.47,3.33,3.21,,,,2.5,3.4,4.0,2.35,3.23,3.3
WM-SWM2014_GD5_G1,weltmeisterschaft,WM2014,2014-07-12,Brazil,Netherlands,,2.1,3.75,3.6,,,,,,,2.11,3.71,3.61,,,,2.3,3.9,3.68,2.15,3.64,3.29
WM-SWM2014_GD4_G2,weltmeisterschaft,WM2014,2014-07-09,Netherlands,Argentina,,3.2,3.25,2.5,,,,,,,3.19,3.24,2.54,,,,3.22,3.4,2.7,3.04,3.19,2.5
WM-SWM2014_GD4_G1,weltmeisterschaft,WM2014,2014-07-08,Brazil,Germany,,2.63,3.25,3.0,,,,,,,2.61,3.19,3.14,,,,2.95,3.3,3.14,2.62,3.14,2.91
WM-SWM2014_GD3_G4,weltmeisterschaft,WM2014,2014-07-05,Netherlands,Costa Rica,,1.53,4.2,7.5,,,,,,,1.53,4.25,7.65,,,,1.56,4.3,7.65,1.52,4.11,6.99
WM-SWM2014_GD3_G3,weltmeisterschaft,WM2014,2014-07-05,Argentina,Belgium,,2.0,3.4,4.33,,,,,,,2.0,3.41,4.35,,,,2.1,3.5,4.5,1.98,3.33,4.2
WM-SWM2014_GD3_G2,weltmeisterschaft,WM2014,2014-07-04,Brazil,Colombia,,1.75,3.9,5.0,,,,,,,1.75,3.87,5.27,,,,1.9,3.95,5.27,1.76,3.73,4.86
WM-SWM2014_GD3_G1,weltmeisterschaft,WM2014,2014-07-04,France,Germany,,2.8,3.2,2.8,,,,,,,2.82,3.25,2.79,,,,3.1,3.25,2.9,2.79,3.11,2.77
WM-SWM2014_GD2_G8,weltmeisterschaft,WM2014,2014-07-01,Belgium,USA,,2.0,3.4,4.33,,,,,,,2.01,3.43,4.32,,,,2.1,3.65,4.42,2.0,3.37,4.04
WM-SWM2014_GD2_G7,weltmeisterschaft,WM2014,2014-07-01,Argentina,Switzerland,,1.57,4.2,6.5,,,,,,,1.57,4.29,6.68,,,,1.59,4.5,7.4,1.56,4.1,6.35
WM-SWM2014_GD2_G6,weltmeisterschaft,WM2014,2014-06-30,Germany,Algeria,,1.33,5.75,10.0,,,,,,,1.32,5.81,11.15,,,,1.34,6.0,13.0,1.31,5.53,10.15
WM-SWM2014_GD2_G5,weltmeisterschaft,WM2014,2014-06-30,France,Nigeria,,1.44,4.75,8.5,,,,,,,1.43,4.74,9.25,,,,1.5,4.85,9.5,1.41,4.6,8.41
WM-SWM2014_GD2_G4,weltmeisterschaft,WM2014,2014-06-29,Costa Rica,Greece,,2.8,3.1,2.9,,,,,,,2.75,3.17,2.95,,,,2.82,3.2,3.2,2.66,3.08,2.9
WM-SWM2014_GD2_G3,weltmeisterschaft,WM2014,2014-06-29,Netherlands,Mexico,,2.2,3.3,3.8,,,,,,,2.19,3.37,3.74,,,,2.21,3.65,4.0,2.13,3.3,3.69
WM-SWM2014_GD2_G1,weltmeisterschaft,WM2014,2014-06-28,Colombia,Uruguay,,2.15,3.4,3.75,,,,,,,2.21,3.38,3.69,,,,2.24,3.55,3.85,2.14,3.32,3.63
WM-SWM2014_GD2_G2,weltmeisterschaft,WM2014,2014-06-28,Brazil,Chile,,1.53,4.5,6.5,,,,,,,1.53,4.68,6.65,,,,1.57,4.8,6.65,1.52,4.42,6.26
WM-SWM2014_GD1_G48,weltmeisterschaft,WM2014,2014-06-26,Algeria,Russia,,3.8,3.8,2.0,,,,,,,3.8,3.87,2.01,,,,5.0,4.0,2.1,3.66,3.65,2.0
WM-SWM2014_GD1_G47,weltmeisterschaft,WM2014,2014-06-26,South Korea,Belgium,,4.75,3.6,1.85,,,,,,,4.82,3.57,1.88,,,,5.3,3.8,1.9,4.58,3.55,1.83
WM-SWM2014_GD1_G45,weltmeisterschaft,WM2014,2014-06-26,Portugal,Ghana,,1.73,5.0,4.0,,,,,,,1.74,5.25,3.95,,,,1.85,5.25,4.5,1.76,4.76,3.75
WM-SWM2014_GD1_G46,weltmeisterschaft,WM2014,2014-06-26,USA,Germany,,9.0,3.2,1.67,,,,,,,8.83,3.23,1.68,,,,9.1,4.33,1.7,8.22,3.12,1.66
WM-SWM2014_GD1_G44,weltmeisterschaft,WM2014,2014-06-25,Ecuador,France,,6.0,4.2,1.62,,,,,,,5.48,4.29,1.65,,,,6.0,4.33,1.85,5.44,4.07,1.62
WM-SWM2014_GD1_G43,weltmeisterschaft,WM2014,2014-06-25,Honduras,Switzerland,,7.5,4.5,1.5,,,,,,,6.99,4.54,1.52,,,,7.5,4.8,1.57,6.92,4.4,1.49
WM-SWM2014_GD1_G42,weltmeisterschaft,WM2014,2014-06-25,Bosnia & Herzegovina,Iran,,2.2,3.6,3.4,,,,,,,2.21,3.65,3.42,,,,2.3,3.75,5.5,2.18,3.52,3.33
WM-SWM2014_GD1_G41,weltmeisterschaft,WM2014,2014-06-25,Nigeria,Argentina,,10.0,4.33,1.44,,,,,,,10.35,4.34,1.44,,,,10.5,5.0,1.55,9.37,4.19,1.43
WM-SWM2014_GD1_G40,weltmeisterschaft,WM2014,2014-06-24,Greece,Ivory Coast,,4.1,3.7,1.95,,,,,,,4.15,3.68,1.97,,,,4.55,3.8,2.3,3.92,3.56,1.97
WM-SWM2014_GD1_G39,weltmeisterschaft,WM2014,2014-06-24,Japan,Colombia,,3.5,3.8,2.1,,,,,,,3.45,3.74,2.16,,,,4.33,3.9,2.17,3.44,3.68,2.07
WM-SWM2014_GD1_G38,weltmeisterschaft,WM2014,2014-06-24,Costa Rica,England,,4.75,4.1,1.75,,,,,,,4.71,4.06,1.78,,,,7.0,4.33,1.85,4.52,3.96,1.76
WM-SWM2014_GD1_G37,weltmeisterschaft,WM2014,2014-06-24,Italy,Uruguay,,2.6,3.6,2.75,,,,,,,2.62,3.63,2.75,,,,2.69,3.65,2.9,2.53,3.44,2.76
WM-SWM2014_GD1_G33,weltmeisterschaft,WM2014,2014-06-23,Cameroon,Brazil,,26.0,10.0,1.13,,,,,,,27.0,9.8,1.14,,,,29.0,11.0,1.18,21.53,9.45,1.13
WM-SWM2014_GD1_G32,weltmeisterschaft,WM2014,2014-06-23,Croatia,Mexico,,2.75,3.6,2.63,,,,,,,2.74,3.64,2.63,,,,2.8,3.75,2.76,2.68,3.43,2.61
WM-SWM2014_GD1_G35,weltmeisterschaft,WM2014,2014-06-23,Australia,Spain,,9.0,5.5,1.36,,,,,,,8.59,5.63,1.37,,,,17.0,6.0,1.5,8.1,5.28,1.37
WM-SWM2014_GD1_G36,weltmeisterschaft,WM2014,2014-06-23,Netherlands,Chile,,2.75,3.6,2.6,,,,,,,2.79,3.63,2.59,,,,2.8,3.85,3.1,2.65,3.48,2.62
WM-SWM2014_GD1_G34,weltmeisterschaft,WM2014,2014-06-22,USA,Portugal,,4.75,4.2,1.75,,,,,,,5.05,4.28,1.7,,,,5.05,4.45,1.9,4.58,4.01,1.73
WM-SWM2014_GD1_G31,weltmeisterschaft,WM2014,2014-06-22,South Korea,Algeria,,2.5,3.4,3.0,,,,,,,2.54,3.3,3.09,,,,2.65,3.4,3.6,2.49,3.25,2.96
WM-SWM2014_GD1_G30,weltmeisterschaft,WM2014,2014-06-22,Belgium,Russia,,2.25,3.4,3.5,,,,,,,2.28,3.41,3.46,,,,2.28,3.65,3.6,2.21,3.31,3.43
WM-SWM2014_GD1_G29,weltmeisterschaft,WM2014,2014-06-21,Nigeria,Bosnia & Herzegovina,,4.5,3.6,1.91,,,,,,,4.35,3.75,1.91,,,,4.5,4.0,2.3,4.21,3.61,1.89
WM-SWM2014_GD1_G28,weltmeisterschaft,WM2014,2014-06-21,Germany,Ghana,,1.36,5.5,9.5,,,,,,,1.35,5.64,9.56,,,,1.41,6.0,11.0,1.33,5.49,9.0
WM-SWM2014_GD1_G27,weltmeisterschaft,WM2014,2014-06-21,Argentina,Iran,,1.14,9.0,23.0,,,,,,,1.16,8.77,21.17,,,,1.16,9.9,26.0,1.14,8.4,20.55
WM-SWM2014_GD1_G26,weltmeisterschaft,WM2014,2014-06-20,Honduras,Ecuador,,6.0,4.25,1.6,,,,,,,5.92,4.4,1.6,,,,6.25,4.5,1.73,5.72,4.14,1.6
WM-SWM2014_GD1_G23,weltmeisterschaft,WM2014,2014-06-20,Switzerland,France,,4.5,3.6,1.91,,,,,,,4.75,3.55,1.89,,,,5.65,3.6,2.0,4.62,3.47,1.84
WM-SWM2014_GD1_G24,weltmeisterschaft,WM2014,2014-06-20,Italy,Costa Rica,,1.62,4.0,6.5,,,,,,,1.6,4.04,6.89,,,,1.63,4.8,9.5,1.56,4.01,6.59
WM-SWM2014_GD1_G25,weltmeisterschaft,WM2014,2014-06-19,Japan,Greece,,2.5,3.4,3.0,,,,,,,2.54,3.47,2.96,,,,2.54,3.7,3.2,2.38,3.33,3.06
WM-SWM2014_GD1_G22,weltmeisterschaft,WM2014,2014-06-19,Uruguay,England,,3.9,3.9,1.95,,,,,,,3.92,3.95,1.95,,,,4.0,4.2,2.8,3.75,3.74,1.97
WM-SWM2014_GD1_G21,weltmeisterschaft,WM2014,2014-06-19,Colombia,Ivory Coast,,2.05,3.6,3.8,,,,,,,2.03,3.66,3.98,,,,2.1,3.66,4.2,2.02,3.49,3.8
WM-SWM2014_GD1_G20,weltmeisterschaft,WM2014,2014-06-18,Cameroon,Croatia,,5.75,4.0,1.67,,,,,,,5.81,4.13,1.65,,,,6.75,4.13,2.05,5.46,3.89,1.65
WM-SWM2014_GD1_G19,weltmeisterschaft,WM2014,2014-06-18,Spain,Chile,,1.6,4.5,5.5,,,,,,,1.59,4.56,5.86,,,,1.73,5.1,6.2,1.57,4.41,5.55
WM-SWM2014_GD1_G18,weltmeisterschaft,WM2014,2014-06-18,Australia,Netherlands,,13.0,7.0,1.25,,,,,,,13.87,6.43,1.26,,,,15.0,7.0,1.36,12.68,6.48,1.24
WM-SWM2014_GD1_G17,weltmeisterschaft,WM2014,2014-06-17,Russia,South Korea,,1.85,3.6,4.75,,,,,,,1.83,3.65,4.97,,,,2.05,3.85,5.1,1.83,3.56,4.6
WM-SWM2014_GD1_G15,weltmeisterschaft,WM2014,2014-06-17,Brazil,Mexico,,1.36,5.25,10.0,,,,,,,1.37,5.37,9.69,,,,1.38,5.8,11.0,1.34,5.25,9.17
WM-SWM2014_GD1_G14,weltmeisterschaft,WM2014,2014-06-17,Belgium,Algeria,,1.33,5.5,11.0,,,,,,,1.35,5.37,10.98,,,,1.36,5.7,13.0,1.34,5.14,9.89
WM-SWM2014_GD1_G16,weltmeisterschaft,WM2014,2014-06-16,Ghana,USA,,2.5,3.4,3.0,,,,,,,2.49,3.49,3.01,,,,2.6,3.65,3.1,2.42,3.39,2.99
WM-SWM2014_GD1_G13,weltmeisterschaft,WM2014,2014-06-16,Iran,Nigeria,,5.0,3.5,1.85,,,,,,,5.04,3.55,1.85,,,,5.3,3.7,2.0,4.77,3.43,1.84
WM-SWM2014_GD1_G12,weltmeisterschaft,WM2014,2014-06-16,Germany,Portugal,,2.15,3.5,3.6,,,,,,,2.18,3.48,3.62,,,,2.18,3.75,4.0,2.07,3.49,3.64
WM-SWM2014_GD1_G11,weltmeisterschaft,WM2014,2014-06-15,Argentina,Bosnia & Herzegovina,,1.3,5.75,12.0,,,,,,,1.33,5.8,10.6,,,,1.36,6.05,12.0,1.31,5.56,10.24
WM-SWM2014_GD1_G10,weltmeisterschaft,WM2014,2014-06-15,France,Honduras,,1.25,6.5,14.0,,,,,,,1.26,6.4,14.55,,,,1.3,6.5,16.3,1.26,5.89,12.4
WM-SWM2014_GD1_G9,weltmeisterschaft,WM2014,2014-06-15,Switzerland,Ecuador,,2.55,3.2,3.1,,,,,,,2.5,3.35,3.12,,,,2.6,3.35,3.3,2.4,3.21,3.13
WM-SWM2014_GD1_G8,weltmeisterschaft,WM2014,2014-06-15,Ivory Coast,Japan,,2.75,3.4,2.7,,,,,,,2.76,3.41,2.75,,,,2.8,3.47,2.9,2.68,3.31,2.7
WM-SWM2014_GD1_G7,weltmeisterschaft,WM2014,2014-06-14,England,Italy,,2.5,3.0,3.4,,,,,,,2.49,3.05,3.45,,,,3.1,3.1,3.45,2.51,2.99,3.23
WM-SWM2014_GD1_G6,weltmeisterschaft,WM2014,2014-06-14,Uruguay,Costa Rica,,1.44,4.33,9.5,,,,,,,1.46,4.35,9.42,,,,1.48,4.7,10.5,1.44,4.2,9.02
WM-SWM2014_GD1_G5,weltmeisterschaft,WM2014,2014-06-14,Colombia,Greece,,1.85,3.3,5.5,,,,,,,1.88,3.32,5.32,,,,1.91,3.75,6.0,1.84,3.26,5.12
WM-SWM2014_GD1_G4,weltmeisterschaft,WM2014,2014-06-13,Chile,Australia,,1.44,4.5,9.0,,,,,,,1.44,4.55,9.44,,,,1.5,4.85,10.5,1.42,4.4,8.63
WM-SWM2014_GD1_G3,weltmeisterschaft,WM2014,2014-06-13,Spain,Netherlands,,1.85,3.4,5.25,,,,,,,1.85,3.44,5.31,,,,1.91,3.5,5.5,1.84,3.32,4.99
WM-SWM2014_GD1_G2,weltmeisterschaft,WM2014,2014-06-13,Mexico,Cameroon,,2.2,3.2,3.9,,,,,,,2.22,3.25,3.82,,,,2.25,3.3,4.0,2.18,3.14,3.74
WM-SWM2014_GD1_G1,weltmeisterschaft,WM2014,2014-06-12,Brazil,Croatia,,1.33,5.0,13.0,,,,,,,1.33,5.16,13.33,,,,1.33,5.5,14.0,1.31,5.11,12.02
CAF-SWMQ2018_GD12_G2,wm-qualifikation-afrika,WMQ2018,2017-11-14,Burkina Faso,Cape Verde,,,,,,,,,,,1.96,3.32,4.59,,,,2.15,3.35,4.7,1.91,3.19,4.25
CAF-SWMQ2018_GD12_G1,wm-qualifikation-afrika,WMQ2018,2017-11-14,Senegal,South Africa,,,,,,,,,,,1.54,4.08,7.37,,,,1.57,4.2,7.65,1.52,3.88,6.65
CAF-SWMQ2018_GD11_G8,wm-qualifikation-afrika,WMQ2018,2017-11-12,Congo,Uganda,,,,,,,,,,,3.12,2.95,2.7,,,,3.25,3.0,2.73,3.04,2.8,2.6
CAF-SWMQ2018_GD11_G9,wm-qualifikation-afrika,WMQ2018,2017-11-12,Ghana,Egypt,,,,,,,,,,,1.97,3.34,4.48,,,,2.15,3.34,4.48,2.03,3.1,3.96
CAF-SWMQ2018_GD11_G6,wm-qualifikation-afrika,WMQ2018,2017-11-11,D.R. Congo,Guinea,,,,,,,,,,,1.37,5.33,8.88,,,,1.41,5.45,9.5,1.36,4.77,7.95
CAF-SWMQ2018_GD11_G4,wm-qualifikation-afrika,WMQ2018,2017-11-11,Gabon,Mali,,,,,,,,,,,2.38,3.04,3.56,,,,2.45,3.1,3.6,2.34,2.9,3.36
CAF-SWMQ2018_GD11_G7,wm-qualifikation-afrika,WMQ2018,2017-11-11,Ivory Coast,Morocco,,,,,,,,,,,2.13,3.08,4.23,,,,2.15,3.2,4.35,2.07,3.0,4.0
CAF-SWMQ2018_GD11_G5,wm-qualifikation-afrika,WMQ2018,2017-11-11,Tunisia,Libya,,,,,,,,,,,1.19,6.95,20.94,,,,1.2,7.27,32.25,1.16,6.42,18.99
CAF-SWMQ2018_GD11_G3,wm-qualifikation-afrika,WMQ2018,2017-11-11,Zambia,Cameroon,,,,,,,,,,,2.7,2.93,3.13,,,,2.78,3.0,3.2,2.63,2.85,2.96
CAF-SWMQ2018_GD11_G2,wm-qualifikation-afrika,WMQ2018,2017-11-10,Algeria,Nigeria,,,,,,,,,,,2.01,3.51,4.03,,,,2.09,3.58,4.32,1.96,3.3,3.94
CAF-SWMQ2018_GD11_G1,wm-qualifikation-afrika,WMQ2018,2017-11-10,South Africa,Senegal,,,,,,,,,,,3.11,2.93,2.72,,,,3.24,2.94,2.77,2.97,2.86,2.6
CONMEBOL-SWMQ2018_GD18_G4,wm-qualifikation-suedamerika,WMQ2018,2017-10-11,Brazil,Chile,,,,,,,,,,,1.58,4.43,5.96,,,,2.0,4.45,6.51,1.58,4.08,5.76
CONMEBOL-SWMQ2018_GD18_G1,wm-qualifikation-suedamerika,WMQ2018,2017-10-11,Ecuador,Argentina,,,,,,,,,,,8.43,4.73,1.44,,,,9.0,5.0,1.5,7.43,4.44,1.43
CONCACAF-SWMQ2018_GD24_G3,wm-qualifikation-nordamerika-mittelamerika,WMQ2018,2017-10-11,Honduras,Mexico,,,,,,,,,,,2.55,3.2,3.08,,,,2.56,3.34,3.2,2.4,3.11,3.01
CONCACAF-SWMQ2018_GD24_G1,wm-qualifikation-nordamerika-mittelamerika,WMQ2018,2017-10-11,Panama,Costa Rica,,,,,,,,,,,1.78,3.66,5.18,,,,1.83,3.75,5.18,1.76,3.46,4.7
CONMEBOL-SWMQ2018_GD18_G3,wm-qualifikation-suedamerika,WMQ2018,2017-10-11,Paraguay,Venezuela,,,,,,,,,,,1.33,5.63,10.35,,,,1.37,5.63,10.5,1.33,5.18,9.07
CONMEBOL-SWMQ2018_GD18_G2,wm-qualifikation-suedamerika,WMQ2018,2017-10-11,Peru,Colombia,,,,,,,,,,,2.92,3.28,2.65,,,,2.92,3.4,2.8,2.73,3.17,2.67
CONCACAF-SWMQ2018_GD24_G2,wm-qualifikation-nordamerika-mittelamerika,WMQ2018,2017-10-11,Trinidad & Tobago,USA,,,,,,,,,,,16.33,5.78,1.26,,,,16.33,5.8,1.31,11.75,5.18,1.27
CONMEBOL-SWMQ2018_GD18_G5,wm-qualifikation-suedamerika,WMQ2018,2017-10-11,Uruguay,Bolivia,,,,,,,,,,,1.14,8.9,26.0,,,,1.2,9.45,31.0,1.13,8.27,21.25
AFC-SWMQ2018_GD29_G1,wm-qualifikation-asien,WMQ2018,2017-10-10,Australia,Syria,,,,,,,,,,,1.35,5.17,10.2,,,,1.4,11.0,10.5,1.33,5.11,9.13
UEFA-SWMQ2018_GD7_G53,wm-qualifikation-europa,WMQ2018,2017-10-10,Belgium,Cyprus,,,,,,,,,,,1.08,13.4,37.0,,,,1.1,15.0,67.0,1.07,12.05,33.75
UEFA-SWMQ2018_GD7_G46,wm-qualifikation-europa,WMQ2018,2017-10-10,Estonia,Bosnia & Herzegovina,,,,,,,,,,,5.02,3.63,1.8,,,,5.6,4.0,1.83,4.87,3.62,1.77
UEFA-SWMQ2018_GD7_G47,wm-qualifikation-europa,WMQ2018,2017-10-10,France,Belarus,,,,,,,,,,,1.04,18.87,51.02,,,,1.06,21.0,67.0,1.04,15.8,44.23
UEFA-SWMQ2018_GD7_G54,wm-qualifikation-europa,WMQ2018,2017-10-10,Greece,Gibraltar,,,,,,,,,,,,,,,,,1.03,61.0,294.55,1.01,30.01,82.35
UEFA-SWMQ2018_GD7_G51,wm-qualifikation-europa,WMQ2018,2017-10-10,Hungary,Faroe Islands,,,,,,,,,,,1.34,5.12,11.94,,,,1.38,6.1,12.0,1.33,5.07,10.4
UEFA-SWMQ2018_GD7_G50,wm-qualifikation-europa,WMQ2018,2017-10-10,Latvia,Andorra,,,,,,,,,,,1.41,4.36,10.39,,,,1.43,5.5,13.0,1.37,4.45,10.52
UEFA-SWMQ2018_GD7_G48,wm-qualifikation-europa,WMQ2018,2017-10-10,Luxembourg,Bulgaria,,,,,,,,,,,5.42,3.75,1.75,,,,5.9,4.0,1.77,5.04,3.76,1.72
UEFA-SWMQ2018_GD7_G49,wm-qualifikation-europa,WMQ2018,2017-10-10,Netherlands,Sweden,,,,,,,,,,,1.85,4.27,3.96,,,,1.91,4.35,4.15,1.85,4.11,3.85
UEFA-SWMQ2018_GD7_G52,wm-qualifikation-europa,WMQ2018,2017-10-10,Portugal,Switzerland,,,,,,,,,,,1.63,4.06,6.01,,,,1.75,4.15,6.21,1.62,3.94,5.77
UEFA-SWMQ2018_GD7_G45,wm-qualifikation-europa,WMQ2018,2017-10-09,Albania,Italy,,,,,,,,,,,8.72,4.16,1.5,,,,8.72,7.25,1.55,7.54,4.05,1.5
UEFA-SWMQ2018_GD7_G39,wm-qualifikation-europa,WMQ2018,2017-10-09,Finland,Turkey,,,,,,,,,,,2.95,3.27,2.63,,,,3.0,6.25,2.75,2.86,3.24,2.58
UEFA-SWMQ2018_GD7_G42,wm-qualifikation-europa,WMQ2018,2017-10-09,FYR Macedonia,Liechtenstein,,,,,,,,,,,1.1,9.67,37.42,,,,1.13,11.0,44.0,1.09,9.41,32.18
UEFA-SWMQ2018_GD7_G37,wm-qualifikation-europa,WMQ2018,2017-10-09,Iceland,Kosovo,,,,,,,,,,,1.09,12.0,32.5,,,,1.11,13.5,51.0,1.08,11.02,33.46
UEFA-SWMQ2018_GD7_G40,wm-qualifikation-europa,WMQ2018,2017-10-09,Israel,Spain,,,,,,,,,,,13.65,6.49,1.24,,,,15.0,11.0,1.3,12.68,6.36,1.23
UEFA-SWMQ2018_GD7_G41,wm-qualifikation-europa,WMQ2018,2017-10-09,Moldova,Austria,,,,,,,,,,,9.33,4.88,1.39,,,,10.0,8.0,1.45,8.67,4.75,1.39
UEFA-SWMQ2018_GD7_G44,wm-qualifikation-europa,WMQ2018,2017-10-09,Serbia,Georgia,,,,,,,,,,,1.12,9.19,26.11,,,,1.15,10.5,30.0,1.13,8.64,22.83
UEFA-SWMQ2018_GD7_G38,wm-qualifikation-europa,WMQ2018,2017-10-09,Ukraine,Croatia,,,,,,,,,,,2.99,3.61,2.41,,,,3.3,3.7,2.5,3.01,3.48,2.34
UEFA-SWMQ2018_GD7_G43,wm-qualifikation-europa,WMQ2018,2017-10-09,Wales,Ireland,,,,,,,,,,,2.21,3.2,3.85,,,,2.27,6.75,3.9,2.17,3.3,3.66
UEFA-SWMQ2018_GD7_G30,wm-qualifikation-europa,WMQ2018,2017-10-08,Czech Republic,San Marino,,,,,,,,,,,,,,,,,1.02,66.55,380.05,1.01,32.63,101.22
UEFA-SWMQ2018_GD7_G33,wm-qualifikation-europa,WMQ2018,2017-10-08,Denmark,Romania,,,,,,,,,,,1.35,5.12,11.07,,,,1.39,10.0,13.5,1.33,5.16,10.19
CAF-SWMQ2018_GD10_G10,wm-qualifikation-afrika,WMQ2018,2017-10-08,Egypt,Congo,,,,,,,,,,,1.21,6.7,19.0,,,,1.32,7.27,26.0,1.18,6.47,17.11
UEFA-SWMQ2018_GD7_G29,wm-qualifikation-europa,WMQ2018,2017-10-08,Germany,Azerbaijan,,,,,,,,,,,1.03,30.52,36.73,,,,1.04,30.52,126.0,1.03,21.11,59.15
UEFA-SWMQ2018_GD7_G35,wm-qualifikation-europa,WMQ2018,2017-10-08,Kazakhstan,Armenia,,,,,,,,,,,2.5,3.57,2.89,,,,2.6,3.6,2.95,2.48,3.44,2.84
UEFA-SWMQ2018_GD7_G32,wm-qualifikation-europa,WMQ2018,2017-10-08,Lithuania,England,,,,,,,,,,,16.1,6.34,1.24,,,,19.0,9.0,1.35,14.49,6.21,1.23
UEFA-SWMQ2018_GD7_G28,wm-qualifikation-europa,WMQ2018,2017-10-08,Norway,Northern Ireland,,,,,,,,,,,2.34,3.26,3.44,,,,2.5,6.75,3.5,2.32,3.34,3.28
UEFA-SWMQ2018_GD7_G34,wm-qualifikation-europa,WMQ2018,2017-10-08,Poland,Montenegro,,,,,,,,,,,1.3,5.75,11.87,,,,1.34,6.0,13.0,1.29,5.61,11.01
UEFA-SWMQ2018_GD7_G36,wm-qualifikation-europa,WMQ2018,2017-10-08,Slovakia,Malta,,,,,,,,,,,1.04,20.41,42.18,,,,1.07,21.9,95.05,1.04,16.78,47.32
UEFA-SWMQ2018_GD7_G31,wm-qualifikation-europa,WMQ2018,2017-10-08,Slovenia,Scotland,,,,,,,,,,,2.87,3.42,2.64,,,,3.1,6.75,3.15,2.88,3.34,2.56
UEFA-SWMQ2018_GD7_G20,wm-qualifikation-europa,WMQ2018,2017-10-07,Andorra,Portugal,,,,,,,,,,,,,,,,,190.05,36.15,1.04,72.88,24.42,1.02
UEFA-SWMQ2018_GD7_G22,wm-qualifikation-europa,WMQ2018,2017-10-07,Belarus,Netherlands,,,,,,,,,,,15.25,7.9,1.2,,,,17.0,8.4,1.27,13.37,7.23,1.2
UEFA-SWMQ2018_GD7_G23,wm-qualifikation-europa,WMQ2018,2017-10-07,Bosnia & Herzegovina,Belgium,,,,,,,,,,,3.7,3.76,2.05,,,,3.8,3.85,2.4,3.45,3.66,2.08
UEFA-SWMQ2018_GD7_G27,wm-qualifikation-europa,WMQ2018,2017-10-07,Bulgaria,France,,,,,,,,,,,16.0,6.68,1.23,,,,16.2,11.0,1.27,13.46,6.62,1.22
CAF-SWMQ2018_GD10_G5,wm-qualifikation-afrika,WMQ2018,2017-10-07,Cameroon,Algeria,,,,,,,,,,,1.72,3.69,5.62,,,,1.8,3.75,5.62,1.73,3.46,4.98
CAF-SWMQ2018_GD10_G2,wm-qualifikation-afrika,WMQ2018,2017-10-07,Cape Verde,Senegal,,,,,,,,,,,3.88,3.18,2.19,,,,4.0,3.25,2.3,3.65,3.04,2.15
CONCACAF-SWMQ2018_GD23_G3,wm-qualifikation-nordamerika-mittelamerika,WMQ2018,2017-10-07,Costa Rica,Honduras,,,,,,,,,,,1.7,3.56,6.21,,,,1.73,3.6,6.7,1.65,3.44,5.73
UEFA-SWMQ2018_GD7_G19,wm-qualifikation-europa,WMQ2018,2017-10-07,Cyprus,Greece,,,,,,,,,,,7.75,3.75,1.58,,,,8.03,4.0,1.67,7.01,3.78,1.57
UEFA-SWMQ2018_GD7_G25,wm-qualifikation-europa,WMQ2018,2017-10-07,Faroe Islands,Latvia,,,,,,,,,,,2.36,3.2,3.46,,,,2.45,3.25,3.6,2.35,3.1,3.38
UEFA-SWMQ2018_GD7_G24,wm-qualifikation-europa,WMQ2018,2017-10-07,Gibraltar,Estonia,,,,,,,,,,,22.5,8.0,1.16,,,,26.0,10.5,1.19,20.41,7.81,1.15
CAF-SWMQ2018_GD10_G4,wm-qualifikation-afrika,WMQ2018,2017-10-07,Guinea,Tunisia,,,,,,,,,,,3.32,3.04,2.5,,,,3.7,3.2,2.55,3.1,2.99,2.42
CAF-SWMQ2018_GD10_G3,wm-qualifikation-afrika,WMQ2018,2017-10-07,Libya,D.R. Congo,,,,,,,,,,,4.76,3.46,1.88,,,,5.5,3.46,2.05,4.33,3.24,1.89
CONCACAF-SWMQ2018_GD23_G2,wm-qualifikation-nordamerika-mittelamerika,WMQ2018,2017-10-07,Mexico,Trinidad & Tobago,,,,,,,,,,,1.13,9.38,26.82,,,,1.15,9.5,34.0,1.12,8.22,22.26
CAF-SWMQ2018_GD10_G8,wm-qualifikation-afrika,WMQ2018,2017-10-07,Morocco,Gabon,,,,,,,,,,,1.45,4.22,9.75,,,,1.46,4.35,10.75,1.42,4.01,8.88
CAF-SWMQ2018_GD10_G9,wm-qualifikation-afrika,WMQ2018,2017-10-07,Nigeria,Zambia,,,,,,,,,,,1.4,4.36,11.22,,,,1.42,4.6,12.75,1.38,4.19,9.93
CAF-SWMQ2018_GD10_G7,wm-qualifikation-afrika,WMQ2018,2017-10-07,South Africa,Burkina Faso,,,,,,,,,,,2.0,3.27,4.48,,,,2.05,3.35,4.75,1.97,3.09,4.23
UEFA-SWMQ2018_GD7_G26,wm-qualifikation-europa,WMQ2018,2017-10-07,Sweden,Luxembourg,,,,,,,,,,,1.06,15.5,41.0,,,,1.08,21.0,67.0,1.05,16.09,37.25
UEFA-SWMQ2018_GD7_G21,wm-qualifikation-europa,WMQ2018,2017-10-07,Switzerland,Hungary,,,,,,,,,,,1.38,5.09,9.32,,,,1.41,5.5,12.0,1.36,4.85,9.8
CAF-SWMQ2018_GD10_G6,wm-qualifikation-afrika,WMQ2018,2017-10-07,Uganda,Ghana,,,,,,,,,,,2.63,2.9,3.27,,,,2.63,3.05,3.55,2.45,2.82,3.25
CONCACAF-SWMQ2018_GD23_G1,wm-qualifikation-nordamerika-mittelamerika,WMQ2018,2017-10-07,USA,Panama,,,,,,,,,,,1.6,3.99,6.53,,,,1.63,4.1,7.25,1.55,3.79,6.27
CONMEBOL-SWMQ2018_GD17_G3,wm-qualifikation-suedamerika,WMQ2018,2017-10-06,Argentina,Peru,,,,,,,,,,,1.22,7.25,14.16,,,,1.25,8.75,14.77,1.22,6.56,12.17
UEFA-SWMQ2018_GD7_G15,wm-qualifikation-europa,WMQ2018,2017-10-06,Austria,Serbia,,,,,,,,,,,4.06,3.52,2.02,,,,4.06,5.75,2.2,3.75,3.5,2.05
CONMEBOL-SWMQ2018_GD17_G5,wm-qualifikation-suedamerika,WMQ2018,2017-10-06,Chile,Ecuador,,,,,,,,,,,1.33,5.89,9.81,,,,1.37,5.89,10.0,1.33,5.33,8.97
CONMEBOL-SWMQ2018_GD17_G4,wm-qualifikation-suedamerika,WMQ2018,2017-10-06,Colombia,Paraguay,,,,,,,,,,,1.38,4.92,10.22,,,,1.45,5.0,10.26,1.37,4.7,9.02
UEFA-SWMQ2018_GD7_G12,wm-qualifikation-europa,WMQ2018,2017-10-06,Croatia,Finland,,,,,,,,,,,1.14,8.55,31.0,,,,1.19,9.0,33.3,1.13,8.2,25.59
UEFA-SWMQ2018_GD7_G17,wm-qualifikation-europa,WMQ2018,2017-10-06,Georgia,Wales,,,,,,,,,,,5.03,3.44,1.87,,,,5.03,6.75,1.95,4.6,3.53,1.87
UEFA-SWMQ2018_GD7_G16,wm-qualifikation-europa,WMQ2018,2017-10-06,Ireland,Moldova,,,,,,,,,,,1.11,9.78,33.97,,,,1.14,10.5,47.55,1.11,9.28,31.46
UEFA-SWMQ2018_GD7_G18,wm-qualifikation-europa,WMQ2018,2017-10-06,Italy,FYR Macedonia,,,,,,,,,,,1.13,10.12,27.0,,,,1.15,13.0,41.0,1.1,9.95,26.55
UEFA-SWMQ2018_GD7_G10,wm-qualifikation-europa,WMQ2018,2017-10-06,Kosovo,Ukraine,,,,,,,,,,,23.6,8.15,1.16,,,,26.0,9.17,1.18,20.15,8.04,1.14
UEFA-SWMQ2018_GD7_G14,wm-qualifikation-europa,WMQ2018,2017-10-06,Liechtenstein,Israel,,,,,,,,,,,18.0,7.25,1.19,,,,22.0,7.75,1.22,18.08,7.01,1.18
CAF-SWMQ2018_GD10_G1,wm-qualifikation-afrika,WMQ2018,2017-10-06,Mali,Ivory Coast,,,,,,,,,,,4.1,3.35,2.05,,,,4.24,3.45,2.1,3.85,3.22,2.0
UEFA-SWMQ2018_GD7_G13,wm-qualifikation-europa,WMQ2018,2017-10-06,Spain,Albania,,,,,,,,,,,1.08,13.5,33.0,,,,1.1,16.0,51.0,1.07,12.62,35.74
UEFA-SWMQ2018_GD7_G11,wm-qualifikation-europa,WMQ2018,2017-10-06,Turkey,Iceland,,,,,,,,,,,1.86,3.55,4.85,,,,1.94,6.5,5.1,1.85,3.6,4.52
UEFA-SWMQ2018_GD7_G7,wm-qualifikation-europa,WMQ2018,2017-10-05,Armenia,Poland,,,,,,,,,,,14.0,6.48,1.25,,,,15.0,8.0,1.31,12.05,6.35,1.24
UEFA-SWMQ2018_GD7_G8,wm-qualifikation-europa,WMQ2018,2017-10-05,Azerbaijan,Czech Republic,,,,,,,,,,,4.41,3.32,2.01,,,,4.5,7.0,2.06,4.17,3.5,1.95
CONMEBOL-SWMQ2018_GD17_G1,wm-qualifikation-suedamerika,WMQ2018,2017-10-05,Bolivia,Brazil,,,,,,,,,,,4.92,3.9,1.77,,,,5.05,4.05,1.9,4.52,3.78,1.76
UEFA-SWMQ2018_GD7_G3,wm-qualifikation-europa,WMQ2018,2017-10-05,England,Slovenia,,,,,,,,,,,1.3,5.71,12.29,,,,1.36,5.9,13.0,1.29,5.35,11.21
UEFA-SWMQ2018_GD7_G4,wm-qualifikation-europa,WMQ2018,2017-10-05,Malta,Lithuania,,,,,,,,,,,3.94,3.38,2.1,,,,4.1,3.45,2.15,3.85,3.25,2.08
UEFA-SWMQ2018_GD7_G2,wm-qualifikation-europa,WMQ2018,2017-10-05,Montenegro,Denmark,,,,,,,,,,,3.62,3.44,2.18,,,,3.7,3.6,2.3,3.5,3.37,2.14
UEFA-SWMQ2018_GD7_G9,wm-qualifikation-europa,WMQ2018,2017-10-05,Northern Ireland,Germany,,,,,,,,,,,10.5,5.35,1.34,,,,11.0,8.75,1.37,9.78,5.34,1.33
UEFA-SWMQ2018_GD7_G5,wm-qualifikation-europa,WMQ2018,2017-10-05,Romania,Kazakhstan,,,,,,,,,,,1.26,6.17,14.0,,,,1.3,6.4,17.0,1.25,5.92,13.0
UEFA-SWMQ2018_GD7_G6,wm-qualifikation-europa,WMQ2018,2017-10-05,San Marino,Norway,,,,,,,,,,,,,,,,,71.0,25.25,1.06,48.38,17.82,1.03
UEFA-SWMQ2018_GD7_G1,wm-qualifikation-europa,WMQ2018,2017-10-05,Scotland,Slovakia,,,,,,,,,,,2.3,3.2,3.59,,,,2.4,7.25,3.9,2.25,3.36,3.42
AFC-SWMQ2018_GD28_G1,wm-qualifikation-asien,WMQ2018,2017-10-05,Syria,Australia,,,,,,,,,,,5.84,3.35,1.79,,,,6.1,3.6,1.84,5.33,3.38,1.73
CONMEBOL-SWMQ2018_GD17_G2,wm-qualifikation-suedamerika,WMQ2018,2017-10-05,Venezuela,Uruguay,,,,,,,,,,,5.28,3.97,1.71,,,,5.5,4.0,1.75,5.02,3.79,1.69
CONMEBOL-SWMQ2018_GD16_G4,wm-qualifikation-suedamerika,WMQ2018,2017-09-06,Argentina,Venezuela,,,,,,,,,,,1.06,17.9,36.7,,,,1.09,17.9,51.0,1.06,13.27,32.49
CONCACAF-SWMQ2018_GD22_G2,wm-qualifikation-nordamerika-mittelamerika,WMQ2018,2017-09-06,Costa Rica,Mexico,,,,,,,,,,,,,,,,,2.98,3.0,3.06,2.74,2.8,2.88
CONCACAF-SWMQ2018_GD22_G3,wm-qualifikation-nordamerika-mittelamerika,WMQ2018,2017-09-06,Panama,Trinidad & Tobago,,,,,,,,,,,1.51,4.01,8.61,,,,1.51,4.85,13.75,1.43,4.0,8.79
CONMEBOL-SWMQ2018_GD16_G5,wm-qualifikation-suedamerika,WMQ2018,2017-09-06,Paraguay,Uruguay,,,,,,,,,,,2.92,3.19,2.71,,,,2.99,3.4,2.71,2.83,3.15,2.59
CAF-SWMQ2018_GD9_G3,wm-qualifikation-afrika,WMQ2018,2017-09-05,Algeria,Zambia,,,,,,,,,,,1.68,3.86,5.67,,,,1.7,3.92,6.15,1.64,3.64,5.38
AFC-SWMQ2018_GD27_G1,wm-qualifikation-asien,WMQ2018,2017-09-05,Australia,Thailand,,,,,,,,,,,1.08,13.29,35.08,,,,1.09,15.5,57.05,1.06,12.9,32.65
UEFA-SWMQ2018_GD6_G46,wm-qualifikation-europa,WMQ2018,2017-09-05,Austria,Georgia,,,,,,,,,,,1.37,5.22,10.36,,,,1.42,5.25,11.0,1.37,4.83,9.38
CONMEBOL-SWMQ2018_GD16_G2,wm-qualifikation-suedamerika,WMQ2018,2017-09-05,Bolivia,Chile,,,,,,,,,,,4.72,3.91,1.79,,,,5.0,4.1,1.91,4.35,3.7,1.8
CAF-SWMQ2018_GD9_G8,wm-qualifikation-afrika,WMQ2018,2017-09-05,Burkina Faso,Senegal,,,,,,,,,,,3.05,3.14,2.6,,,,3.08,3.2,2.66,2.93,2.99,2.51
CONMEBOL-SWMQ2018_GD16_G3,wm-qualifikation-suedamerika,WMQ2018,2017-09-05,Colombia,Brazil,,,,,,,,,,,3.0,3.4,2.52,,,,3.22,3.7,2.52,2.99,3.29,2.4
CAF-SWMQ2018_GD9_G4,wm-qualifikation-afrika,WMQ2018,2017-09-05,Congo,Ghana,,,,,,,,,,,3.81,3.37,2.12,,,,4.06,3.48,2.12,3.74,3.23,2.02
CAF-SWMQ2018_GD9_G6,wm-qualifikation-afrika,WMQ2018,2017-09-05,D.R. Congo,Tunisia,,,,,,,,,,,2.56,3.14,3.11,,,,2.58,3.3,3.35,2.39,3.07,3.02
CONMEBOL-SWMQ2018_GD16_G1,wm-qualifikation-suedamerika,WMQ2018,2017-09-05,Ecuador,Peru,,,,,,,,,,,1.55,4.51,6.37,,,,1.65,4.8,6.5,1.54,4.25,5.95
CAF-SWMQ2018_GD9_G9,wm-qualifikation-afrika,WMQ2018,2017-09-05,Egypt,Uganda,,,,,,,,,,,1.43,4.25,10.41,,,,1.43,4.44,11.92,1.38,4.04,9.87
UEFA-SWMQ2018_GD6_G54,wm-qualifikation-europa,WMQ2018,2017-09-05,FYR Macedonia,Albania,,,,,,,,,,,2.88,3.05,2.9,,,,2.95,3.15,2.93,2.82,2.99,2.81
CONCACAF-SWMQ2018_GD22_G1,wm-qualifikation-nordamerika-mittelamerika,WMQ2018,2017-09-05,Honduras,USA,,,,,,,,,,,3.16,3.19,2.5,,,,3.36,3.36,2.5,3.06,3.13,2.36
UEFA-SWMQ2018_GD6_G51,wm-qualifikation-europa,WMQ2018,2017-09-05,Iceland,Ukraine,,,,,,,,,,,2.95,3.13,2.77,,,,3.13,3.3,2.85,2.87,3.12,2.65
AFC-SWMQ2018_GD27_G5,wm-qualifikation-asien,WMQ2018,2017-09-05,Iran,Syria,,,,,,,,,,,1.88,3.65,4.45,,,,2.05,3.65,5.0,1.84,3.34,4.54
AFC-SWMQ2018_GD27_G2,wm-qualifikation-asien,WMQ2018,2017-09-05,Iraq,United Arab Emirates,,,,,,,,,,,2.47,3.25,3.15,,,,2.5,3.42,3.45,2.31,3.2,3.12
UEFA-SWMQ2018_GD6_G47,wm-qualifikation-europa,WMQ2018,2017-09-05,Ireland,Serbia,,,,,,,,,,,3.1,2.97,2.77,,,,3.22,3.1,2.77,3.02,2.99,2.63
UEFA-SWMQ2018_GD6_G49,wm-qualifikation-europa,WMQ2018,2017-09-05,Italy,Israel,,,,,,,,,,,1.1,10.83,38.47,,,,1.13,11.5,38.47,1.1,9.94,27.81
CAF-SWMQ2018_GD9_G7,wm-qualifikation-afrika,WMQ2018,2017-09-05,Ivory Coast,Gabon,,,,,,,,,,,1.22,6.39,18.11,,,,1.27,6.8,23.0,1.2,5.81,16.16
UEFA-SWMQ2018_GD6_G53,wm-qualifikation-europa,WMQ2018,2017-09-05,Kosovo,Finland,,,,,,,,,,,4.05,3.69,1.99,,,,5.25,3.76,1.99,4.6,3.5,1.85
UEFA-SWMQ2018_GD6_G50,wm-qualifikation-europa,WMQ2018,2017-09-05,Liechtenstein,Spain,,,,,,,,,,,,,,,,,294.55,57.05,1.02,88.33,35.63,1.01
CAF-SWMQ2018_GD9_G10,wm-qualifikation-afrika,WMQ2018,2017-09-05,Mali,Morocco,,,,,,,,,,,3.69,3.21,2.24,,,,3.9,3.35,2.24,3.57,3.15,2.11
UEFA-SWMQ2018_GD6_G48,wm-qualifikation-europa,WMQ2018,2017-09-05,Moldova,Wales,,,,,,,,,,,17.39,6.35,1.24,,,,19.0,6.6,1.28,15.94,6.02,1.23
AFC-SWMQ2018_GD27_G3,wm-qualifikation-asien,WMQ2018,2017-09-05,Qatar,China,,,,,,,,,,,4.01,4.39,1.81,,,,4.75,4.39,1.85,4.16,3.83,1.77
AFC-SWMQ2018_GD27_G6,wm-qualifikation-asien,WMQ2018,2017-09-05,Saudi Arabia,Japan,,,,,,,,,,,2.77,3.24,2.77,,,,2.77,3.38,3.25,2.54,3.2,2.8
OFC-SWMQ2018_GD19_G1,wm-qualifikation-ozeanien,WMQ2018,2017-09-05,Solomon Islands,New Zealand,,,,,,,,,,,,,,,,,17.0,9.61,1.21,11.73,7.17,1.15
CAF-SWMQ2018_GD9_G5,wm-qualifikation-afrika,WMQ2018,2017-09-05,South Africa,Cape Verde,,,,,,,,,,,1.53,4.15,7.45,,,,1.55,4.2,8.6,1.48,3.91,7.06
UEFA-SWMQ2018_GD6_G52,wm-qualifikation-europa,WMQ2018,2017-09-05,Turkey,Croatia,,,,,,,,,,,3.85,3.35,2.17,,,,4.15,3.5,2.25,3.67,3.3,2.13
AFC-SWMQ2018_GD27_G4,wm-qualifikation-asien,WMQ2018,2017-09-05,Uzbekistan,South Korea,,,,,,,,,,,3.64,3.44,2.15,,,,3.9,3.5,2.28,3.45,3.19,2.15
UEFA-SWMQ2018_GD6_G45,wm-qualifikation-europa,WMQ2018,2017-09-04,Armenia,Denmark,,,,,,,,,,,9.83,4.94,1.39,,,,9.83,5.2,1.43,8.75,4.83,1.38
UEFA-SWMQ2018_GD6_G43,wm-qualifikation-europa,WMQ2018,2017-09-04,Azerbaijan,San Marino,,,,,,,,,,,1.1,11.5,39.0,,,,1.11,13.0,56.0,1.08,10.94,37.18
CAF-SWMQ2018_GD9_G1,wm-qualifikation-afrika,WMQ2018,2017-09-04,Cameroon,Nigeria,,,,,,,,,,,3.0,3.29,2.54,,,,3.09,3.35,3.25,2.87,3.19,2.43
UEFA-SWMQ2018_GD6_G37,wm-qualifikation-europa,WMQ2018,2017-09-04,England,Slovakia,,,,,,,,,,,1.38,4.95,10.3,,,,1.41,5.3,11.92,1.36,4.86,10.0
UEFA-SWMQ2018_GD6_G41,wm-qualifikation-europa,WMQ2018,2017-09-04,Germany,Norway,,,,,,,,,,,1.17,8.5,19.5,,,,1.2,9.7,29.5,1.16,7.99,19.8
CAF-SWMQ2018_GD9_G2,wm-qualifikation-afrika,WMQ2018,2017-09-04,Libya,Guinea,,,,,,,,,,,3.61,3.43,2.17,,,,3.65,3.46,2.3,3.39,3.28,2.12
UEFA-SWMQ2018_GD6_G40,wm-qualifikation-europa,WMQ2018,2017-09-04,Montenegro,Romania,,,,,,,,,,,2.27,3.42,3.42,,,,2.62,3.5,3.58,2.27,3.31,3.33
UEFA-SWMQ2018_GD6_G42,wm-qualifikation-europa,WMQ2018,2017-09-04,Northern Ireland,Czech Republic,,,,,,,,,,,3.25,3.12,2.52,,,,3.3,3.3,2.8,3.16,3.04,2.5
UEFA-SWMQ2018_GD6_G44,wm-qualifikation-europa,WMQ2018,2017-09-04,Poland,Kazakhstan,,,,,,,,,,,1.08,14.0,38.0,,,,1.12,14.5,51.0,1.08,11.83,33.75
UEFA-SWMQ2018_GD6_G39,wm-qualifikation-europa,WMQ2018,2017-09-04,Scotland,Malta,,,,,,,,,,,1.06,16.15,45.5,,,,1.08,18.5,71.75,1.05,14.29,44.46
UEFA-SWMQ2018_GD6_G38,wm-qualifikation-europa,WMQ2018,2017-09-04,Slovenia,Lithuania,,,,,,,,,,,1.38,4.76,10.82,,,,1.4,5.3,13.0,1.37,4.61,10.54
UEFA-SWMQ2018_GD6_G33,wm-qualifikation-europa,WMQ2018,2017-09-03,Belarus,Sweden,,,,,,,,,,,6.42,4.06,1.62,,,,7.6,4.1,1.74,6.22,3.81,1.62
UEFA-SWMQ2018_GD6_G35,wm-qualifikation-europa,WMQ2018,2017-09-03,Croatia,Kosovo,,,,,,,,,,,,,,,,,1.08,16.2,95.05,1.05,14.22,52.32
UEFA-SWMQ2018_GD6_G32,wm-qualifikation-europa,WMQ2018,2017-09-03,Estonia,Cyprus,,,,,,,,,,,3.41,3.09,2.48,,,,3.5,3.25,2.88,3.21,3.03,2.49
UEFA-SWMQ2018_GD6_G36,wm-qualifikation-europa,WMQ2018,2017-09-03,Faroe Islands,Andorra,,,,,,,,,,,1.56,3.76,8.31,,,,1.6,4.2,8.5,1.54,3.72,7.84
UEFA-SWMQ2018_GD6_G31,wm-qualifikation-europa,WMQ2018,2017-09-03,France,Luxembourg,,,,,,,,,,,,,,,,,1.02,95.05,503.55,1.01,39.89,104.47
UEFA-SWMQ2018_GD6_G27,wm-qualifikation-europa,WMQ2018,2017-09-03,Gibraltar,Bosnia & Herzegovina,,,,,,,,,,,,,,,,,285.05,90.3,1.02,82.92,34.35,1.01
UEFA-SWMQ2018_GD6_G28,wm-qualifikation-europa,WMQ2018,2017-09-03,Greece,Belgium,,,,,,,,,,,6.39,4.14,1.61,,,,7.5,4.3,1.61,6.49,4.05,1.56
UEFA-SWMQ2018_GD6_G29,wm-qualifikation-europa,WMQ2018,2017-09-03,Hungary,Portugal,,,,,,,,,,,9.0,4.72,1.43,,,,9.0,5.0,1.48,7.99,4.61,1.43
UEFA-SWMQ2018_GD6_G30,wm-qualifikation-europa,WMQ2018,2017-09-03,Latvia,Switzerland,,,,,,,,,,,14.13,5.87,1.28,,,,15.72,6.15,1.3,13.25,5.63,1.26
UEFA-SWMQ2018_GD6_G34,wm-qualifikation-europa,WMQ2018,2017-09-03,Netherlands,Bulgaria,,,,,,,,,,,1.31,6.07,10.98,,,,1.33,6.3,12.5,1.3,5.8,9.94
UEFA-SWMQ2018_GD6_G23,wm-qualifikation-europa,WMQ2018,2017-09-02,Albania,Liechtenstein,,,,,,,,,,,1.06,15.61,47.33,,,,1.1,17.5,57.08,1.06,13.09,40.56
UEFA-SWMQ2018_GD6_G26,wm-qualifikation-europa,WMQ2018,2017-09-02,Finland,Iceland,,,,,,,,,,,4.4,3.46,1.96,,,,4.6,3.55,2.02,4.25,3.37,1.94
CAF-SWMQ2018_GD8_G10,wm-qualifikation-afrika,WMQ2018,2017-09-02,Gabon,Ivory Coast,,,,,,,,,,,4.28,3.08,2.12,,,,4.28,3.1,2.6,3.87,2.91,2.15
UEFA-SWMQ2018_GD6_G24,wm-qualifikation-europa,WMQ2018,2017-09-02,Georgia,Ireland,,,,,,,,,,,5.2,3.27,1.9,,,,5.4,3.6,1.95,4.9,3.28,1.87
UEFA-SWMQ2018_GD6_G21,wm-qualifikation-europa,WMQ2018,2017-09-02,Israel,FYR Macedonia,,,,,,,,,,,1.72,3.8,5.57,,,,1.75,3.95,6.07,1.69,3.78,5.34
CONCACAF-SWMQ2018_GD21_G3,wm-qualifikation-nordamerika-mittelamerika,WMQ2018,2017-09-02,Mexico,Panama,,,,,,,,,,,1.28,5.36,15.57,,,,1.37,5.75,22.25,1.27,5.01,13.05
CAF-SWMQ2018_GD8_G8,wm-qualifikation-afrika,WMQ2018,2017-09-02,Senegal,Burkina Faso,,,,,,,,,,,1.44,4.32,9.42,,,,1.64,4.4,10.25,1.43,4.01,8.49
UEFA-SWMQ2018_GD6_G25,wm-qualifikation-europa,WMQ2018,2017-09-02,Serbia,Moldova,,,,,,,,,,,1.11,10.55,33.15,,,,1.14,10.97,41.0,1.11,9.47,29.77
UEFA-SWMQ2018_GD6_G20,wm-qualifikation-europa,WMQ2018,2017-09-02,Spain,Italy,,,,,,,,,,,1.71,3.68,5.88,,,,1.85,3.7,5.88,1.73,3.54,5.33
CONCACAF-SWMQ2018_GD21_G2,wm-qualifikation-nordamerika-mittelamerika,WMQ2018,2017-09-02,Trinidad & Tobago,Honduras,,,,,,,,,,,3.11,3.15,2.56,,,,3.28,3.25,2.6,3.02,3.04,2.46
UEFA-SWMQ2018_GD6_G19,wm-qualifikation-europa,WMQ2018,2017-09-02,Ukraine,Turkey,,,,,,,,,,,2.24,3.28,3.65,,,,2.35,3.35,3.71,2.23,3.19,3.5
UEFA-SWMQ2018_GD6_G22,wm-qualifikation-europa,WMQ2018,2017-09-02,Wales,Austria,,,,,,,,,,,2.22,3.37,3.61,,,,2.32,3.41,3.75,2.21,3.24,3.54
CAF-SWMQ2018_GD8_G9,wm-qualifikation-afrika,WMQ2018,2017-09-02,Zambia,Algeria,,,,,,,,,,,3.35,3.2,2.39,,,,3.5,3.25,2.55,3.18,3.06,2.33
CONMEBOL-SWMQ2018_GD15_G4,wm-qualifikation-suedamerika,WMQ2018,2017-09-01,Brazil,Ecuador,,,,,,,,,,,1.19,7.6,20.8,,,,1.27,7.75,21.5,1.19,6.8,15.44
CAF-SWMQ2018_GD8_G6,wm-qualifikation-afrika,WMQ2018,2017-09-01,Cape Verde,South Africa,,,,,,,,,,,4.26,2.98,2.18,,,,4.26,3.15,2.7,3.71,2.92,2.18
UEFA-SWMQ2018_GD6_G13,wm-qualifikation-europa,WMQ2018,2017-09-01,Czech Republic,Germany,,,,,,,,,,,7.0,5.19,1.46,,,,8.84,5.3,1.5,6.87,4.92,1.44
UEFA-SWMQ2018_GD6_G15,wm-qualifikation-europa,WMQ2018,2017-09-01,Denmark,Poland,,,,,,,,,,,2.37,3.43,3.27,,,,2.52,3.55,3.27,2.37,3.37,3.08
CAF-SWMQ2018_GD8_G4,wm-qualifikation-afrika,WMQ2018,2017-09-01,Ghana,Congo,,,,,,,,,,,1.26,5.93,14.74,,,,1.35,5.95,16.5,1.27,5.17,11.74
UEFA-SWMQ2018_GD6_G10,wm-qualifikation-europa,WMQ2018,2017-09-01,Kazakhstan,Montenegro,,,,,,,,,,,5.17,3.67,1.81,,,,5.35,4.0,1.88,4.84,3.6,1.79
UEFA-SWMQ2018_GD6_G18,wm-qualifikation-europa,WMQ2018,2017-09-01,Lithuania,Scotland,,,,,,,,,,,5.75,3.77,1.72,,,,5.9,3.83,1.8,5.47,3.63,1.71
UEFA-SWMQ2018_GD6_G17,wm-qualifikation-europa,WMQ2018,2017-09-01,Malta,England,,,,,,,,,,,51.35,26.1,1.03,,,,142.55,28.55,1.05,59.37,19.43,1.03
CAF-SWMQ2018_GD8_G3,wm-qualifikation-afrika,WMQ2018,2017-09-01,Morocco,Mali,,,,,,,,,,,1.55,3.77,8.23,,,,1.71,3.92,8.25,1.55,3.59,6.97
OFC-SWMQ2018_GD18_G1,wm-qualifikation-ozeanien,WMQ2018,2017-09-01,New Zealand,Solomon Islands,,,,,,,,,,,1.14,8.47,22.51,,,,1.16,10.97,41.75,1.11,7.91,18.12
CAF-SWMQ2018_GD8_G5,wm-qualifikation-afrika,WMQ2018,2017-09-01,Nigeria,Cameroon,,,,,,,,,,,2.04,3.24,4.32,,,,2.07,3.4,4.8,1.92,3.19,4.26
UEFA-SWMQ2018_GD6_G11,wm-qualifikation-europa,WMQ2018,2017-09-01,Norway,Azerbaijan,,,,,,,,,,,1.55,4.0,8.04,,,,1.6,4.1,8.35,1.53,3.88,7.64
CONMEBOL-SWMQ2018_GD15_G5,wm-qualifikation-suedamerika,WMQ2018,2017-09-01,Peru,Bolivia,,,,,,,,,,,1.31,5.88,11.55,,,,1.4,6.2,13.0,1.3,5.48,10.24
UEFA-SWMQ2018_GD6_G14,wm-qualifikation-europa,WMQ2018,2017-09-01,Romania,Armenia,,,,,,,,,,,1.39,5.34,8.83,,,,1.5,5.4,9.2,1.39,4.89,8.33
UEFA-SWMQ2018_GD6_G12,wm-qualifikation-europa,WMQ2018,2017-09-01,San Marino,Northern Ireland,,,,,,,,,,,50.88,22.13,1.04,,,,152.05,25.7,1.06,61.54,18.05,1.03
UEFA-SWMQ2018_GD6_G16,wm-qualifikation-europa,WMQ2018,2017-09-01,Slovakia,Slovenia,,,,,,,,,,,1.95,3.33,4.81,,,,2.1,3.4,4.81,1.99,3.2,4.38
CAF-SWMQ2018_GD8_G7,wm-qualifikation-afrika,WMQ2018,2017-09-01,Tunisia,D.R. Congo,,,,,,,,,,,1.94,3.51,4.36,,,,1.95,3.6,5.09,1.87,3.32,4.27
CONMEBOL-SWMQ2018_GD15_G3,wm-qualifikation-suedamerika,WMQ2018,2017-09-01,Uruguay,Argentina,,,,,,,,,,,3.9,3.5,2.09,,,,3.9,3.52,2.4,3.54,3.34,2.14
CONCACAF-SWMQ2018_GD21_G1,wm-qualifikation-nordamerika-mittelamerika,WMQ2018,2017-09-01,USA,Costa Rica,,,,,,,,,,,1.72,3.62,5.74,,,,1.77,3.88,5.9,1.68,3.53,5.29
UEFA-SWMQ2018_GD6_G4,wm-qualifikation-europa,WMQ2018,2017-08-31,Belgium,Gibraltar,,,,,,,,,,,,,,,,,1.01,67.0,154.0,1.01,36.86,82.41
UEFA-SWMQ2018_GD6_G7,wm-qualifikation-europa,WMQ2018,2017-08-31,Bulgaria,Sweden,,,,,,,,,,,4.6,3.52,1.91,,,,4.85,3.65,1.97,4.43,3.43,1.9
CONMEBOL-SWMQ2018_GD15_G2,wm-qualifikation-suedamerika,WMQ2018,2017-08-31,Chile,Paraguay,,,,,,,,,,,1.32,5.65,11.5,,,,1.47,5.8,13.0,1.3,5.31,10.85
AFC-SWMQ2018_GD26_G4,wm-qualifikation-asien,WMQ2018,2017-08-31,China,Uzbekistan,,,,,,,,,,,2.44,3.44,3.04,,,,2.56,3.52,3.47,2.32,3.2,3.12
UEFA-SWMQ2018_GD6_G1,wm-qualifikation-europa,WMQ2018,2017-08-31,Cyprus,Bosnia & Herzegovina,,,,,,,,,,,8.69,4.62,1.44,,,,9.0,4.8,1.51,7.99,4.37,1.45
UEFA-SWMQ2018_GD6_G6,wm-qualifikation-europa,WMQ2018,2017-08-31,France,Netherlands,,,,,,,,,,,1.53,4.49,6.77,,,,1.6,4.7,7.2,1.52,4.35,6.38
UEFA-SWMQ2018_GD6_G2,wm-qualifikation-europa,WMQ2018,2017-08-31,Greece,Estonia,,,,,,,,,,,1.44,4.27,10.29,,,,1.47,5.3,12.0,1.42,4.2,9.7
CAF-SWMQ2018_GD8_G2,wm-qualifikation-afrika,WMQ2018,2017-08-31,Guinea,Libya,,,,,,,,,,,1.7,3.92,5.38,,,,1.72,4.0,6.75,1.65,3.64,5.26
UEFA-SWMQ2018_GD6_G5,wm-qualifikation-europa,WMQ2018,2017-08-31,Hungary,Latvia,,,,,,,,,,,1.33,5.13,12.35,,,,1.45,5.35,13.0,1.32,5.03,11.22
AFC-SWMQ2018_GD26_G1,wm-qualifikation-asien,WMQ2018,2017-08-31,Japan,Australia,,,,,,,,,,,1.74,3.7,5.38,,,,1.91,3.75,5.65,1.73,3.57,4.97
UEFA-SWMQ2018_GD6_G8,wm-qualifikation-europa,WMQ2018,2017-08-31,Luxembourg,Belarus,,,,,,,,,,,7.23,3.66,1.63,,,,8.0,3.8,1.75,6.81,3.62,1.61
UEFA-SWMQ2018_GD6_G3,wm-qualifikation-europa,WMQ2018,2017-08-31,Portugal,Faroe Islands,,,,,,,,,,,,,,,,,1.03,39.47,180.55,1.02,24.75,70.94
AFC-SWMQ2018_GD26_G2,wm-qualifikation-asien,WMQ2018,2017-08-31,South Korea,Iran,,,,,,,,,,,2.12,3.12,4.2,,,,2.14,3.4,5.1,2.04,3.02,4.18
UEFA-SWMQ2018_GD6_G9,wm-qualifikation-europa,WMQ2018,2017-08-31,Switzerland,Andorra,,,,,,,,,,,,,,,,,1.03,51.0,151.0,1.01,24.19,70.59
AFC-SWMQ2018_GD26_G3,wm-qualifikation-asien,WMQ2018,2017-08-31,Syria,Qatar,,,,,,,,,,,2.42,3.27,3.21,,,,2.42,3.35,3.4,2.33,3.12,3.18
AFC-SWMQ2018_GD26_G5,wm-qualifikation-asien,WMQ2018,2017-08-31,Thailand,Iraq,,,,,,,,,,,3.31,3.48,2.27,,,,3.5,3.52,2.4,3.21,3.32,2.22
CAF-SWMQ2018_GD8_G1,wm-qualifikation-afrika,WMQ2018,2017-08-31,Uganda,Egypt,,,,,,,,,,,3.73,2.94,2.37,,,,4.25,3.1,2.37,3.72,2.9,2.18
CONMEBOL-SWMQ2018_GD15_G1,wm-qualifikation-suedamerika,WMQ2018,2017-08-31,Venezuela,Colombia,,,,,,,,,,,6.2,4.1,1.63,,,,6.5,4.2,1.71,5.7,3.9,1.62
AFC-SWMQ2018_GD25_G1,wm-qualifikation-asien,WMQ2018,2017-08-29,United Arab Emirates,Saudi Arabia,,,,,,,,,,,5.62,3.77,1.7,,,,5.7,3.84,1.79,5.03,3.58,1.7
CONCACAF-SWMQ2018_GD20_G1,wm-qualifikation-nordamerika-mittelamerika,WMQ2018,2017-06-14,Costa Rica,Trinidad & Tobago,,,,,,,,,,,1.22,6.5,17.7,,,,1.24,6.6,18.0,1.21,5.88,13.73
CONCACAF-SWMQ2018_GD20_G2,wm-qualifikation-nordamerika-mittelamerika,WMQ2018,2017-06-14,Panama,Honduras,,,,,,,,,,,1.72,3.46,6.18,,,,1.83,3.55,6.25,1.72,3.28,5.48
AFC-SWMQ2018_GD24_G5,wm-qualifikation-asien,WMQ2018,2017-06-13,Iraq,Japan,,,,,,,,,,,11.02,4.82,1.36,,,,11.45,4.82,1.44,8.95,4.32,1.38
OFC-SWMQ2018_GD17_G1,wm-qualifikation-ozeanien,WMQ2018,2017-06-13,Papua New Guinea,Solomon Islands,,,,,,,,,,,2.12,3.62,3.35,,,,2.3,3.75,3.35,2.13,3.5,2.96
AFC-SWMQ2018_GD24_G3,wm-qualifikation-asien,WMQ2018,2017-06-13,Qatar,South Korea,,,,,,,,,,,7.58,4.5,1.48,,,,8.6,4.7,1.68,7.41,4.13,1.46
AFC-SWMQ2018_GD24_G2,wm-qualifikation-asien,WMQ2018,2017-06-13,Syria,China,,,,,,,,,,,3.88,3.31,2.13,,,,4.0,3.44,2.21,3.53,3.25,2.1
AFC-SWMQ2018_GD24_G4,wm-qualifikation-asien,WMQ2018,2017-06-13,Thailand,United Arab Emirates,,,,,,,,,,,5.42,4.11,1.66,,,,5.56,4.2,1.7,5.01,3.87,1.64
AFC-SWMQ2018_GD24_G1,wm-qualifikation-asien,WMQ2018,2017-06-12,Iran,Uzbekistan,,,,,,,,,,,1.54,3.65,8.87,,,,1.63,3.7,8.87,1.55,3.48,7.45
CONCACAF-SWMQ2018_GD19_G1,wm-qualifikation-nordamerika-mittelamerika,WMQ2018,2017-06-12,Mexico,USA,,,,,,,,,,,1.54,4.32,6.67,,,,1.65,4.32,7.08,1.53,4.07,5.99
UEFA-SWMQ2018_GD5_G25,wm-qualifikation-europa,WMQ2018,2017-06-11,Finland,Ukraine,,,,,,,,,,,5.14,3.14,1.95,,,,5.2,3.3,2.05,4.7,3.13,1.95
UEFA-SWMQ2018_GD5_G21,wm-qualifikation-europa,WMQ2018,2017-06-11,FYR Macedonia,Spain,,,,,,,,,,,30.0,11.2,1.11,,,,30.75,11.5,1.15,22.81,9.37,1.12
UEFA-SWMQ2018_GD5_G20,wm-qualifikation-europa,WMQ2018,2017-06-11,Iceland,Croatia,,,,,,,,,,,4.0,3.54,2.03,,,,4.2,3.6,2.1,3.92,3.41,2.0
UEFA-SWMQ2018_GD5_G26,wm-qualifikation-europa,WMQ2018,2017-06-11,Ireland,Austria,,,,,,,,,,,2.19,3.2,3.9,,,,2.3,3.3,3.95,2.21,3.12,3.65
UEFA-SWMQ2018_GD5_G22,wm-qualifikation-europa,WMQ2018,2017-06-11,Israel,Albania,,,,,,,,,,,1.92,3.52,4.58,,,,2.1,3.6,4.75,1.9,3.41,4.43
UEFA-SWMQ2018_GD5_G23,wm-qualifikation-europa,WMQ2018,2017-06-11,Italy,Liechtenstein,,,,,,,,,,,,,,,,,1.02,95.05,475.05,1.01,33.05,93.43
UEFA-SWMQ2018_GD5_G19,wm-qualifikation-europa,WMQ2018,2017-06-11,Kosovo,Turkey,,,,,,,,,,,19.5,8.45,1.17,,,,21.0,8.52,1.19,17.92,7.83,1.16
UEFA-SWMQ2018_GD5_G27,wm-qualifikation-europa,WMQ2018,2017-06-11,Moldova,Georgia,,,,,,,,,,,3.92,3.17,2.2,,,,3.92,3.2,2.3,3.7,3.09,2.2
OFC-SWMQ2018_GD16_G1,wm-qualifikation-ozeanien,WMQ2018,2017-06-11,New Caledonia,Fiji,,,,,,,,,,,,,,,,,2.05,3.7,3.9,1.89,3.48,3.5
UEFA-SWMQ2018_GD5_G24,wm-qualifikation-europa,WMQ2018,2017-06-11,Serbia,Wales,,,,,,,,,,,1.69,3.45,6.84,,,,1.8,3.6,7.0,1.67,3.47,6.18
UEFA-SWMQ2018_GD5_G18,wm-qualifikation-europa,WMQ2018,2017-06-10,Azerbaijan,Northern Ireland,,,,,,,,,,,3.61,2.96,2.41,,,,3.61,3.1,2.5,3.43,2.93,2.41
UEFA-SWMQ2018_GD5_G14,wm-qualifikation-europa,WMQ2018,2017-06-10,Germany,San Marino,,,,,,,,,,,,,,,,,1.01,151.0,200.0,1.01,35.89,99.83
UEFA-SWMQ2018_GD5_G17,wm-qualifikation-europa,WMQ2018,2017-06-10,Kazakhstan,Denmark,,,,,,,,,,,9.48,5.49,1.36,,,,10.0,5.55,1.45,9.06,5.02,1.36
UEFA-SWMQ2018_GD5_G11,wm-qualifikation-europa,WMQ2018,2017-06-10,Lithuania,Slovakia,,,,,,,,,,,6.68,3.79,1.64,,,,7.0,3.85,1.75,6.1,3.65,1.65
UEFA-SWMQ2018_GD5_G13,wm-qualifikation-europa,WMQ2018,2017-06-10,Montenegro,Armenia,,,,,,,,,,,1.68,4.08,5.47,,,,1.8,4.1,5.75,1.69,3.85,5.17
UEFA-SWMQ2018_GD5_G10,wm-qualifikation-europa,WMQ2018,2017-06-10,Norway,Czech Republic,,,,,,,,,,,3.37,3.19,2.41,,,,3.4,3.3,2.56,3.2,3.16,2.41
UEFA-SWMQ2018_GD5_G12,wm-qualifikation-europa,WMQ2018,2017-06-10,Poland,Romania,,,,,,,,,,,1.59,3.85,7.36,,,,1.61,4.05,8.2,1.57,3.82,6.77
UEFA-SWMQ2018_GD5_G15,wm-qualifikation-europa,WMQ2018,2017-06-10,Scotland,England,,,,,,,,,,,6.11,3.68,1.69,,,,6.2,3.8,1.75,5.51,3.64,1.7
UEFA-SWMQ2018_GD5_G16,wm-qualifikation-europa,WMQ2018,2017-06-10,Slovenia,Malta,,,,,,,,,,,1.1,11.0,33.0,,,,1.11,13.0,51.0,1.09,10.09,32.46
UEFA-SWMQ2018_GD5_G4,wm-qualifikation-europa,WMQ2018,2017-06-09,Andorra,Hungary,,,,,,,,,,,35.36,9.94,1.12,,,,36.15,10.5,1.14,28.1,8.76,1.12
UEFA-SWMQ2018_GD5_G2,wm-qualifikation-europa,WMQ2018,2017-06-09,Belarus,Bulgaria,,,,,,,,,,,2.75,2.92,3.13,,,,2.8,3.2,3.15,2.63,2.97,3.0
UEFA-SWMQ2018_GD5_G7,wm-qualifikation-europa,WMQ2018,2017-06-09,Bosnia & Herzegovina,Greece,,,,,,,,,,,1.74,3.64,5.76,,,,1.77,3.75,6.0,1.71,3.55,5.54
CONCACAF-SWMQ2018_GD18_G3,wm-qualifikation-nordamerika-mittelamerika,WMQ2018,2017-06-09,Costa Rica,Panama,,,,,,,,,,,1.68,3.6,6.43,,,,1.72,3.82,7.2,1.65,3.48,5.87
UEFA-SWMQ2018_GD5_G8,wm-qualifikation-europa,WMQ2018,2017-06-09,Estonia,Belgium,,,,,,,,,,,19.3,7.6,1.19,,,,23.0,8.0,1.21,17.58,7.05,1.18
UEFA-SWMQ2018_GD5_G5,wm-qualifikation-europa,WMQ2018,2017-06-09,Faroe Islands,Switzerland,,,,,,,,,,,20.03,7.95,1.18,,,,24.75,8.2,1.2,18.15,7.38,1.17
UEFA-SWMQ2018_GD5_G9,wm-qualifikation-europa,WMQ2018,2017-06-09,Gibraltar,Cyprus,,,,,,,,,,,19.8,8.5,1.17,,,,23.0,8.5,1.2,17.03,7.34,1.17
UEFA-SWMQ2018_GD5_G6,wm-qualifikation-europa,WMQ2018,2017-06-09,Latvia,Portugal,,,,,,,,,,,33.6,10.65,1.11,,,,36.15,12.0,1.13,27.76,9.72,1.1
CONCACAF-SWMQ2018_GD18_G2,wm-qualifikation-nordamerika-mittelamerika,WMQ2018,2017-06-09,Mexico,Honduras,,,,,,,,,,,1.2,6.87,19.23,,,,1.25,6.87,23.0,1.2,6.09,15.46
UEFA-SWMQ2018_GD5_G1,wm-qualifikation-europa,WMQ2018,2017-06-09,Netherlands,Luxembourg,,,,,,,,,,,,,,,,,1.04,46.0,142.55,1.02,24.69,58.63
OFC-SWMQ2018_GD15_G1,wm-qualifikation-ozeanien,WMQ2018,2017-06-09,Solomon Islands,Papua New Guinea,,,,,,,,,,,2.52,3.3,2.94,,,,2.52,3.4,3.0,2.42,3.14,2.82
UEFA-SWMQ2018_GD5_G3,wm-qualifikation-europa,WMQ2018,2017-06-09,Sweden,France,,,,,,,,,,,5.33,3.73,1.76,,,,6.1,3.98,1.8,5.16,3.65,1.72
CONCACAF-SWMQ2018_GD18_G1,wm-qualifikation-nordamerika-mittelamerika,WMQ2018,2017-06-09,USA,Trinidad & Tobago,,,,,,,,,,,1.15,8.75,23.12,,,,1.17,9.8,34.25,1.13,7.78,19.98
AFC-SWMQ2018_GD23_G1,wm-qualifikation-asien,WMQ2018,2017-06-08,Australia,Saudi Arabia,,,,,,,,,,,1.5,4.26,7.74,,,,1.54,4.61,7.74,1.49,4.11,6.59
OFC-SWMQ2018_GD14_G1,wm-qualifikation-ozeanien,WMQ2018,2017-06-07,Fiji,New Caledonia,,,,,,,,,,,2.59,3.23,2.91,,,,2.6,3.3,3.01,2.48,3.06,2.81
CONMEBOL-SWMQ2018_GD14_G4,wm-qualifikation-suedamerika,WMQ2018,2017-03-29,Brazil,Paraguay,,,,,,,,,,,1.15,9.4,21.0,,,,1.18,9.51,33.67,1.15,7.72,20.06
CONCACAF-SWMQ2018_GD17_G3,wm-qualifikation-nordamerika-mittelamerika,WMQ2018,2017-03-29,Panama,USA,,,,,,,,,,,3.8,3.01,2.33,,,,3.8,3.38,2.42,3.38,3.01,2.25
CONMEBOL-SWMQ2018_GD14_G5,wm-qualifikation-suedamerika,WMQ2018,2017-03-29,Peru,Uruguay,,,,,,,,,,,3.3,3.46,2.31,,,,3.45,3.6,2.34,3.16,3.4,2.25
OFC-SWMQ2018_GD13_G2,wm-qualifikation-ozeanien,WMQ2018,2017-03-29,Tahiti,Papua New Guinea,,,,,,,,,,,,,,,,,1.42,5.0,9.5,1.36,4.42,7.06
CONCACAF-SWMQ2018_GD17_G2,wm-qualifikation-nordamerika-mittelamerika,WMQ2018,2017-03-29,Trinidad & Tobago,Mexico,,,,,,,,,,,11.3,4.9,1.36,,,,13.0,5.1,1.4,9.29,4.55,1.35
AFC-SWMQ2018_GD22_G1,wm-qualifikation-asien,WMQ2018,2017-03-28,Australia,United Arab Emirates,,,,,,,,,,,1.38,4.92,9.91,,,,1.38,5.5,13.0,1.34,4.75,9.03
CONMEBOL-SWMQ2018_GD14_G2,wm-qualifikation-suedamerika,WMQ2018,2017-03-28,Bolivia,Argentina,,,,,,,,,,,3.55,3.34,2.25,,,,3.8,3.45,2.34,3.48,3.21,2.21
CONMEBOL-SWMQ2018_GD14_G3,wm-qualifikation-suedamerika,WMQ2018,2017-03-28,Chile,Venezuela,,,,,,,,,,,1.15,8.95,22.4,,,,1.16,9.6,24.76,1.13,8.24,19.78
CONMEBOL-SWMQ2018_GD14_G1,wm-qualifikation-suedamerika,WMQ2018,2017-03-28,Ecuador,Colombia,,,,,,,,,,,2.04,3.48,4.04,,,,2.12,3.5,4.04,2.05,3.32,3.78
CONCACAF-SWMQ2018_GD17_G1,wm-qualifikation-nordamerika-mittelamerika,WMQ2018,2017-03-28,Honduras,Costa Rica,,,,,,,,,,,2.91,3.1,2.75,,,,3.12,3.2,2.9,2.78,2.97,2.67
AFC-SWMQ2018_GD22_G4,wm-qualifikation-asien,WMQ2018,2017-03-28,Iran,China,,,,,,,,,,,1.6,3.9,6.25,,,,1.62,4.15,7.0,1.55,3.74,6.25
AFC-SWMQ2018_GD22_G2,wm-qualifikation-asien,WMQ2018,2017-03-28,Japan,Thailand,,,,,,,,,,,1.06,18.3,35.0,,,,1.08,23.77,66.55,1.05,13.33,32.1
OFC-SWMQ2018_GD13_G1,wm-qualifikation-ozeanien,WMQ2018,2017-03-28,New Zealand,Fiji,,,,,,,,,,,1.09,10.75,37.5,,,,1.1,19.05,57.05,1.06,9.44,29.55
AFC-SWMQ2018_GD22_G6,wm-qualifikation-asien,WMQ2018,2017-03-28,Saudi Arabia,Iraq,,,,,,,,,,,1.63,3.87,6.27,,,,1.69,3.92,7.1,1.6,3.67,5.78
AFC-SWMQ2018_GD22_G3,wm-qualifikation-asien,WMQ2018,2017-03-28,South Korea,Syria,,,,,,,,,,,1.29,5.35,14.65,,,,1.29,6.0,19.81,1.24,5.2,13.67
AFC-SWMQ2018_GD22_G5,wm-qualifikation-asien,WMQ2018,2017-03-28,Uzbekistan,Qatar,,,,,,,,,,,1.62,3.68,7.1,,,,1.69,3.98,7.5,1.61,3.55,5.97
UEFA-SWMQ2018_GD4_G24,wm-qualifikation-europa,WMQ2018,2017-03-26,Armenia,Kazakhstan,,,,,,,,,,,1.74,3.78,5.44,,,,1.78,3.86,5.9,1.72,3.65,5.12
UEFA-SWMQ2018_GD4_G27,wm-qualifikation-europa,WMQ2018,2017-03-26,Azerbaijan,Germany,,,,,,,,,,,27.5,12.2,1.1,,,,39.61,12.38,1.12,27.03,10.15,1.1
UEFA-SWMQ2018_GD4_G26,wm-qualifikation-europa,WMQ2018,2017-03-26,England,Lithuania,,,,,,,,,,,1.09,12.0,37.52,,,,1.1,13.37,50.0,1.08,10.74,38.18
UEFA-SWMQ2018_GD4_G23,wm-qualifikation-europa,WMQ2018,2017-03-26,Malta,Slovakia,,,,,,,,,,,41.5,9.34,1.12,,,,45.65,10.0,1.15,33.12,8.9,1.1
UEFA-SWMQ2018_GD4_G19,wm-qualifikation-europa,WMQ2018,2017-03-26,Montenegro,Poland,,,,,,,,,,,5.36,3.8,1.74,,,,5.6,3.8,1.8,5.07,3.64,1.73
UEFA-SWMQ2018_GD4_G22,wm-qualifikation-europa,WMQ2018,2017-03-26,Northern Ireland,Norway,,,,,,,,,,,2.43,3.01,3.54,,,,2.5,3.16,3.72,2.39,2.97,3.39
UEFA-SWMQ2018_GD4_G21,wm-qualifikation-europa,WMQ2018,2017-03-26,Romania,Denmark,,,,,,,,,,,3.25,3.18,2.48,,,,3.36,3.2,2.7,3.13,3.09,2.47
UEFA-SWMQ2018_GD4_G25,wm-qualifikation-europa,WMQ2018,2017-03-26,San Marino,Czech Republic,,,,,,,,,,,,,,,,,247.51,60.91,1.03,73.8,27.12,1.01
UEFA-SWMQ2018_GD4_G20,wm-qualifikation-europa,WMQ2018,2017-03-26,Scotland,Slovenia,,,,,,,,,,,2.67,3.08,3.08,,,,2.7,3.2,3.35,2.58,3.02,3.03
UEFA-SWMQ2018_GD4_G15,wm-qualifikation-europa,WMQ2018,2017-03-25,Andorra,Faroe Islands,,,,,,,,,,,7.7,3.98,1.55,,,,7.8,4.08,1.65,7.04,3.78,1.55
UEFA-SWMQ2018_GD4_G10,wm-qualifikation-europa,WMQ2018,2017-03-25,Belgium,Greece,,,,,,,,,,,1.3,5.8,12.9,,,,1.32,5.95,13.5,1.28,5.54,11.74
UEFA-SWMQ2018_GD4_G14,wm-qualifikation-europa,WMQ2018,2017-03-25,Bosnia & Herzegovina,Gibraltar,,,,,,,,,,,,,,,,,1.02,95.05,247.05,1.01,34.65,93.74
UEFA-SWMQ2018_GD4_G12,wm-qualifikation-europa,WMQ2018,2017-03-25,Bulgaria,Netherlands,,,,,,,,,,,9.53,5.1,1.39,,,,10.5,5.4,1.4,8.81,4.91,1.37
UEFA-SWMQ2018_GD4_G18,wm-qualifikation-europa,WMQ2018,2017-03-25,Cyprus,Estonia,,,,,,,,,,,2.3,3.14,3.74,,,,2.31,3.3,3.85,2.22,3.09,3.61
OFC-SWMQ2018_GD12_G1,wm-qualifikation-ozeanien,WMQ2018,2017-03-25,Fiji,New Zealand,,,,,,,,,,,17.46,7.5,1.18,,,,23.77,8.03,1.19,15.46,6.48,1.15
UEFA-SWMQ2018_GD4_G13,wm-qualifikation-europa,WMQ2018,2017-03-25,Luxembourg,France,,,,,,,,,,,76.0,22.5,1.03,,,,104.55,24.76,1.05,50.86,17.03,1.04
CONCACAF-SWMQ2018_GD16_G2,wm-qualifikation-nordamerika-mittelamerika,WMQ2018,2017-03-25,Mexico,Costa Rica,,,,,,,,,,,1.5,4.21,7.86,,,,1.54,4.21,8.32,1.5,3.84,6.82
UEFA-SWMQ2018_GD4_G11,wm-qualifikation-europa,WMQ2018,2017-03-25,Portugal,Hungary,,,,,,,,,,,1.26,6.21,14.78,,,,1.29,6.85,19.0,1.25,5.96,12.87
UEFA-SWMQ2018_GD4_G17,wm-qualifikation-europa,WMQ2018,2017-03-25,Sweden,Belarus,,,,,,,,,,,1.46,4.4,9.25,,,,1.51,4.8,9.5,1.45,4.21,8.21
UEFA-SWMQ2018_GD4_G16,wm-qualifikation-europa,WMQ2018,2017-03-25,Switzerland,Latvia,,,,,,,,,,,1.11,10.75,31.0,,,,1.12,12.5,51.0,1.09,10.02,29.71
CONCACAF-SWMQ2018_GD16_G3,wm-qualifikation-nordamerika-mittelamerika,WMQ2018,2017-03-25,USA,Honduras,,,,,,,,,,,1.58,4.05,6.52,,,,1.58,4.34,7.2,1.54,3.96,5.94
UEFA-SWMQ2018_GD4_G6,wm-qualifikation-europa,WMQ2018,2017-03-24,Austria,Moldova,,,,,,,,,,,1.17,8.3,21.05,,,,1.2,8.92,29.0,1.15,7.89,19.25
UEFA-SWMQ2018_GD4_G2,wm-qualifikation-europa,WMQ2018,2017-03-24,Croatia,Ukraine,,,,,,,,,,,1.56,4.02,7.26,,,,1.6,4.05,8.32,1.53,3.88,7.17
UEFA-SWMQ2018_GD4_G8,wm-qualifikation-europa,WMQ2018,2017-03-24,Georgia,Serbia,,,,,,,,,,,5.98,3.78,1.68,,,,7.0,3.9,1.75,5.63,3.69,1.67
UEFA-SWMQ2018_GD4_G9,wm-qualifikation-europa,WMQ2018,2017-03-24,Ireland,Wales,,,,,,,,,,,2.78,3.06,2.95,,,,2.82,3.06,3.2,2.71,2.96,2.93
UEFA-SWMQ2018_GD4_G3,wm-qualifikation-europa,WMQ2018,2017-03-24,Italy,Albania,,,,,,,,,,,1.22,6.34,22.08,,,,1.23,6.94,23.0,1.2,6.19,17.87
UEFA-SWMQ2018_GD4_G1,wm-qualifikation-europa,WMQ2018,2017-03-24,Kosovo,Iceland,,,,,,,,,,,11.89,6.32,1.28,,,,13.0,7.0,1.28,11.36,6.2,1.25
UEFA-SWMQ2018_GD4_G5,wm-qualifikation-europa,WMQ2018,2017-03-24,Liechtenstein,FYR Macedonia,,,,,,,,,,,9.02,4.53,1.44,,,,9.1,4.6,1.55,7.92,4.32,1.44
UEFA-SWMQ2018_GD4_G4,wm-qualifikation-europa,WMQ2018,2017-03-24,Spain,Israel,,,,,,,,,,,1.12,10.34,27.18,,,,1.13,11.5,41.59,1.1,9.53,27.35
CONCACAF-SWMQ2018_GD16_G1,wm-qualifikation-nordamerika-mittelamerika,WMQ2018,2017-03-24,Trinidad & Tobago,Panama,,,,,,,,,,,3.69,3.16,2.26,,,,3.84,3.2,2.4,3.46,2.97,2.24
UEFA-SWMQ2018_GD4_G7,wm-qualifikation-europa,WMQ2018,2017-03-24,Turkey,Finland,,,,,,,,,,,1.43,4.45,9.79,,,,1.46,4.8,10.02,1.43,4.27,8.64
CONMEBOL-SWMQ2018_GD13_G2,wm-qualifikation-suedamerika,WMQ2018,2017-03-23,Argentina,Chile,,,,,,,,,,,1.39,5.18,8.78,,,,1.55,5.35,9.7,1.37,4.95,8.48
AFC-SWMQ2018_GD21_G5,wm-qualifikation-asien,WMQ2018,2017-03-23,China,South Korea,,,,,,,,,,,3.66,3.23,2.24,,,,3.84,3.3,2.28,3.47,3.08,2.17
CONMEBOL-SWMQ2018_GD13_G1,wm-qualifikation-suedamerika,WMQ2018,2017-03-23,Colombia,Bolivia,,,,,,,,,,,1.12,10.55,25.4,,,,1.15,11.0,34.25,1.1,9.72,23.2
AFC-SWMQ2018_GD21_G4,wm-qualifikation-asien,WMQ2018,2017-03-23,Iraq,Australia,,,,,,,,,,,6.84,3.94,1.57,,,,7.8,4.24,1.61,6.13,3.77,1.55
OFC-SWMQ2018_GD11_G1,wm-qualifikation-ozeanien,WMQ2018,2017-03-23,Papua New Guinea,Tahiti,,,,,,,,,,,,,,,,,3.0,3.8,2.5,2.65,3.41,2.31
CONMEBOL-SWMQ2018_GD13_G3,wm-qualifikation-suedamerika,WMQ2018,2017-03-23,Paraguay,Ecuador,,,,,,,,,,,2.55,3.49,2.89,,,,2.59,3.49,3.07,2.49,3.27,2.88
AFC-SWMQ2018_GD21_G3,wm-qualifikation-asien,WMQ2018,2017-03-23,Qatar,Iran,,,,,,,,,,,4.34,3.09,2.1,,,,4.96,3.15,2.1,4.29,2.98,2.0
AFC-SWMQ2018_GD21_G6,wm-qualifikation-asien,WMQ2018,2017-03-23,Syria,Uzbekistan,,,,,,,,,,,4.83,3.06,2.01,,,,4.99,3.26,2.08,4.43,3.01,1.95
AFC-SWMQ2018_GD21_G1,wm-qualifikation-asien,WMQ2018,2017-03-23,Thailand,Saudi Arabia,,,,,,,,,,,3.69,3.5,2.11,,,,4.74,3.7,2.12,3.74,3.4,1.96
AFC-SWMQ2018_GD21_G2,wm-qualifikation-asien,WMQ2018,2017-03-23,United Arab Emirates,Japan,,,,,,,,,,,5.45,3.91,1.69,,,,6.25,4.0,1.76,5.07,3.68,1.67
CONMEBOL-SWMQ2018_GD13_G4,wm-qualifikation-suedamerika,WMQ2018,2017-03-23,Uruguay,Brazil,,,,,,,,,,,4.02,3.31,2.11,,,,4.02,3.5,2.4,3.62,3.3,2.12
CONMEBOL-SWMQ2018_GD13_G5,wm-qualifikation-suedamerika,WMQ2018,2017-03-23,Venezuela,Peru,,,,,,,,,,,2.72,3.67,2.63,,,,2.72,3.67,2.9,2.61,3.47,2.61
CONCACAF-SWMQ2018_GD15_G2,wm-qualifikation-nordamerika-mittelamerika,WMQ2018,2016-11-16,Costa Rica,USA,,,,,,,,,,,2.17,3.33,3.72,,,,2.2,3.47,3.92,2.1,3.23,3.53
CONCACAF-SWMQ2018_GD15_G3,wm-qualifikation-nordamerika-mittelamerika,WMQ2018,2016-11-16,Panama,Mexico,,,,,,,,,,,4.89,3.41,1.88,,,,5.25,3.7,1.96,4.63,3.32,1.81
CONMEBOL-SWMQ2018_GD12_G5,wm-qualifikation-suedamerika,WMQ2018,2016-11-16,Peru,Brazil,,,,,,,,,,,5.94,3.86,1.69,,,,6.34,4.4,1.7,5.64,3.89,1.62
CONMEBOL-SWMQ2018_GD12_G4,wm-qualifikation-suedamerika,WMQ2018,2016-11-15,Argentina,Colombia,,,,,,,,,,,1.61,3.87,7.19,,,,1.64,4.25,7.6,1.58,3.8,6.55
CONMEBOL-SWMQ2018_GD12_G1,wm-qualifikation-suedamerika,WMQ2018,2016-11-15,Bolivia,Paraguay,,,,,,,,,,,2.5,3.24,3.22,,,,2.58,3.42,3.27,2.41,3.21,3.07
CONMEBOL-SWMQ2018_GD12_G3,wm-qualifikation-suedamerika,WMQ2018,2016-11-15,Chile,Uruguay,,,,,,,,,,,2.12,3.38,3.96,,,,2.25,3.42,3.96,2.15,3.3,3.53
AFC-SWMQ2018_GD20_G3,wm-qualifikation-asien,WMQ2018,2016-11-15,China,Qatar,,,,,,,,,,,1.93,3.41,4.54,,,,2.07,3.62,4.58,1.89,3.32,4.15
CONMEBOL-SWMQ2018_GD12_G2,wm-qualifikation-suedamerika,WMQ2018,2016-11-15,Ecuador,Venezuela,,,,,,,,,,,1.24,6.83,15.24,,,,1.3,7.53,16.0,1.22,6.41,13.33
CONCACAF-SWMQ2018_GD15_G1,wm-qualifikation-nordamerika-mittelamerika,WMQ2018,2016-11-15,Honduras,Trinidad & Tobago,,,,,,,,,,,1.43,4.4,9.57,,,,1.45,4.56,10.9,1.39,4.12,9.06
AFC-SWMQ2018_GD20_G1,wm-qualifikation-asien,WMQ2018,2016-11-15,Japan,Saudi Arabia,,,,,,,,,,,1.38,4.93,9.94,,,,1.44,5.1,11.0,1.36,4.69,8.1
OFC-SWMQ2018_GD10_G1,wm-qualifikation-ozeanien,WMQ2018,2016-11-15,New Caledonia,New Zealand,,,,,,,,,,,8.87,5.02,1.37,,,,15.0,6.54,1.37,9.11,4.98,1.29
AFC-SWMQ2018_GD20_G2,wm-qualifikation-asien,WMQ2018,2016-11-15,South Korea,Uzbekistan,,,,,,,,,,,1.59,3.83,7.15,,,,1.63,3.86,7.73,1.57,3.59,6.35
AFC-SWMQ2018_GD20_G5,wm-qualifikation-asien,WMQ2018,2016-11-15,Syria,Iran,,,,,,,,,,,8.91,3.94,1.51,,,,8.92,3.94,1.55,7.5,3.69,1.51
AFC-SWMQ2018_GD20_G4,wm-qualifikation-asien,WMQ2018,2016-11-15,Thailand,Australia,,,,,,,,,,,13.75,6.39,1.25,,,,15.35,6.74,1.29,11.24,5.72,1.24
AFC-SWMQ2018_GD20_G6,wm-qualifikation-asien,WMQ2018,2016-11-15,United Arab Emirates,Iraq,,,,,,,,,,,1.93,3.44,4.5,,,,1.97,3.6,5.5,1.88,3.29,4.24
UEFA-SWMQ2018_GD3_G26,wm-qualifikation-europa,WMQ2018,2016-11-13,Belgium,Estonia,,,,,,,,,,,1.05,16.0,53.0,,,,1.07,18.0,71.85,1.04,14.6,51.19
UEFA-SWMQ2018_GD3_G20,wm-qualifikation-europa,WMQ2018,2016-11-13,Bulgaria,Belarus,,,,,,,,,,,2.46,3.23,3.24,,,,2.5,3.35,3.44,2.37,3.16,3.21
UEFA-SWMQ2018_GD3_G24,wm-qualifikation-europa,WMQ2018,2016-11-13,Cyprus,Gibraltar,,,,,,,,,,,1.08,12.18,41.61,,,,1.09,15.85,51.0,1.07,12.35,34.75
CAF-SWMQ2018_GD7_G9,wm-qualifikation-afrika,WMQ2018,2016-11-13,Egypt,Ghana,,,,,,,,,,,1.99,3.24,4.56,,,,2.06,3.32,4.74,1.94,3.15,4.09
UEFA-SWMQ2018_GD3_G27,wm-qualifikation-europa,WMQ2018,2016-11-13,Greece,Bosnia & Herzegovina,,,,,,,,,,,3.53,3.11,2.38,,,,3.53,3.27,2.8,3.12,3.11,2.45
CAF-SWMQ2018_GD7_G8,wm-qualifikation-afrika,WMQ2018,2016-11-13,Guinea,D.R. Congo,,,,,,,,,,,3.01,3.16,2.63,,,,3.1,3.2,2.84,2.81,2.99,2.59
UEFA-SWMQ2018_GD3_G22,wm-qualifikation-europa,WMQ2018,2016-11-13,Hungary,Andorra,,,,,,,,,,,1.04,20.5,44.07,,,,1.06,21.0,99.01,1.04,17.5,50.14
UEFA-SWMQ2018_GD3_G21,wm-qualifikation-europa,WMQ2018,2016-11-13,Luxembourg,Netherlands,,,,,,,,,,,39.6,11.57,1.09,,,,51.0,13.87,1.13,31.23,9.95,1.09
UEFA-SWMQ2018_GD3_G25,wm-qualifikation-europa,WMQ2018,2016-11-13,Portugal,Latvia,,,,,,,,,,,1.06,16.0,49.6,,,,1.07,16.5,67.0,1.05,14.15,44.42
OFC-SWMQ2018_GD9_G2,wm-qualifikation-ozeanien,WMQ2018,2016-11-13,Solomon Islands,Tahiti,,,,,,,,,,,,,,,,,3.22,3.46,2.15,3.07,3.27,2.1
UEFA-SWMQ2018_GD3_G23,wm-qualifikation-europa,WMQ2018,2016-11-13,Switzerland,Faroe Islands,,,,,,,,,,,1.09,11.0,41.0,,,,1.1,13.87,49.51,1.07,11.41,34.56
UEFA-SWMQ2018_GD3_G13,wm-qualifikation-europa,WMQ2018,2016-11-12,Albania,Israel,,,,,,,,,,,2.34,3.15,3.57,,,,2.36,3.4,3.67,2.29,3.11,3.45
UEFA-SWMQ2018_GD3_G17,wm-qualifikation-europa,WMQ2018,2016-11-12,Austria,Ireland,,,,,,,,,,,2.11,3.39,3.91,,,,2.15,3.42,4.2,2.07,3.32,3.81
CAF-SWMQ2018_GD7_G5,wm-qualifikation-afrika,WMQ2018,2016-11-12,Cameroon,Zambia,,,,,,,,,,,1.42,4.25,11.29,,,,1.5,4.3,11.29,1.42,3.98,8.44
CAF-SWMQ2018_GD7_G4,wm-qualifikation-afrika,WMQ2018,2016-11-12,Cape Verde,Burkina Faso,,,,,,,,,,,2.02,3.27,4.37,,,,2.1,3.35,4.37,2.01,3.13,3.81
UEFA-SWMQ2018_GD3_G16,wm-qualifikation-europa,WMQ2018,2016-11-12,Croatia,Iceland,,,,,,,,,,,1.44,4.63,8.78,,,,1.5,4.75,9.11,1.43,4.44,7.97
UEFA-SWMQ2018_GD3_G18,wm-qualifikation-europa,WMQ2018,2016-11-12,Georgia,Moldova,,,,,,,,,,,1.52,4.05,8.37,,,,1.55,4.2,9.5,1.48,3.97,8.23
UEFA-SWMQ2018_GD3_G15,wm-qualifikation-europa,WMQ2018,2016-11-12,Liechtenstein,Italy,,,,,,,,,,,61.0,15.8,1.05,,,,94.06,19.81,1.07,48.15,14.41,1.05
CAF-SWMQ2018_GD7_G3,wm-qualifikation-afrika,WMQ2018,2016-11-12,Mali,Gabon,,,,,,,,,,,1.91,3.36,4.79,,,,1.95,3.4,5.05,1.86,3.2,4.4
CAF-SWMQ2018_GD7_G2,wm-qualifikation-afrika,WMQ2018,2016-11-12,Morocco,Ivory Coast,,,,,,,,,,,2.0,3.24,4.55,,,,2.24,3.3,4.55,2.06,3.06,3.79
OFC-SWMQ2018_GD9_G1,wm-qualifikation-ozeanien,WMQ2018,2016-11-12,New Zealand,New Caledonia,,,,,,,,,,,1.22,6.65,14.94,,,,1.26,7.5,16.34,1.19,5.84,13.09
CAF-SWMQ2018_GD7_G7,wm-qualifikation-afrika,WMQ2018,2016-11-12,Nigeria,Algeria,,,,,,,,,,,2.02,3.25,4.41,,,,2.03,3.42,4.36,1.97,3.2,3.86
UEFA-SWMQ2018_GD3_G11,wm-qualifikation-europa,WMQ2018,2016-11-12,Spain,FYR Macedonia,,,,,,,,,,,1.04,21.8,45.0,,,,1.06,24.76,128.71,1.04,16.75,47.81
UEFA-SWMQ2018_GD3_G19,wm-qualifikation-europa,WMQ2018,2016-11-12,Turkey,Kosovo,,,,,,,,,,,1.1,11.72,27.49,,,,1.13,12.5,39.61,1.1,10.28,25.06
CAF-SWMQ2018_GD7_G6,wm-qualifikation-afrika,WMQ2018,2016-11-12,Uganda,Congo,,,,,,,,,,,1.66,3.49,7.02,,,,1.75,3.52,7.02,1.66,3.32,5.81
UEFA-SWMQ2018_GD3_G12,wm-qualifikation-europa,WMQ2018,2016-11-12,Ukraine,Finland,,,,,,,,,,,1.39,4.71,10.58,,,,1.41,5.3,12.0,1.37,4.55,10.09
CONCACAF-SWMQ2018_GD14_G3,wm-qualifikation-nordamerika-mittelamerika,WMQ2018,2016-11-12,USA,Mexico,,,,,,,,,,,3.05,3.3,2.54,,,,3.22,3.35,2.54,2.97,3.21,2.38
UEFA-SWMQ2018_GD3_G14,wm-qualifikation-europa,WMQ2018,2016-11-12,Wales,Serbia,,,,,,,,,,,2.66,3.15,3.02,,,,2.66,3.25,3.37,2.5,3.13,3.07
UEFA-SWMQ2018_GD3_G6,wm-qualifikation-europa,WMQ2018,2016-11-11,Armenia,Montenegro,,,,,,,,,,,4.26,3.35,2.06,,,,4.4,3.42,2.1,4.04,3.26,2.02
UEFA-SWMQ2018_GD3_G7,wm-qualifikation-europa,WMQ2018,2016-11-11,Czech Republic,Norway,,,,,,,,,,,2.28,3.27,3.64,,,,2.28,3.38,3.87,2.2,3.2,3.59
UEFA-SWMQ2018_GD3_G5,wm-qualifikation-europa,WMQ2018,2016-11-11,Denmark,Kazakhstan,,,,,,,,,,,1.23,6.6,19.13,,,,1.25,7.13,19.13,1.2,6.43,15.89
UEFA-SWMQ2018_GD3_G1,wm-qualifikation-europa,WMQ2018,2016-11-11,England,Scotland,,,,,,,,,,,1.4,4.93,9.48,,,,1.44,5.3,10.0,1.39,4.62,9.18
UEFA-SWMQ2018_GD3_G9,wm-qualifikation-europa,WMQ2018,2016-11-11,France,Sweden,,,,,,,,,,,1.29,5.86,13.88,,,,1.32,5.95,14.0,1.29,5.45,11.66
CONCACAF-SWMQ2018_GD14_G1,wm-qualifikation-nordamerika-mittelamerika,WMQ2018,2016-11-11,Honduras,Panama,,,,,,,,,,,1.94,3.35,4.7,,,,2.02,3.35,4.86,1.91,3.19,4.31
CAF-SWMQ2018_GD7_G1,wm-qualifikation-afrika,WMQ2018,2016-11-11,Libya,Tunisia,,,,,,,,,,,4.71,3.45,1.89,,,,5.68,3.5,1.91,4.64,3.32,1.79
UEFA-SWMQ2018_GD3_G2,wm-qualifikation-europa,WMQ2018,2016-11-11,Malta,Slovenia,,,,,,,,,,,32.0,8.1,1.16,,,,45.48,8.99,1.17,27.16,7.87,1.13
UEFA-SWMQ2018_GD3_G8,wm-qualifikation-europa,WMQ2018,2016-11-11,Northern Ireland,Azerbaijan,,,,,,,,,,,1.67,3.57,7.09,,,,1.75,3.6,7.33,1.68,3.41,6.29
UEFA-SWMQ2018_GD3_G4,wm-qualifikation-europa,WMQ2018,2016-11-11,Romania,Poland,,,,,,,,,,,3.5,3.14,2.4,,,,3.56,3.2,2.44,3.3,3.09,2.37
UEFA-SWMQ2018_GD3_G10,wm-qualifikation-europa,WMQ2018,2016-11-11,San Marino,Germany,,,,,,,,,,,,,,,,,301.0,101.0,1.03,80.36,31.41,1.01
UEFA-SWMQ2018_GD3_G3,wm-qualifikation-europa,WMQ2018,2016-11-11,Slovakia,Lithuania,,,,,,,,,,,1.39,4.8,10.69,,,,1.42,4.8,11.0,1.38,4.53,9.68
CONCACAF-SWMQ2018_GD14_G2,wm-qualifikation-nordamerika-mittelamerika,WMQ2018,2016-11-11,Trinidad & Tobago,Costa Rica,,,,,,,,,,,5.33,3.58,1.79,,,,6.0,3.6,1.82,5.08,3.37,1.74
CONMEBOL-SWMQ2018_GD11_G2,wm-qualifikation-suedamerika,WMQ2018,2016-11-10,Brazil,Argentina,,,,,,,,,,,2.2,3.3,3.75,,,,2.34,3.4,3.77,2.19,3.25,3.51
CONMEBOL-SWMQ2018_GD11_G1,wm-qualifikation-suedamerika,WMQ2018,2016-11-10,Colombia,Chile,,,,,,,,,,,1.81,3.65,5.03,,,,1.9,3.8,5.05,1.81,3.57,4.54
CONMEBOL-SWMQ2018_GD11_G5,wm-qualifikation-suedamerika,WMQ2018,2016-11-10,Paraguay,Peru,,,,,,,,,,,2.15,3.25,3.98,,,,2.18,3.5,4.2,2.08,3.21,3.83
CONMEBOL-SWMQ2018_GD11_G4,wm-qualifikation-suedamerika,WMQ2018,2016-11-10,Uruguay,Ecuador,,,,,,,,,,,1.74,3.79,5.42,,,,1.74,4.0,6.3,1.68,3.72,5.39
CONMEBOL-SWMQ2018_GD11_G3,wm-qualifikation-suedamerika,WMQ2018,2016-11-10,Venezuela,Bolivia,,,,,,,,,,,1.59,4.05,6.65,,,,1.63,4.3,6.74,1.59,3.91,6.01
OFC-SWMQ2018_GD8_G1,wm-qualifikation-ozeanien,WMQ2018,2016-11-08,Tahiti,Solomon Islands,,,,,,,,,,,,,,,,,1.45,4.5,6.0,1.44,4.03,5.79
CONMEBOL-SWMQ2018_GD10_G4,wm-qualifikation-suedamerika,WMQ2018,2016-10-12,Argentina,Paraguay,,,,,,,,,,,1.27,6.05,13.9,,,,1.3,6.05,14.36,1.27,5.55,11.9
CONMEBOL-SWMQ2018_GD10_G3,wm-qualifikation-suedamerika,WMQ2018,2016-10-12,Chile,Peru,,,,,,,,,,,1.4,4.99,9.06,,,,1.41,5.25,9.11,1.39,4.88,7.78
CONMEBOL-SWMQ2018_GD10_G5,wm-qualifikation-suedamerika,WMQ2018,2016-10-12,Venezuela,Brazil,,,,,,,,,,,7.61,4.5,1.49,,,,9.3,5.1,1.5,7.31,4.46,1.44
AFC-SWMQ2018_GD19_G4,wm-qualifikation-asien,WMQ2018,2016-10-11,Australia,Japan,,,,,,,,,,,2.38,3.26,3.29,,,,2.45,3.47,3.35,2.33,3.2,3.05
CONMEBOL-SWMQ2018_GD10_G1,wm-qualifikation-suedamerika,WMQ2018,2016-10-11,Bolivia,Ecuador,,,,,,,,,,,4.32,3.65,1.93,,,,4.4,3.7,2.2,3.97,3.53,1.93
CONMEBOL-SWMQ2018_GD10_G2,wm-qualifikation-suedamerika,WMQ2018,2016-10-11,Colombia,Uruguay,,,,,,,,,,,2.08,3.3,4.17,,,,2.17,3.4,4.17,2.08,3.25,3.75
UEFA-SWMQ2018_GD2_G52,wm-qualifikation-europa,WMQ2018,2016-10-11,Czech Republic,Azerbaijan,,,,,,,,,,,1.28,6.06,12.49,,,,1.32,6.1,17.0,1.28,5.56,11.98
UEFA-SWMQ2018_GD2_G49,wm-qualifikation-europa,WMQ2018,2016-10-11,Denmark,Montenegro,,,,,,,,,,,1.44,4.81,8.22,,,,1.6,4.81,8.22,1.47,4.43,7.1
UEFA-SWMQ2018_GD2_G51,wm-qualifikation-europa,WMQ2018,2016-10-11,Germany,Northern Ireland,,,,,,,,,,,1.12,10.57,27.83,,,,1.15,11.5,45.55,1.11,9.59,26.0
AFC-SWMQ2018_GD19_G3,wm-qualifikation-asien,WMQ2018,2016-10-11,Iran,South Korea,,,,,,,,,,,2.18,3.02,4.16,,,,2.25,3.2,4.36,2.09,3.0,3.87
AFC-SWMQ2018_GD19_G5,wm-qualifikation-asien,WMQ2018,2016-10-11,Iraq,Thailand,,,,,,,,,,,1.6,4.13,6.19,,,,1.6,4.2,7.13,1.54,3.93,5.91
UEFA-SWMQ2018_GD2_G54,wm-qualifikation-europa,WMQ2018,2016-10-11,Kazakhstan,Romania,,,,,,,,,,,5.99,3.73,1.69,,,,6.55,3.8,1.75,5.62,3.66,1.68
UEFA-SWMQ2018_GD2_G48,wm-qualifikation-europa,WMQ2018,2016-10-11,Lithuania,Malta,,,,,,,,,,,1.27,5.6,16.05,,,,1.4,6.14,18.32,1.24,5.63,15.07
UEFA-SWMQ2018_GD2_G53,wm-qualifikation-europa,WMQ2018,2016-10-11,Norway,San Marino,,,,,,,,,,,,,,,,,1.03,41.0,198.01,1.01,29.11,74.13
UEFA-SWMQ2018_GD2_G50,wm-qualifikation-europa,WMQ2018,2016-10-11,Poland,Armenia,,,,,,,,,,,1.13,9.55,24.9,,,,1.17,10.5,31.0,1.13,8.82,22.32
AFC-SWMQ2018_GD19_G2,wm-qualifikation-asien,WMQ2018,2016-10-11,Qatar,Syria,,,,,,,,,,,1.65,3.77,6.28,,,,1.69,3.9,6.5,1.63,3.64,5.45
AFC-SWMQ2018_GD19_G1,wm-qualifikation-asien,WMQ2018,2016-10-11,Saudi Arabia,United Arab Emirates,,,,,,,,,,,2.24,3.31,3.55,,,,2.24,3.42,4.0,2.14,3.24,3.4
UEFA-SWMQ2018_GD2_G46,wm-qualifikation-europa,WMQ2018,2016-10-11,Slovakia,Scotland,,,,,,,,,,,2.29,3.12,3.74,,,,2.35,3.35,3.8,2.26,3.12,3.52
UEFA-SWMQ2018_GD2_G47,wm-qualifikation-europa,WMQ2018,2016-10-11,Slovenia,England,,,,,,,,,,,6.15,3.59,1.71,,,,6.3,3.86,1.77,5.64,3.61,1.69
AFC-SWMQ2018_GD19_G6,wm-qualifikation-asien,WMQ2018,2016-10-11,Uzbekistan,China,,,,,,,,,,,2.05,3.33,4.14,,,,2.06,3.46,4.46,1.96,3.21,4.0
UEFA-SWMQ2018_GD2_G44,wm-qualifikation-europa,WMQ2018,2016-10-10,Andorra,Switzerland,,,,,,,,,,,,,,,,,178.21,29.71,1.04,69.04,20.53,1.02
UEFA-SWMQ2018_GD2_G45,wm-qualifikation-europa,WMQ2018,2016-10-10,Belarus,Luxembourg,,,,,,,,,,,1.29,5.81,12.41,,,,1.35,6.0,13.5,1.29,5.42,11.43
UEFA-SWMQ2018_GD2_G37,wm-qualifikation-europa,WMQ2018,2016-10-10,Bosnia & Herzegovina,Cyprus,,,,,,,,,,,1.26,6.13,14.47,,,,1.27,6.5,15.28,1.24,6.07,13.44
UEFA-SWMQ2018_GD2_G39,wm-qualifikation-europa,WMQ2018,2016-10-10,Estonia,Greece,,,,,,,,,,,5.07,3.02,2.02,,,,5.4,3.3,2.04,4.7,3.07,1.97
UEFA-SWMQ2018_GD2_G40,wm-qualifikation-europa,WMQ2018,2016-10-10,Faroe Islands,Portugal,,,,,,,,,,,29.71,10.06,1.12,,,,35.0,11.0,1.15,26.14,9.37,1.11
UEFA-SWMQ2018_GD2_G38,wm-qualifikation-europa,WMQ2018,2016-10-10,Gibraltar,Belgium,,,,,,,,,,,,,,,,,405.91,99.01,1.03,104.22,42.62,1.01
UEFA-SWMQ2018_GD2_G42,wm-qualifikation-europa,WMQ2018,2016-10-10,Latvia,Hungary,,,,,,,,,,,5.21,3.55,1.81,,,,5.8,3.7,1.9,4.98,3.5,1.79
UEFA-SWMQ2018_GD2_G43,wm-qualifikation-europa,WMQ2018,2016-10-10,Netherlands,France,,,,,,,,,,,3.24,3.26,2.45,,,,3.6,3.4,2.45,3.24,3.21,2.35
UEFA-SWMQ2018_GD2_G41,wm-qualifikation-europa,WMQ2018,2016-10-10,Sweden,Bulgaria,,,,,,,,,,,1.53,4.19,7.54,,,,1.55,4.4,8.12,1.51,4.19,6.93
UEFA-SWMQ2018_GD2_G29,wm-qualifikation-europa,WMQ2018,2016-10-09,Albania,Spain,,,,,,,,,,,13.67,5.61,1.29,,,,15.0,6.3,1.31,12.58,5.52,1.27
CAF-SWMQ2018_GD6_G8,wm-qualifikation-afrika,WMQ2018,2016-10-09,Algeria,Cameroon,,,,,,,,,,,1.8,3.59,5.09,,,,1.83,3.84,5.8,1.76,3.45,4.58
CAF-SWMQ2018_GD6_G10,wm-qualifikation-afrika,WMQ2018,2016-10-09,Congo,Egypt,,,,,,,,,,,4.0,3.2,2.15,,,,4.2,3.3,2.18,3.63,3.08,2.09
UEFA-SWMQ2018_GD2_G33,wm-qualifikation-europa,WMQ2018,2016-10-09,Finland,Croatia,,,,,,,,,,,7.51,4.21,1.53,,,,7.9,4.33,1.6,6.72,3.99,1.54
UEFA-SWMQ2018_GD2_G30,wm-qualifikation-europa,WMQ2018,2016-10-09,FYR Macedonia,Italy,,,,,,,,,,,13.62,5.58,1.29,,,,14.5,6.1,1.35,11.71,5.31,1.29
UEFA-SWMQ2018_GD2_G28,wm-qualifikation-europa,WMQ2018,2016-10-09,Iceland,Turkey,,,,,,,,,,,2.73,3.21,2.88,,,,2.8,3.21,2.98,2.69,3.1,2.82
UEFA-SWMQ2018_GD2_G34,wm-qualifikation-europa,WMQ2018,2016-10-09,Israel,Liechtenstein,,,,,,,,,,,1.07,14.17,38.32,,,,1.12,15.0,58.21,1.07,11.81,36.06
UEFA-SWMQ2018_GD2_G32,wm-qualifikation-europa,WMQ2018,2016-10-09,Moldova,Ireland,,,,,,,,,,,9.16,4.37,1.44,,,,11.39,4.75,1.45,9.33,4.46,1.4
UEFA-SWMQ2018_GD2_G31,wm-qualifikation-europa,WMQ2018,2016-10-09,Serbia,Austria,,,,,,,,,,,2.12,3.43,3.74,,,,2.25,3.45,3.82,2.15,3.37,3.49
CAF-SWMQ2018_GD6_G7,wm-qualifikation-afrika,WMQ2018,2016-10-09,Tunisia,Guinea,,,,,,,,,,,1.52,4.06,7.82,,,,1.56,4.25,8.3,1.48,3.84,6.9
UEFA-SWMQ2018_GD2_G36,wm-qualifikation-europa,WMQ2018,2016-10-09,Ukraine,Kosovo,,,,,,,,,,,1.14,9.5,22.25,,,,1.25,9.8,29.0,1.14,8.3,20.31
UEFA-SWMQ2018_GD2_G35,wm-qualifikation-europa,WMQ2018,2016-10-09,Wales,Georgia,,,,,,,,,,,1.48,4.32,8.5,,,,1.51,5.5,11.15,1.43,4.39,8.47
CAF-SWMQ2018_GD6_G9,wm-qualifikation-afrika,WMQ2018,2016-10-09,Zambia,Nigeria,,,,,,,,,,,3.94,3.04,2.24,,,,4.35,3.22,2.24,3.71,2.95,2.12
UEFA-SWMQ2018_GD2_G24,wm-qualifikation-europa,WMQ2018,2016-10-08,Armenia,Romania,,,,,,,,,,,4.84,3.54,1.87,,,,4.84,3.54,2.05,4.39,3.37,1.92
UEFA-SWMQ2018_GD2_G26,wm-qualifikation-europa,WMQ2018,2016-10-08,Azerbaijan,Norway,,,,,,,,,,,4.46,3.25,2.05,,,,4.5,3.4,2.12,4.13,3.19,2.04
CAF-SWMQ2018_GD6_G5,wm-qualifikation-afrika,WMQ2018,2016-10-08,Burkina Faso,South Africa,,,,,,,,,,,2.42,2.99,3.52,,,,2.58,3.2,3.52,2.33,3.0,3.19
CAF-SWMQ2018_GD6_G3,wm-qualifikation-afrika,WMQ2018,2016-10-08,D.R. Congo,Libya,,,,,,,,,,,1.63,3.86,6.42,,,,1.65,4.0,6.74,1.59,3.66,5.75
UEFA-SWMQ2018_GD2_G27,wm-qualifikation-europa,WMQ2018,2016-10-08,England,Malta,,,,,,,,,,,,,,,,,1.02,49.51,198.01,1.01,29.83,83.85
CAF-SWMQ2018_GD6_G2,wm-qualifikation-afrika,WMQ2018,2016-10-08,Gabon,Morocco,,,,,,,,,,,2.82,2.95,2.97,,,,2.92,3.0,3.08,2.61,2.86,2.9
UEFA-SWMQ2018_GD2_G20,wm-qualifikation-europa,WMQ2018,2016-10-08,Germany,Czech Republic,,,,,,,,,,,1.21,7.31,16.33,,,,1.25,7.65,17.5,1.2,6.92,14.22
CAF-SWMQ2018_GD6_G4,wm-qualifikation-afrika,WMQ2018,2016-10-08,Ivory Coast,Mali,,,,,,,,,,,1.47,4.31,8.51,,,,1.55,4.46,9.0,1.44,4.06,7.3
UEFA-SWMQ2018_GD2_G25,wm-qualifikation-europa,WMQ2018,2016-10-08,Montenegro,Kazakhstan,,,,,,,,,,,1.7,3.64,6.32,,,,1.75,4.0,6.74,1.68,3.57,5.8
UEFA-SWMQ2018_GD2_G23,wm-qualifikation-europa,WMQ2018,2016-10-08,Northern Ireland,San Marino,,,,,,,,,,,,,,,,,1.04,32.0,247.51,1.02,22.1,85.48
UEFA-SWMQ2018_GD2_G22,wm-qualifikation-europa,WMQ2018,2016-10-08,Poland,Denmark,,,,,,,,,,,2.17,3.41,3.75,,,,2.28,3.41,4.15,2.19,3.29,3.5
UEFA-SWMQ2018_GD2_G21,wm-qualifikation-europa,WMQ2018,2016-10-08,Scotland,Lithuania,,,,,,,,,,,1.34,5.36,11.34,,,,1.4,5.5,12.38,1.33,5.01,10.51
CAF-SWMQ2018_GD6_G6,wm-qualifikation-afrika,WMQ2018,2016-10-08,Senegal,Cape Verde,,,,,,,,,,,1.45,4.25,9.36,,,,1.45,4.8,11.5,1.38,4.24,8.78
UEFA-SWMQ2018_GD2_G19,wm-qualifikation-europa,WMQ2018,2016-10-08,Slovenia,Slovakia,,,,,,,,,,,2.53,3.06,3.36,,,,2.64,3.12,3.37,2.51,3.04,3.13
UEFA-SWMQ2018_GD2_G16,wm-qualifikation-europa,WMQ2018,2016-10-07,Belgium,Bosnia & Herzegovina,,,,,,,,,,,1.61,4.2,6.25,,,,1.62,4.5,7.13,1.56,4.15,6.07
CONMEBOL-SWMQ2018_GD9_G2,wm-qualifikation-suedamerika,WMQ2018,2016-10-07,Brazil,Bolivia,,,,,,,,,,,1.09,13.76,34.51,,,,1.12,13.87,46.0,1.08,10.99,29.31
UEFA-SWMQ2018_GD2_G17,wm-qualifikation-europa,WMQ2018,2016-10-07,Estonia,Gibraltar,,,,,,,,,,,1.13,10.25,29.0,,,,1.15,11.39,31.69,1.12,9.04,24.77
UEFA-SWMQ2018_GD2_G11,wm-qualifikation-europa,WMQ2018,2016-10-07,France,Bulgaria,,,,,,,,,,,1.13,9.9,27.0,,,,1.17,10.0,29.71,1.13,8.74,21.83
CAF-SWMQ2018_GD6_G1,wm-qualifikation-afrika,WMQ2018,2016-10-07,Ghana,Uganda,,,,,,,,,,,1.51,4.21,7.77,,,,1.51,5.05,9.11,1.4,4.23,7.7
UEFA-SWMQ2018_GD2_G15,wm-qualifikation-europa,WMQ2018,2016-10-07,Greece,Cyprus,,,,,,,,,,,1.56,3.84,8.35,,,,1.57,4.2,8.6,1.52,3.9,7.43
UEFA-SWMQ2018_GD2_G14,wm-qualifikation-europa,WMQ2018,2016-10-07,Hungary,Switzerland,,,,,,,,,,,3.47,3.43,2.27,,,,4.08,3.43,2.4,3.5,3.19,2.24
UEFA-SWMQ2018_GD2_G18,wm-qualifikation-europa,WMQ2018,2016-10-07,Latvia,Faroe Islands,,,,,,,,,,,1.84,3.43,5.43,,,,1.94,3.8,5.6,1.82,3.39,4.99
UEFA-SWMQ2018_GD2_G12,wm-qualifikation-europa,WMQ2018,2016-10-07,Luxembourg,Sweden,,,,,,,,,,,12.6,6.0,1.29,,,,14.0,6.25,1.31,11.85,5.72,1.27
UEFA-SWMQ2018_GD2_G10,wm-qualifikation-europa,WMQ2018,2016-10-07,Netherlands,Belarus,,,,,,,,,,,1.29,5.75,14.0,,,,1.32,6.14,15.0,1.27,5.67,11.97
CONMEBOL-SWMQ2018_GD9_G5,wm-qualifikation-suedamerika,WMQ2018,2016-10-07,Paraguay,Colombia,,,,,,,,,,,2.63,3.14,3.11,,,,2.84,3.25,3.12,2.65,3.04,2.89
CONMEBOL-SWMQ2018_GD9_G3,wm-qualifikation-suedamerika,WMQ2018,2016-10-07,Peru,Argentina,,,,,,,,,,,6.08,3.64,1.72,,,,6.08,3.66,2.0,5.31,3.47,1.74
UEFA-SWMQ2018_GD2_G13,wm-qualifikation-europa,WMQ2018,2016-10-07,Portugal,Andorra,,,,,,,,,,,,,,,,,1.03,76.0,207.91,1.01,31.65,88.65
CONMEBOL-SWMQ2018_GD9_G4,wm-qualifikation-suedamerika,WMQ2018,2016-10-07,Uruguay,Venezuela,,,,,,,,,,,1.28,5.93,14.07,,,,1.3,6.25,15.0,1.26,5.68,12.35
UEFA-SWMQ2018_GD2_G6,wm-qualifikation-europa,WMQ2018,2016-10-06,Austria,Wales,,,,,,,,,,,2.2,3.29,3.82,,,,2.3,3.38,3.97,2.15,3.26,3.63
AFC-SWMQ2018_GD18_G4,wm-qualifikation-asien,WMQ2018,2016-10-06,China,Syria,,,,,,,,,,,1.48,4.29,8.24,,,,1.5,4.3,9.11,1.45,4.04,7.5
CONMEBOL-SWMQ2018_GD9_G1,wm-qualifikation-suedamerika,WMQ2018,2016-10-06,Ecuador,Chile,,,,,,,,,,,2.05,3.64,3.89,,,,2.17,3.84,4.06,1.99,3.55,3.71
UEFA-SWMQ2018_GD2_G8,wm-qualifikation-europa,WMQ2018,2016-10-06,FYR Macedonia,Israel,,,,,,,,,,,3.43,3.17,2.43,,,,3.54,3.25,2.6,3.22,3.09,2.41
UEFA-SWMQ2018_GD2_G5,wm-qualifikation-europa,WMQ2018,2016-10-06,Iceland,Finland,,,,,,,,,,,1.81,3.48,5.6,,,,1.82,3.65,6.0,1.75,3.48,5.29
UEFA-SWMQ2018_GD2_G7,wm-qualifikation-europa,WMQ2018,2016-10-06,Ireland,Georgia,,,,,,,,,,,1.38,4.78,11.4,,,,1.45,4.84,12.0,1.37,4.59,10.03
UEFA-SWMQ2018_GD2_G1,wm-qualifikation-europa,WMQ2018,2016-10-06,Italy,Spain,,,,,,,,,,,3.5,2.95,2.53,,,,3.72,3.2,2.7,3.36,2.95,2.46
AFC-SWMQ2018_GD18_G2,wm-qualifikation-asien,WMQ2018,2016-10-06,Japan,Iraq,,,,,,,,,,,1.18,7.74,17.74,,,,1.23,8.5,26.0,1.17,6.83,15.32
UEFA-SWMQ2018_GD2_G2,wm-qualifikation-europa,WMQ2018,2016-10-06,Kosovo,Croatia,,,,,,,,,,,12.42,5.37,1.31,,,,16.0,5.55,1.5,11.25,5.09,1.31
UEFA-SWMQ2018_GD2_G4,wm-qualifikation-europa,WMQ2018,2016-10-06,Liechtenstein,Albania,,,,,,,,,,,21.39,6.82,1.2,,,,23.0,7.73,1.25,17.95,6.41,1.19
UEFA-SWMQ2018_GD2_G9,wm-qualifikation-europa,WMQ2018,2016-10-06,Moldova,Serbia,,,,,,,,,,,11.37,4.9,1.37,,,,12.0,4.94,1.4,10.13,4.71,1.35
AFC-SWMQ2018_GD18_G1,wm-qualifikation-asien,WMQ2018,2016-10-06,Saudi Arabia,Australia,,,,,,,,,,,4.31,3.38,1.99,,,,4.6,3.57,1.99,4.14,3.32,1.9
AFC-SWMQ2018_GD18_G3,wm-qualifikation-asien,WMQ2018,2016-10-06,South Korea,Qatar,,,,,,,,,,,1.36,4.82,11.44,,,,1.38,4.94,11.44,1.34,4.53,9.64
UEFA-SWMQ2018_GD2_G3,wm-qualifikation-europa,WMQ2018,2016-10-06,Turkey,Ukraine,,,,,,,,,,,2.24,3.24,3.77,,,,2.3,3.35,3.86,2.22,3.19,3.48
AFC-SWMQ2018_GD18_G6,wm-qualifikation-asien,WMQ2018,2016-10-06,United Arab Emirates,Thailand,,,,,,,,,,,1.36,5.08,9.96,,,,1.4,5.5,10.5,1.34,4.86,8.55
AFC-SWMQ2018_GD18_G5,wm-qualifikation-asien,WMQ2018,2016-10-06,Uzbekistan,Iran,,,,,,,,,,,3.0,2.88,2.86,,,,3.07,3.05,3.02,2.84,2.83,2.73
CONMEBOL-SWMQ2018_GD8_G4,wm-qualifikation-suedamerika,WMQ2018,2016-09-07,Brazil,Colombia,,,,,,,,,,,1.53,4.34,7.41,,,,1.65,4.35,7.9,1.5,4.1,6.86
CONCACAF-SWMQ2018_GD13_G3,wm-qualifikation-nordamerika-mittelamerika,WMQ2018,2016-09-07,Canada,El Salvador,,,,,,,,,,,1.4,4.82,8.41,,,,1.41,5.15,9.91,1.35,4.69,8.27
CONMEBOL-SWMQ2018_GD8_G2,wm-qualifikation-suedamerika,WMQ2018,2016-09-07,Chile,Bolivia,,,,,,,,,,,,,,,,,1.2,9.91,26.74,1.14,8.12,18.93
CONCACAF-SWMQ2018_GD13_G1,wm-qualifikation-nordamerika-mittelamerika,WMQ2018,2016-09-07,Guatemala,Saint Vincent and the Grenadines,,,,,,,,,,,,,,,,,1.03,35.0,94.0,1.02,19.52,49.17
CONCACAF-SWMQ2018_GD13_G2,wm-qualifikation-nordamerika-mittelamerika,WMQ2018,2016-09-07,Jamaica,Haiti,,,,,,,,,,,1.48,4.15,8.84,,,,1.53,4.2,8.9,1.47,3.86,7.25
CONMEBOL-SWMQ2018_GD8_G5,wm-qualifikation-suedamerika,WMQ2018,2016-09-07,Peru,Ecuador,,,,,,,,,,,2.66,3.27,2.95,,,,2.81,3.4,3.0,2.61,3.17,2.79
CONMEBOL-SWMQ2018_GD8_G1,wm-qualifikation-suedamerika,WMQ2018,2016-09-07,Uruguay,Paraguay,,,,,,,,,,,1.53,4.16,7.9,,,,1.6,4.2,7.9,1.53,3.9,6.99
CONMEBOL-SWMQ2018_GD8_G3,wm-qualifikation-suedamerika,WMQ2018,2016-09-07,Venezuela,Argentina,,,,,,,,,,,7.88,4.4,1.5,,,,8.8,4.56,1.5,7.49,4.22,1.46
UEFA-SWMQ2018_GD1_G26,wm-qualifikation-europa,WMQ2018,2016-09-06,Albania,FYR Macedonia,,,,,,,,,,,1.6,3.75,7.59,,,,3.07,1.76,17.83,2.44,1.65,13.41
UEFA-SWMQ2018_GD1_G23,wm-qualifikation-europa,WMQ2018,2016-09-06,Andorra,Latvia,,,,,,,,,,,10.54,5.05,1.35,,,,11.0,5.05,1.4,9.5,4.68,1.36
UEFA-SWMQ2018_GD1_G24,wm-qualifikation-europa,WMQ2018,2016-09-06,Belarus,France,,,,,,,,,,,13.16,5.7,1.3,,,,16.0,6.35,1.3,12.55,5.46,1.27
UEFA-SWMQ2018_GD1_G20,wm-qualifikation-europa,WMQ2018,2016-09-06,Bosnia & Herzegovina,Estonia,,,,,,,,,,,1.22,6.71,18.34,,,,1.25,6.71,19.81,1.22,5.95,16.01
UEFA-SWMQ2018_GD1_G25,wm-qualifikation-europa,WMQ2018,2016-09-06,Bulgaria,Luxembourg,,,,,,,,,,,1.22,6.57,15.75,,,,1.24,6.94,20.8,1.22,6.06,14.92
AFC-SWMQ2018_GD17_G2,wm-qualifikation-asien,WMQ2018,2016-09-06,China,Iran,,,,,,,,,,,3.43,3.2,2.35,,,,3.5,3.4,2.44,3.24,3.06,2.29
UEFA-SWMQ2018_GD1_G19,wm-qualifikation-europa,WMQ2018,2016-09-06,Cyprus,Belgium,,,,,,,,,,,15.0,6.77,1.24,,,,17.83,7.1,1.27,14.5,6.45,1.21
UEFA-SWMQ2018_GD1_G22,wm-qualifikation-europa,WMQ2018,2016-09-06,Faroe Islands,Hungary,,,,,,,,,,,8.12,4.36,1.47,,,,10.0,4.8,1.49,8.07,4.31,1.43
UEFA-SWMQ2018_GD1_G18,wm-qualifikation-europa,WMQ2018,2016-09-06,Gibraltar,Greece,,,,,,,,,,,,,,,,,99.01,34.0,1.04,58.73,20.56,1.02
AFC-SWMQ2018_GD17_G1,wm-qualifikation-asien,WMQ2018,2016-09-06,Iraq,Saudi Arabia,,,,,,,,,,,2.94,3.02,2.79,,,,3.17,3.1,2.79,2.93,2.87,2.59
AFC-SWMQ2018_GD17_G6,wm-qualifikation-asien,WMQ2018,2016-09-06,Qatar,Uzbekistan,,,,,,,,,,,2.08,3.35,3.98,,,,2.24,3.4,3.98,2.12,3.2,3.43
UEFA-SWMQ2018_GD1_G27,wm-qualifikation-europa,WMQ2018,2016-09-06,Sweden,Netherlands,,,,,,,,,,,3.39,3.2,2.42,,,,3.46,3.3,2.45,3.19,3.21,2.36
UEFA-SWMQ2018_GD1_G21,wm-qualifikation-europa,WMQ2018,2016-09-06,Switzerland,Portugal,,,,,,,,,,,3.28,2.9,2.7,,,,3.28,3.1,2.75,3.13,2.91,2.58
AFC-SWMQ2018_GD17_G3,wm-qualifikation-asien,WMQ2018,2016-09-06,Syria,South Korea,,,,,,,,,,,14.47,6.27,1.25,,,,15.35,6.55,1.34,12.56,5.71,1.22
AFC-SWMQ2018_GD17_G4,wm-qualifikation-asien,WMQ2018,2016-09-06,Thailand,Japan,,,,,,,,,,,11.73,5.8,1.29,,,,16.0,6.5,1.31,10.02,5.59,1.26
AFC-SWMQ2018_GD17_G5,wm-qualifikation-asien,WMQ2018,2016-09-06,United Arab Emirates,Australia,,,,,,,,,,,3.38,3.21,2.36,,,,3.54,3.34,2.4,3.19,3.12,2.28
UEFA-SWMQ2018_GD1_G11,wm-qualifikation-europa,WMQ2018,2016-09-05,Croatia,Turkey,,,,,,,,,,,1.49,4.42,7.99,,,,1.5,4.6,8.8,1.45,4.28,7.89
UEFA-SWMQ2018_GD1_G10,wm-qualifikation-europa,WMQ2018,2016-09-05,Finland,Kosovo,,,,,,,,,,,1.85,3.42,5.14,,,,1.89,3.6,5.75,1.81,3.41,4.9
UEFA-SWMQ2018_GD1_G16,wm-qualifikation-europa,WMQ2018,2016-09-05,Georgia,Austria,,,,,,,,,,,5.47,3.67,1.76,,,,5.95,3.67,1.9,5.26,3.49,1.74
UEFA-SWMQ2018_GD1_G12,wm-qualifikation-europa,WMQ2018,2016-09-05,Israel,Italy,,,,,,,,,,,7.16,3.94,1.58,,,,8.36,4.2,1.62,7.04,3.85,1.54
UEFA-SWMQ2018_GD1_G14,wm-qualifikation-europa,WMQ2018,2016-09-05,Serbia,Ireland,,,,,,,,,,,2.24,3.1,3.98,,,,2.28,3.87,6.96,2.16,3.08,3.86
UEFA-SWMQ2018_GD1_G17,wm-qualifikation-europa,WMQ2018,2016-09-05,Spain,Liechtenstein,,,,,,,,,,,,,,,,,1.02,58.0,251.0,1.01,27.52,96.03
UEFA-SWMQ2018_GD1_G13,wm-qualifikation-europa,WMQ2018,2016-09-05,Ukraine,Iceland,,,,,,,,,,,1.92,3.5,4.69,,,,1.96,3.5,5.05,1.88,3.41,4.43
UEFA-SWMQ2018_GD1_G15,wm-qualifikation-europa,WMQ2018,2016-09-05,Wales,Moldova,,,,,,,,,,,1.26,5.95,16.97,,,,1.27,6.2,19.31,1.24,5.65,14.86
UEFA-SWMQ2018_GD1_G6,wm-qualifikation-europa,WMQ2018,2016-09-04,Czech Republic,Northern Ireland,,,,,,,,,,,1.85,3.46,5.23,,,,1.85,3.5,5.8,1.79,3.41,5.08
UEFA-SWMQ2018_GD1_G2,wm-qualifikation-europa,WMQ2018,2016-09-04,Denmark,Armenia,,,,,,,,,,,1.33,5.18,13.15,,,,1.4,5.35,15.0,1.32,4.96,11.3
UEFA-SWMQ2018_GD1_G3,wm-qualifikation-europa,WMQ2018,2016-09-04,Kazakhstan,Poland,,,,,,,,,,,8.08,4.18,1.52,,,,8.9,4.3,1.55,7.36,3.99,1.51
UEFA-SWMQ2018_GD1_G4,wm-qualifikation-europa,WMQ2018,2016-09-04,Lithuania,Slovenia,,,,,,,,,,,4.87,3.23,1.98,,,,4.96,3.27,2.0,4.52,3.15,1.95
UEFA-SWMQ2018_GD1_G9,wm-qualifikation-europa,WMQ2018,2016-09-04,Malta,Scotland,,,,,,,,,,,17.8,5.7,1.26,,,,21.0,5.95,1.4,15.26,5.42,1.25
UEFA-SWMQ2018_GD1_G7,wm-qualifikation-europa,WMQ2018,2016-09-04,Norway,Germany,,,,,,,,,,,8.19,4.81,1.45,,,,9.0,5.0,1.47,7.85,4.63,1.42
UEFA-SWMQ2018_GD1_G8,wm-qualifikation-europa,WMQ2018,2016-09-04,Romania,Montenegro,,,,,,,,,,,1.78,3.61,5.52,,,,1.78,3.61,6.0,1.74,3.48,5.36
UEFA-SWMQ2018_GD1_G1,wm-qualifikation-europa,WMQ2018,2016-09-04,San Marino,Azerbaijan,,,,,,,,,,,17.24,5.83,1.25,,,,19.0,6.54,1.28,15.27,5.6,1.24
UEFA-SWMQ2018_GD1_G5,wm-qualifikation-europa,WMQ2018,2016-09-04,Slovakia,England,,,,,,,,,,,5.51,3.61,1.78,,,,5.55,3.67,1.9,5.09,3.46,1.78
CONCACAF-SWMQ2018_GD12_G6,wm-qualifikation-nordamerika-mittelamerika,WMQ2018,2016-09-03,El Salvador,Mexico,,,,,,,,,,,11.0,5.25,1.33,,,,12.88,5.5,1.38,8.97,4.79,1.32
CONCACAF-SWMQ2018_GD12_G4,wm-qualifikation-nordamerika-mittelamerika,WMQ2018,2016-09-03,Haiti,Costa Rica,,,,,,,,,,,10.17,4.02,1.47,,,,10.17,4.08,1.55,7.7,3.74,1.47
CONCACAF-SWMQ2018_GD12_G5,wm-qualifikation-nordamerika-mittelamerika,WMQ2018,2016-09-03,Panama,Jamaica,,,,,,,,,,,2.15,3.16,4.04,,,,2.19,3.44,4.26,2.04,3.08,3.82
CONCACAF-SWMQ2018_GD12_G3,wm-qualifikation-nordamerika-mittelamerika,WMQ2018,2016-09-03,Trinidad & Tobago,Guatemala,,,,,,,,,,,1.7,3.77,5.68,,,,1.72,3.92,5.75,1.67,3.56,5.1
CONMEBOL-SWMQ2018_GD7_G4,wm-qualifikation-suedamerika,WMQ2018,2016-09-02,Argentina,Uruguay,,,,,,,,,,,1.51,4.33,7.61,,,,1.61,4.36,7.73,1.52,4.06,6.67
CONCACAF-SWMQ2018_GD12_G2,wm-qualifikation-nordamerika-mittelamerika,WMQ2018,2016-09-02,Honduras,Canada,,,,,,,,,,,1.51,4.11,7.97,,,,1.55,4.26,8.52,1.49,3.89,6.83
CONMEBOL-SWMQ2018_GD7_G5,wm-qualifikation-suedamerika,WMQ2018,2016-09-02,Paraguay,Chile,,,,,,,,,,,3.22,3.42,2.37,,,,3.4,3.44,2.42,3.09,3.28,2.33
CONCACAF-SWMQ2018_GD12_G1,wm-qualifikation-nordamerika-mittelamerika,WMQ2018,2016-09-02,Saint Vincent and the Grenadines,USA,,,,,,,,,,,,,,,,,110.84,29.71,1.04,49.21,16.78,1.02
AFC-SWMQ2018_GD16_G6,wm-qualifikation-asien,WMQ2018,2016-09-01,Australia,Iraq,,,,,,,,,,,1.36,5.06,9.08,,,,1.4,6.2,11.5,1.34,4.65,8.7
CONMEBOL-SWMQ2018_GD7_G3,wm-qualifikation-suedamerika,WMQ2018,2016-09-01,Bolivia,Peru,,,,,,,,,,,,,,,,,2.34,3.45,3.51,2.24,3.25,3.29
CONMEBOL-SWMQ2018_GD7_G2,wm-qualifikation-suedamerika,WMQ2018,2016-09-01,Colombia,Venezuela,,,,,,,,,,,1.39,4.94,9.53,,,,1.4,5.35,11.0,1.36,4.71,9.11
CONMEBOL-SWMQ2018_GD7_G1,wm-qualifikation-suedamerika,WMQ2018,2016-09-01,Ecuador,Brazil,,,,,,,,,,,2.87,3.26,2.67,,,,2.92,3.4,2.8,2.76,3.19,2.63
AFC-SWMQ2018_GD16_G1,wm-qualifikation-asien,WMQ2018,2016-09-01,Iran,Qatar,,,,,,,,,,,1.52,4.09,7.22,,,,1.53,4.2,9.5,1.48,3.91,7.08
AFC-SWMQ2018_GD16_G4,wm-qualifikation-asien,WMQ2018,2016-09-01,Japan,United Arab Emirates,,,,,,,,,,,1.25,5.82,14.8,,,,1.3,7.1,18.5,1.22,5.82,11.97
AFC-SWMQ2018_GD16_G3,wm-qualifikation-asien,WMQ2018,2016-09-01,Saudi Arabia,Thailand,,,,,,,,,,,1.31,5.36,10.85,,,,1.4,5.7,11.5,1.32,4.93,9.05
AFC-SWMQ2018_GD16_G5,wm-qualifikation-asien,WMQ2018,2016-09-01,South Korea,China,,,,,,,,,,,1.54,3.99,7.19,,,,1.54,4.26,8.92,1.47,3.88,7.37
AFC-SWMQ2018_GD16_G2,wm-qualifikation-asien,WMQ2018,2016-09-01,Uzbekistan,Syria,,,,,,,,,,,1.41,4.44,9.63,,,,1.45,4.66,11.0,1.38,4.29,8.56
CONMEBOL-SWMQ2018_GD6_G3,wm-qualifikation-suedamerika,WMQ2018,2016-03-30,Argentina,Bolivia,,,,,,,,,,,1.06,17.5,50.0,,,,1.12,20.02,67.0,1.05,13.7,41.3
CONCACAF-SWMQ2018_GD11_G3,wm-qualifikation-nordamerika-mittelamerika,WMQ2018,2016-03-30,Costa Rica,Jamaica,,,,,,,,,,,1.67,3.56,6.73,,,,1.7,3.6,7.0,1.6,3.45,6.07
CONCACAF-SWMQ2018_GD11_G6,wm-qualifikation-nordamerika-mittelamerika,WMQ2018,2016-03-30,Honduras,El Salvador,,,,,,,,,,,1.65,3.7,6.43,,,,1.7,3.85,6.8,1.64,3.45,5.63
CONCACAF-SWMQ2018_GD11_G1,wm-qualifikation-nordamerika-mittelamerika,WMQ2018,2016-03-30,Mexico,Canada,,,,,,,,,,,1.23,6.49,16.12,,,,1.25,7.7,30.0,1.16,6.45,17.41
CONCACAF-SWMQ2018_GD11_G2,wm-qualifikation-nordamerika-mittelamerika,WMQ2018,2016-03-30,Panama,Haiti,,,,,,,,,,,1.61,3.74,7.16,,,,1.62,3.81,7.72,1.53,3.57,6.78
CONMEBOL-SWMQ2018_GD6_G5,wm-qualifikation-suedamerika,WMQ2018,2016-03-30,Paraguay,Brazil,,,,,,,,,,,3.58,3.32,2.23,,,,3.99,3.4,2.25,3.48,3.25,2.17
CONCACAF-SWMQ2018_GD11_G5,wm-qualifikation-nordamerika-mittelamerika,WMQ2018,2016-03-30,Trinidad & Tobago,Saint Vincent and the Grenadines,,,,,,,,,,,1.08,13.75,30.11,,,,1.12,14.5,37.0,1.08,9.88,21.3
CONMEBOL-SWMQ2018_GD6_G2,wm-qualifikation-suedamerika,WMQ2018,2016-03-30,Uruguay,Peru,,,,,,,,,,,1.35,5.28,10.94,,,,1.36,5.5,13.5,1.33,4.87,10.02
CONCACAF-SWMQ2018_GD11_G4,wm-qualifikation-nordamerika-mittelamerika,WMQ2018,2016-03-30,USA,Guatemala,,,,,,,,,,,1.22,6.47,17.37,,,,1.25,7.21,19.0,1.2,5.95,13.42
CONMEBOL-SWMQ2018_GD6_G4,wm-qualifikation-suedamerika,WMQ2018,2016-03-30,Venezuela,Chile,,,,,,,,,,,4.02,3.58,2.01,,,,4.33,3.62,2.02,3.95,3.42,1.95
AFC-SWMQ2018_GD15_G10,wm-qualifikation-asien,WMQ2018,2016-03-29,Afghanistan,Singapore,,,,,,,,,,,2.95,3.04,2.69,,,,2.97,3.25,2.75,2.76,3.01,2.56
AFC-SWMQ2018_GD15_G11,wm-qualifikation-asien,WMQ2018,2016-03-29,Australia,Jordan,,,,,,,,,,,1.39,5.02,8.14,,,,1.39,5.5,10.0,1.34,4.7,8.3
CONMEBOL-SWMQ2018_GD6_G1,wm-qualifikation-suedamerika,WMQ2018,2016-03-29,Colombia,Ecuador,,,,,,,,,,,2.04,3.41,4.25,,,,2.07,3.6,4.75,1.95,3.3,4.15
AFC-SWMQ2018_GD15_G13,wm-qualifikation-asien,WMQ2018,2016-03-29,India,Turkmenistan,,,,,,,,,,,3.36,3.16,2.35,,,,3.36,3.4,2.62,2.89,3.15,2.36
AFC-SWMQ2018_GD15_G2,wm-qualifikation-asien,WMQ2018,2016-03-29,Iran,Oman,,,,,,,,,,,1.42,4.36,9.55,,,,1.45,5.0,10.45,1.39,4.24,7.89
AFC-SWMQ2018_GD15_G3,wm-qualifikation-asien,WMQ2018,2016-03-29,Iraq,Vietnam,,,,,,,,,,,1.18,7.97,15.2,,,,1.25,7.97,15.2,1.19,6.26,11.85
AFC-SWMQ2018_GD15_G7,wm-qualifikation-asien,WMQ2018,2016-03-29,Japan,Syria,,,,,,,,,,,1.14,8.8,19.55,,,,1.17,8.8,29.67,1.13,7.57,15.64
AFC-SWMQ2018_GD15_G9,wm-qualifikation-asien,WMQ2018,2016-03-29,Lebanon,Myanmar,,,,,,,,,,,1.1,10.3,32.5,,,,1.15,10.3,67.0,1.09,8.16,25.89
AFC-SWMQ2018_GD15_G1,wm-qualifikation-asien,WMQ2018,2016-03-29,Maldives,Bhutan,,,,,,,,,,,,,,,,,1.07,17.0,50.95,1.05,11.37,28.1
AFC-SWMQ2018_GD15_G4,wm-qualifikation-asien,WMQ2018,2016-03-29,Palestine,East Timor,,,,,,,,,,,,,,,,,1.08,18.1,151.0,1.04,11.99,39.66
AFC-SWMQ2018_GD15_G8,wm-qualifikation-asien,WMQ2018,2016-03-29,Philippines,North Korea,,,,,,,,,,,10.16,4.41,1.4,,,,11.0,4.6,1.4,8.89,4.26,1.36
AFC-SWMQ2018_GD15_G12,wm-qualifikation-asien,WMQ2018,2016-03-29,South Korea,Kuwait,,,,,,,,,,,,,,,,,1.22,5.5,8.0,1.22,5.5,8.0
AFC-SWMQ2018_GD15_G6,wm-qualifikation-asien,WMQ2018,2016-03-29,Tajikistan,Kyrgyzstan,,,,,,,,,,,2.26,3.31,3.38,,,,2.35,3.31,3.7,2.21,3.17,3.12
AFC-SWMQ2018_GD15_G5,wm-qualifikation-asien,WMQ2018,2016-03-29,Uzbekistan,Bahrain,,,,,,,,,,,1.24,6.22,13.88,,,,1.3,6.22,15.0,1.24,5.4,11.12
CONMEBOL-SWMQ2018_GD5_G5,wm-qualifikation-suedamerika,WMQ2018,2016-03-26,Brazil,Uruguay,,,,,,,,,,,1.44,4.73,8.26,,,,1.45,4.76,8.27,1.45,4.76,8.27
CONCACAF-SWMQ2018_GD10_G6,wm-qualifikation-nordamerika-mittelamerika,WMQ2018,2016-03-26,Canada,Mexico,,,,,,,,,,,6.99,3.76,1.61,,,,7.7,3.96,1.62,6.11,3.54,1.58
CONCACAF-SWMQ2018_GD10_G4,wm-qualifikation-nordamerika-mittelamerika,WMQ2018,2016-03-26,El Salvador,Honduras,,,,,,,,,,,3.26,2.89,2.64,,,,3.35,3.0,2.67,2.99,2.84,2.52
CONCACAF-SWMQ2018_GD10_G5,wm-qualifikation-nordamerika-mittelamerika,WMQ2018,2016-03-26,Guatemala,USA,,,,,,,,,,,7.63,4.02,1.54,,,,8.3,4.2,1.58,6.42,3.7,1.53
CONCACAF-SWMQ2018_GD10_G3,wm-qualifikation-nordamerika-mittelamerika,WMQ2018,2016-03-26,Haiti,Panama,,,,,,,,,,,3.04,2.88,2.83,,,,3.13,3.0,3.0,2.82,2.76,2.74
CONCACAF-SWMQ2018_GD10_G2,wm-qualifikation-nordamerika-mittelamerika,WMQ2018,2016-03-26,Jamaica,Costa Rica,,,,,,,,,,,3.62,2.94,2.42,,,,3.92,3.1,2.42,3.47,2.84,2.26
CONMEBOL-SWMQ2018_GD5_G4,wm-qualifikation-suedamerika,WMQ2018,2016-03-25,Peru,Venezuela,,,,,,,,,,,1.58,4.1,6.75,,,,1.6,4.25,7.2,1.55,3.91,6.32
CONCACAF-SWMQ2018_GD10_G1,wm-qualifikation-nordamerika-mittelamerika,WMQ2018,2016-03-25,Saint Vincent and the Grenadines,Trinidad & Tobago,,,,,,,,,,,18.19,7.56,1.19,,,,22.0,7.84,1.2,16.36,6.69,1.15
AFC-SWMQ2018_GD14_G13,wm-qualifikation-asien,WMQ2018,2016-03-24,Australia,Tajikistan,,,,,,,,,,,,,,,,,1.05,31.0,51.0,1.03,14.54,33.71
AFC-SWMQ2018_GD14_G4,wm-qualifikation-asien,WMQ2018,2016-03-24,Bahrain,Yemen,,,,,,,,,,,1.32,4.9,12.77,,,,1.36,5.5,13.0,1.28,4.65,11.06
CONMEBOL-SWMQ2018_GD5_G2,wm-qualifikation-suedamerika,WMQ2018,2016-03-24,Bolivia,Colombia,,,,,,,,,,,3.29,3.29,2.4,,,,3.46,3.4,2.41,3.2,3.23,2.29
CONMEBOL-SWMQ2018_GD5_G3,wm-qualifikation-suedamerika,WMQ2018,2016-03-24,Chile,Argentina,,,,,,,,,,,3.48,3.33,2.29,,,,3.54,3.4,2.4,3.24,3.26,2.27
AFC-SWMQ2018_GD14_G11,wm-qualifikation-asien,WMQ2018,2016-03-24,China,Maldives,,,,,,,,,,,,,,,,,1.02,37.0,81.0,1.01,17.98,39.97
CONMEBOL-SWMQ2018_GD5_G1,wm-qualifikation-suedamerika,WMQ2018,2016-03-24,Ecuador,Paraguay,,,,,,,,,,,1.39,4.93,9.87,,,,1.45,4.99,10.06,1.37,4.54,9.2
AFC-SWMQ2018_GD14_G7,wm-qualifikation-asien,WMQ2018,2016-03-24,Iran,India,,,,,,,,,,,,,,,,,1.04,37.0,91.0,1.02,14.82,36.27
AFC-SWMQ2018_GD14_G12,wm-qualifikation-asien,WMQ2018,2016-03-24,Japan,Afghanistan,,,,,,,,,,,,,,,,,1.01,32.97,61.0,1.01,20.45,42.48
AFC-SWMQ2018_GD14_G9,wm-qualifikation-asien,WMQ2018,2016-03-24,Jordan,Bangladesh,,,,,,,,,,,,,,,,,1.03,35.22,201.0,1.01,17.34,49.75
AFC-SWMQ2018_GD14_G14,wm-qualifikation-asien,WMQ2018,2016-03-24,Kuwait,Laos,,,,,,,,,,,,,,,,,1.01,15.25,19.0,1.01,14.68,18.12
AFC-SWMQ2018_GD14_G5,wm-qualifikation-asien,WMQ2018,2016-03-24,Oman,Guam,,,,,,,,,,,1.1,10.66,23.9,,,,1.12,13.0,51.0,1.07,9.72,25.66
AFC-SWMQ2018_GD14_G3,wm-qualifikation-asien,WMQ2018,2016-03-24,Qatar,Hong Kong,,,,,,,,,,,1.16,7.37,21.46,,,,1.21,7.6,21.46,1.16,6.35,15.07
AFC-SWMQ2018_GD14_G1,wm-qualifikation-asien,WMQ2018,2016-03-24,Saudi Arabia,Malaysia,,,,,,,,,,,,,,,,,1.03,35.22,138.82,1.01,18.21,43.7
AFC-SWMQ2018_GD14_G8,wm-qualifikation-asien,WMQ2018,2016-03-24,South Korea,Lebanon,,,,,,,,,,,1.14,8.65,22.25,,,,1.15,10.45,25.97,1.12,7.64,18.82
AFC-SWMQ2018_GD14_G2,wm-qualifikation-asien,WMQ2018,2016-03-24,Syria,Cambodia,,,,,,,,,,,,,,,,,1.03,38.0,108.1,1.01,19.46,46.12
AFC-SWMQ2018_GD14_G6,wm-qualifikation-asien,WMQ2018,2016-03-24,United Arab Emirates,Palestine,,,,,,,,,,,1.24,6.21,13.85,,,,1.3,6.55,14.5,1.24,5.54,10.78
AFC-SWMQ2018_GD14_G15,wm-qualifikation-asien,WMQ2018,2016-03-24,Uzbekistan,Philippines,,,,,,,,,,,1.06,14.72,37.07,,,,1.09,15.8,46.32,1.05,11.48,28.04
AFC-SWMQ2018_GD14_G10,wm-qualifikation-asien,WMQ2018,2016-03-24,Vietnam,Chinese Taipei,,,,,,,,,,,1.25,6.4,12.0,,,,1.25,7.0,15.5,1.21,5.89,11.12
CONMEBOL-SWMQ2018_GD4_G5,wm-qualifikation-suedamerika,WMQ2018,2015-11-18,Brazil,Peru,,,,,,,,,,,1.27,6.09,13.49,,,,1.3,6.5,16.5,1.25,5.59,12.69
CONCACAF-SWMQ2018_GD9_G3,wm-qualifikation-nordamerika-mittelamerika,WMQ2018,2015-11-18,El Salvador,Canada,,,,,,,,,,,3.18,2.99,2.62,,,,3.63,3.2,2.62,3.2,2.85,2.38
CONCACAF-SWMQ2018_GD9_G2,wm-qualifikation-nordamerika-mittelamerika,WMQ2018,2015-11-18,Haiti,Jamaica,,,,,,,,,,,2.42,3.0,3.53,,,,2.48,2.97,3.48,2.42,2.86,3.29
CAF-SWMQ2018_GD5_G7,wm-qualifikation-afrika,WMQ2018,2015-11-17,Algeria,Tanzania,,,,,,,,,,,1.17,7.7,22.0,,,,1.17,8.0,31.52,1.14,6.78,19.39
AFC-SWMQ2018_GD13_G10,wm-qualifikation-asien,WMQ2018,2015-11-17,Bangladesh,Australia,,,,,,,,,,,,,,,,,71.0,26.0,1.02,42.4,17.4,1.01
AFC-SWMQ2018_GD13_G8,wm-qualifikation-asien,WMQ2018,2015-11-17,Bhutan,Qatar,,,,,,,,,,,,,,,,,201.0,36.0,1.01,48.92,19.54,1.01
CAF-SWMQ2018_GD5_G5,wm-qualifikation-afrika,WMQ2018,2015-11-17,Burkina Faso,Benin,,,,,,,,,,,1.56,4.3,6.47,,,,1.58,4.3,7.5,1.52,3.8,6.16
AFC-SWMQ2018_GD13_G5,wm-qualifikation-asien,WMQ2018,2015-11-17,Cambodia,Japan,,,,,,,,,,,,,,,,,101.0,31.0,1.01,42.88,19.3,1.01
CAF-SWMQ2018_GD5_G10,wm-qualifikation-afrika,WMQ2018,2015-11-17,Cameroon,Niger,,,,,,,,,,,1.22,6.35,18.8,,,,1.23,6.43,23.0,1.19,5.78,15.63
CAF-SWMQ2018_GD5_G4,wm-qualifikation-afrika,WMQ2018,2015-11-17,Cape Verde,Kenya,,,,,,,,,,,1.34,5.07,11.35,,,,1.34,5.4,15.0,1.27,4.86,11.39
AFC-SWMQ2018_GD13_G11,wm-qualifikation-asien,WMQ2018,2015-11-17,Chinese Taipei,Iraq,,,,,,,,,,,49.04,15.93,1.04,,,,49.04,16.5,1.08,25.62,11.61,1.05
CONMEBOL-SWMQ2018_GD4_G1,wm-qualifikation-suedamerika,WMQ2018,2015-11-17,Colombia,Argentina,,,,,,,,,,,2.5,3.02,3.4,,,,2.52,3.2,3.5,2.41,3.04,3.17
CAF-SWMQ2018_GD5_G14,wm-qualifikation-afrika,WMQ2018,2015-11-17,Congo,Ethiopia,,,,,,,,,,,1.45,4.62,8.15,,,,1.5,4.85,8.5,1.43,4.1,6.98
AFC-SWMQ2018_GD13_G13,wm-qualifikation-asien,WMQ2018,2015-11-17,East Timor,Saudi Arabia,,,,,,,,,,,,,,,,,81.0,21.0,1.03,37.69,16.45,1.02
CAF-SWMQ2018_GD5_G8,wm-qualifikation-afrika,WMQ2018,2015-11-17,Egypt,Chad,,,,,,,,,,,1.1,11.1,32.0,,,,1.12,13.78,34.0,1.09,9.16,22.21
CAF-SWMQ2018_GD5_G13,wm-qualifikation-afrika,WMQ2018,2015-11-17,Ghana,Comoros,,,,,,,,,,,1.05,16.15,53.5,,,,1.07,20.42,78.7,1.04,11.86,38.83
AFC-SWMQ2018_GD13_G14,wm-qualifikation-asien,WMQ2018,2015-11-17,Guam,Iran,,,,,,,,,,,24.4,9.35,1.12,,,,46.0,12.1,1.12,24.11,8.76,1.08
AFC-SWMQ2018_GD13_G9,wm-qualifikation-asien,WMQ2018,2015-11-17,Hong Kong,China,,,,,,,,,,,10.86,5.27,1.32,,,,11.17,5.68,1.33,9.44,5.01,1.27
CAF-SWMQ2018_GD5_G12,wm-qualifikation-afrika,WMQ2018,2015-11-17,Ivory Coast,Liberia,,,,,,,,,,,1.17,7.7,21.6,,,,1.19,7.7,26.0,1.15,6.52,17.31
AFC-SWMQ2018_GD13_G2,wm-qualifikation-asien,WMQ2018,2015-11-17,Kyrgyzstan,Jordan,,,,,,,,,,,5.05,3.34,1.84,,,,6.5,3.75,1.88,5.04,3.35,1.71
AFC-SWMQ2018_GD13_G6,wm-qualifikation-asien,WMQ2018,2015-11-17,Laos,South Korea,,,,,,,,,,,,,,,,,151.0,31.0,1.01,43.96,19.63,1.01
AFC-SWMQ2018_GD13_G4,wm-qualifikation-asien,WMQ2018,2015-11-17,Malaysia,United Arab Emirates,,,,,,,,,,,,,,,,,126.0,19.0,1.06,38.28,14.65,1.02
CAF-SWMQ2018_GD5_G2,wm-qualifikation-afrika,WMQ2018,2015-11-17,Mali,Botswana,,,,,,,,,,,1.36,5.09,10.24,,,,1.36,5.4,12.5,1.31,4.75,9.53
AFC-SWMQ2018_GD13_G12,wm-qualifikation-asien,WMQ2018,2015-11-17,North Korea,Bahrain,,,,,,,,,,,1.49,4.03,8.25,,,,1.52,4.1,8.58,1.48,3.73,7.02
CONMEBOL-SWMQ2018_GD4_G4,wm-qualifikation-suedamerika,WMQ2018,2015-11-17,Paraguay,Bolivia,,,,,,,,,,,1.41,4.76,9.61,,,,1.41,5.2,12.0,1.34,4.71,10.11
CAF-SWMQ2018_GD5_G9,wm-qualifikation-afrika,WMQ2018,2015-11-17,Rwanda,Libya,,,,,,,,,,,2.51,2.94,3.44,,,,2.57,3.08,3.45,2.41,2.79,3.21
CONCACAF-SWMQ2018_GD9_G1,wm-qualifikation-nordamerika-mittelamerika,WMQ2018,2015-11-17,Saint Vincent and the Grenadines,Guatemala,,,,,,,,,,,8.38,4.7,1.43,,,,9.25,4.75,1.45,7.42,4.21,1.4
CAF-SWMQ2018_GD5_G3,wm-qualifikation-afrika,WMQ2018,2015-11-17,Senegal,Madagascar,,,,,,,,,,,1.2,7.1,17.5,,,,1.21,7.1,19.0,1.18,6.03,14.11
AFC-SWMQ2018_GD13_G7,wm-qualifikation-asien,WMQ2018,2015-11-17,Singapore,Syria,,,,,,,,,,,6.42,4.12,1.56,,,,8.4,4.33,1.56,6.35,3.92,1.49
CAF-SWMQ2018_GD5_G1,wm-qualifikation-afrika,WMQ2018,2015-11-17,South Africa,Angola,,,,,,,,,,,1.6,3.88,6.79,,,,1.63,3.89,6.9,1.57,3.63,5.88
CAF-SWMQ2018_GD5_G6,wm-qualifikation-afrika,WMQ2018,2015-11-17,Tunisia,Mauritania,,,,,,,,,,,1.29,5.46,13.6,,,,1.3,5.5,13.6,1.27,4.97,10.85
AFC-SWMQ2018_GD13_G3,wm-qualifikation-asien,WMQ2018,2015-11-17,Turkmenistan,Oman,,,,,,,,,,,5.57,3.96,1.65,,,,5.8,4.1,1.73,4.96,3.55,1.64
CONMEBOL-SWMQ2018_GD4_G3,wm-qualifikation-suedamerika,WMQ2018,2015-11-17,Uruguay,Chile,,,,,,,,,,,2.5,3.19,3.2,,,,2.54,3.33,3.2,2.43,3.16,3.02
CONMEBOL-SWMQ2018_GD4_G2,wm-qualifikation-suedamerika,WMQ2018,2015-11-17,Venezuela,Ecuador,,,,,,,,,,,3.11,3.14,2.6,,,,3.11,3.3,2.7,2.87,3.08,2.59
AFC-SWMQ2018_GD13_G1,wm-qualifikation-asien,WMQ2018,2015-11-17,Yemen,Uzbekistan,,,,,,,,,,,22.22,7.26,1.17,,,,23.0,7.26,1.22,17.19,6.47,1.15
CAF-SWMQ2018_GD4_G24,wm-qualifikation-afrika,WMQ2018,2015-11-15,D.R. Congo,Burundi,,,,,,,,,,,1.33,4.99,12.6,,,,1.37,4.99,12.6,1.33,4.47,9.25
CAF-SWMQ2018_GD4_G25,wm-qualifikation-afrika,WMQ2018,2015-11-15,Equatorial Guinea,Morocco,,,,,,,,,,,4.18,3.15,2.11,,,,4.5,3.25,2.11,3.92,3.09,1.98
CAF-SWMQ2018_GD4_G26,wm-qualifikation-afrika,WMQ2018,2015-11-15,Guinea,Namibia,,,,,,,,,,,1.71,3.54,6.09,,,,1.74,3.7,6.1,1.66,3.38,5.41
CAF-SWMQ2018_GD4_G23,wm-qualifikation-afrika,WMQ2018,2015-11-15,Uganda,Togo,,,,,,,,,,,1.78,3.55,5.33,,,,1.81,3.55,5.33,1.74,3.38,4.76
CAF-SWMQ2018_GD4_G22,wm-qualifikation-afrika,WMQ2018,2015-11-15,Zambia,Sudan,,,,,,,,,,,1.35,4.72,12.95,,,,1.38,4.75,12.95,1.32,4.32,10.73
CONMEBOL-SWMQ2018_GD3_G4,wm-qualifikation-suedamerika,WMQ2018,2015-11-14,Argentina,Brazil,,,,,,,,,,,2.52,2.98,3.41,,,,2.63,3.13,3.5,2.48,2.98,3.12
CAF-SWMQ2018_GD4_G18,wm-qualifikation-afrika,WMQ2018,2015-11-14,Botswana,Mali,,,,,,,,,,,4.17,3.4,2.01,,,,4.17,3.4,2.04,3.86,3.2,1.94
CONCACAF-SWMQ2018_GD8_G6,wm-qualifikation-nordamerika-mittelamerika,WMQ2018,2015-11-14,Canada,Honduras,,,,,,,,,,,2.65,3.03,3.1,,,,2.73,3.14,3.16,2.53,2.89,2.88
CAF-SWMQ2018_GD4_G19,wm-qualifikation-afrika,WMQ2018,2015-11-14,Chad,Egypt,,,,,,,,,,,10.15,5.34,1.34,,,,12.25,5.5,1.36,9.13,4.82,1.3
CONCACAF-SWMQ2018_GD8_G1,wm-qualifikation-nordamerika-mittelamerika,WMQ2018,2015-11-14,Costa Rica,Haiti,,,,,,,,,,,1.43,4.41,9.7,,,,1.45,4.9,10.5,1.38,4.2,8.29
CAF-SWMQ2018_GD4_G20,wm-qualifikation-afrika,WMQ2018,2015-11-14,Ethiopia,Congo,,,,,,,,,,,2.52,3.18,3.14,,,,2.6,3.18,3.16,2.43,2.99,2.89
CAF-SWMQ2018_GD4_G17,wm-qualifikation-afrika,WMQ2018,2015-11-14,Gabon,Mozambique,,,,,,,,,,,1.41,4.51,9.85,,,,1.44,4.51,9.85,1.39,4.13,8.07
CONCACAF-SWMQ2018_GD8_G5,wm-qualifikation-nordamerika-mittelamerika,WMQ2018,2015-11-14,Guatemala,Trinidad & Tobago,,,,,,,,,,,2.32,3.17,3.51,,,,2.55,3.26,3.51,2.33,3.01,3.07
CONCACAF-SWMQ2018_GD8_G3,wm-qualifikation-nordamerika-mittelamerika,WMQ2018,2015-11-14,Jamaica,Panama,,,,,,,,,,,2.29,3.06,3.75,,,,2.32,3.18,3.98,2.22,2.95,3.36
CONCACAF-SWMQ2018_GD8_G2,wm-qualifikation-nordamerika-mittelamerika,WMQ2018,2015-11-14,Mexico,El Salvador,,,,,,,,,,,1.09,11.93,35.35,,,,1.12,12.7,55.57,1.07,9.5,27.14
CONMEBOL-SWMQ2018_GD3_G5,wm-qualifikation-suedamerika,WMQ2018,2015-11-14,Peru,Paraguay,,,,,,,,,,,1.95,3.4,4.57,,,,2.05,3.4,4.57,1.96,3.26,4.1
CAF-SWMQ2018_GD4_G21,wm-qualifikation-afrika,WMQ2018,2015-11-14,Tanzania,Algeria,,,,,,,,,,,6.83,3.74,1.62,,,,7.33,4.0,1.65,5.86,3.56,1.58
CONCACAF-SWMQ2018_GD8_G4,wm-qualifikation-nordamerika-mittelamerika,WMQ2018,2015-11-14,USA,Saint Vincent and the Grenadines,,,,,,,,,,,,,,,,,1.03,41.0,81.0,1.01,21.17,43.71
CAF-SWMQ2018_GD4_G12,wm-qualifikation-afrika,WMQ2018,2015-11-13,Angola,South Africa,,,,,,,,,,,2.61,2.97,3.22,,,,2.62,3.2,3.4,2.47,2.9,2.98
CAF-SWMQ2018_GD4_G9,wm-qualifikation-afrika,WMQ2018,2015-11-13,Comoros,Ghana,,,,,,,,,,,16.3,6.5,1.23,,,,20.0,7.3,1.23,14.46,6.46,1.17
CAF-SWMQ2018_GD4_G10,wm-qualifikation-afrika,WMQ2018,2015-11-13,Kenya,Cape Verde,,,,,,,,,,,3.69,2.98,2.36,,,,3.86,3.13,2.45,3.4,2.91,2.25
CAF-SWMQ2018_GD4_G14,wm-qualifikation-afrika,WMQ2018,2015-11-13,Liberia,Ivory Coast,,,,,,,,,,,7.25,3.82,1.58,,,,7.25,4.0,1.77,5.63,3.54,1.61
CAF-SWMQ2018_GD4_G11,wm-qualifikation-afrika,WMQ2018,2015-11-13,Libya,Rwanda,,,,,,,,,,,2.1,3.12,4.28,,,,2.2,3.3,4.28,2.07,3.01,3.72
CAF-SWMQ2018_GD4_G8,wm-qualifikation-afrika,WMQ2018,2015-11-13,Madagascar,Senegal,,,,,,,,,,,6.76,3.77,1.62,,,,6.95,3.8,1.65,5.75,3.6,1.57
CAF-SWMQ2018_GD4_G15,wm-qualifikation-afrika,WMQ2018,2015-11-13,Mauritania,Tunisia,,,,,,,,,,,4.34,3.21,2.05,,,,4.34,3.25,2.08,3.92,3.07,1.99
CAF-SWMQ2018_GD4_G13,wm-qualifikation-afrika,WMQ2018,2015-11-13,Niger,Cameroon,,,,,,,,,,,5.14,3.26,1.89,,,,5.5,3.4,1.95,4.5,3.15,1.84
AFC-SWMQ2018_GD12_G9,wm-qualifikation-asien,WMQ2018,2015-11-12,Afghanistan,Cambodia,,,,,,,,,,,1.24,6.08,13.93,,,,1.4,6.6,17.0,1.22,5.41,11.75
AFC-SWMQ2018_GD12_G15,wm-qualifikation-asien,WMQ2018,2015-11-12,Australia,Kyrgyzstan,,,,,,,,,,,1.06,15.0,33.8,,,,1.1,15.0,41.0,1.06,10.24,24.09
CAF-SWMQ2018_GD4_G7,wm-qualifikation-afrika,WMQ2018,2015-11-12,Benin,Burkina Faso,,,,,,,,,,,2.25,3.14,3.68,,,,2.3,3.2,3.9,2.2,2.98,3.42
CONMEBOL-SWMQ2018_GD3_G2,wm-qualifikation-suedamerika,WMQ2018,2015-11-12,Bolivia,Venezuela,,,,,,,,,,,1.88,3.51,4.75,,,,2.0,3.75,4.8,1.89,3.38,4.31
CAF-SWMQ2018_GD4_G5,wm-qualifikation-afrika,WMQ2018,2015-11-12,Burundi,D.R. Congo,,,,,,,,,,,3.53,3.04,2.39,,,,3.95,3.35,2.39,3.45,2.98,2.19
CONMEBOL-SWMQ2018_GD3_G3,wm-qualifikation-suedamerika,WMQ2018,2015-11-12,Chile,Colombia,,,,,,,,,,,1.75,3.74,5.33,,,,1.8,3.8,6.0,1.72,3.6,5.05
AFC-SWMQ2018_GD12_G10,wm-qualifikation-asien,WMQ2018,2015-11-12,China,Bhutan,,,,,,,,,,,,,,,,,1.01,36.0,67.0,1.01,21.02,35.55
CONMEBOL-SWMQ2018_GD3_G1,wm-qualifikation-suedamerika,WMQ2018,2015-11-12,Ecuador,Uruguay,,,,,,,,,,,1.67,3.91,5.89,,,,2.0,4.01,6.4,1.66,3.74,5.31
AFC-SWMQ2018_GD12_G5,wm-qualifikation-asien,WMQ2018,2015-11-12,India,Guam,,,,,,,,,,,2.31,3.32,3.21,,,,2.38,3.6,3.4,2.24,3.24,3.0
AFC-SWMQ2018_GD12_G11,wm-qualifikation-asien,WMQ2018,2015-11-12,Iran,Turkmenistan,,,,,,,,,,,1.1,11.15,22.7,,,,1.1,12.0,34.0,1.08,9.33,21.13
AFC-SWMQ2018_GD12_G2,wm-qualifikation-asien,WMQ2018,2015-11-12,Lebanon,Laos,,,,,,,,,,,,,,,,,1.05,19.5,49.6,1.03,13.49,26.46
AFC-SWMQ2018_GD12_G14,wm-qualifikation-asien,WMQ2018,2015-11-12,Maldives,Hong Kong,,,,,,,,,,,5.67,3.6,1.7,,,,6.58,4.5,1.76,5.65,3.64,1.58
CAF-SWMQ2018_GD4_G3,wm-qualifikation-afrika,WMQ2018,2015-11-12,Morocco,Equatorial Guinea,,,,,,,,,,,1.26,5.84,15.08,,,,1.32,5.84,15.08,1.27,4.82,11.71
CAF-SWMQ2018_GD4_G6,wm-qualifikation-afrika,WMQ2018,2015-11-12,Namibia,Guinea,,,,,,,,,,,2.54,3.07,3.22,,,,2.75,3.2,3.22,2.46,2.97,2.93
AFC-SWMQ2018_GD12_G4,wm-qualifikation-asien,WMQ2018,2015-11-12,Palestine,Malaysia,,,,,,,,,,,1.29,5.52,11.85,,,,1.5,6.5,12.7,1.26,5.38,9.76
AFC-SWMQ2018_GD12_G8,wm-qualifikation-asien,WMQ2018,2015-11-12,Philippines,Yemen,,,,,,,,,,,1.45,4.15,9.32,,,,1.5,4.3,12.1,1.39,3.89,9.23
AFC-SWMQ2018_GD12_G12,wm-qualifikation-asien,WMQ2018,2015-11-12,Singapore,Japan,,,,,,,,,,,28.0,10.7,1.1,,,,41.0,11.5,1.13,21.68,9.32,1.08
AFC-SWMQ2018_GD12_G13,wm-qualifikation-asien,WMQ2018,2015-11-12,South Korea,Myanmar,,,,,,,,,,,,,,,,,1.01,34.0,76.0,1.01,18.77,38.18
AFC-SWMQ2018_GD12_G7,wm-qualifikation-asien,WMQ2018,2015-11-12,Tajikistan,Bangladesh,,,,,,,,,,,1.23,6.3,15.0,,,,1.3,6.8,15.37,1.2,5.68,12.91
AFC-SWMQ2018_GD12_G1,wm-qualifikation-asien,WMQ2018,2015-11-12,Thailand,Chinese Taipei,,,,,,,,,,,,,,,,,1.07,16.0,61.0,1.04,11.95,30.76
CAF-SWMQ2018_GD4_G4,wm-qualifikation-afrika,WMQ2018,2015-11-12,Togo,Uganda,,,,,,,,,,,2.11,3.2,4.11,,,,2.11,3.25,4.5,1.99,3.06,3.92
AFC-SWMQ2018_GD12_G3,wm-qualifikation-asien,WMQ2018,2015-11-12,United Arab Emirates,East Timor,,,,,,,,,,,,,,,,,1.04,21.0,61.0,1.02,15.74,32.66
AFC-SWMQ2018_GD12_G6,wm-qualifikation-asien,WMQ2018,2015-11-12,Uzbekistan,North Korea,,,,,,,,,,,1.79,3.39,5.38,,,,2.0,3.5,5.38,1.85,3.22,4.3
CAF-SWMQ2018_GD4_G2,wm-qualifikation-afrika,WMQ2018,2015-11-11,Mozambique,Gabon,,,,,,,,,,,3.32,3.07,2.49,,,,3.32,3.13,2.5,3.06,2.95,2.41
CAF-SWMQ2018_GD4_G1,wm-qualifikation-afrika,WMQ2018,2015-11-11,Sudan,Zambia,,,,,,,,,,,3.98,2.93,2.28,,,,4.0,3.0,2.33,3.68,2.84,2.19
AFC-SWMQ2018_GD11_G1,wm-qualifikation-asien,WMQ2018,2015-11-09,Palestine,Saudi Arabia,,,,,,,,,,,8.46,5.09,1.38,,,,9.0,5.09,1.41,7.59,4.49,1.37
CONMEBOL-SWMQ2018_GD2_G4,wm-qualifikation-suedamerika,WMQ2018,2015-10-14,Brazil,Venezuela,,,,,,,,,,,1.31,5.58,12.52,,,,1.31,6.2,14.0,1.27,5.47,11.15
CONMEBOL-SWMQ2018_GD2_G3,wm-qualifikation-suedamerika,WMQ2018,2015-10-14,Paraguay,Argentina,,,,,,,,,,,4.15,3.29,2.08,,,,4.5,3.4,2.2,3.97,3.17,2.02
CONMEBOL-SWMQ2018_GD2_G5,wm-qualifikation-suedamerika,WMQ2018,2015-10-14,Peru,Chile,,,,,,,,,,,3.72,3.27,2.22,,,,3.85,3.35,2.28,3.44,3.17,2.19
CONMEBOL-SWMQ2018_GD2_G2,wm-qualifikation-suedamerika,WMQ2018,2015-10-14,Uruguay,Colombia,,,,,,,,,,,2.48,2.99,3.49,,,,2.55,3.25,3.49,2.42,3.0,3.18
AFC-SWMQ2018_GD10_G5,wm-qualifikation-asien,WMQ2018,2015-10-13,Bahrain,Philippines,,,,,,,,,,,1.6,3.97,6.12,,,,1.6,4.15,7.35,1.52,3.81,6.11
AFC-SWMQ2018_GD10_G11,wm-qualifikation-asien,WMQ2018,2015-10-13,Bhutan,Hong Kong,,,,,,,,,,,,,,,,,129.57,28.0,1.03,40.93,18.99,1.01
CAF-SWMQ2018_GD2_G9,wm-qualifikation-afrika,WMQ2018,2015-10-13,Botswana,Eritrea,,,,,,,,,,,1.2,7.15,16.0,,,,1.21,6.95,18.0,1.17,6.51,13.61
CAF-SWMQ2018_GD2_G2,wm-qualifikation-afrika,WMQ2018,2015-10-13,Burundi,Seychelles,,,,,,,,,,,1.24,6.44,13.69,,,,1.3,6.44,13.69,1.25,5.24,10.46
AFC-SWMQ2018_GD10_G13,wm-qualifikation-asien,WMQ2018,2015-10-13,East Timor,Malaysia,,,,,,,,,,,2.96,3.31,2.5,,,,2.99,3.48,2.7,2.73,3.26,2.41
CONMEBOL-SWMQ2018_GD2_G1,wm-qualifikation-suedamerika,WMQ2018,2015-10-13,Ecuador,Bolivia,,,,,,,,,,,1.18,7.6,21.5,,,,1.25,8.25,22.0,1.16,7.22,17.54
CAF-SWMQ2018_GD2_G6,wm-qualifikation-afrika,WMQ2018,2015-10-13,Guinea Bissau,Liberia,,,,,,,,,,,,,,,,,1.93,3.5,4.3,1.89,3.27,3.98
AFC-SWMQ2018_GD10_G3,wm-qualifikation-asien,WMQ2018,2015-10-13,Jordan,Tajikistan,,,,,,,,,,,1.2,6.63,17.21,,,,1.23,7.5,19.0,1.17,6.41,13.94
AFC-SWMQ2018_GD10_G1,wm-qualifikation-asien,WMQ2018,2015-10-13,Kuwait,Lebanon,,,,,,,,,,,1.58,3.81,6.91,,,,1.58,4.0,7.66,1.49,3.76,6.63
AFC-SWMQ2018_GD10_G7,wm-qualifikation-asien,WMQ2018,2015-10-13,Kyrgyzstan,Bangladesh,,,,,,,,,,,1.22,6.22,16.08,,,,1.27,7.0,23.0,1.18,6.04,13.67
CAF-SWMQ2018_GD2_G7,wm-qualifikation-afrika,WMQ2018,2015-10-13,Lesotho,Comoros,,,,,,,,,,,1.52,4.04,7.64,,,,1.57,4.35,7.64,1.51,3.81,6.37
CAF-SWMQ2018_GD2_G1,wm-qualifikation-afrika,WMQ2018,2015-10-13,Madagascar,Central Africa,,,,,,,,,,,,,,,,,1.56,3.95,7.75,1.51,3.66,6.62
CAF-SWMQ2018_GD2_G8,wm-qualifikation-afrika,WMQ2018,2015-10-13,Mauritania,South Sudan,,,,,,,,,,,1.31,5.35,11.86,,,,1.31,6.5,12.0,1.25,5.23,10.34
AFC-SWMQ2018_GD10_G8,wm-qualifikation-asien,WMQ2018,2015-10-13,Myanmar,Laos,,,,,,,,,,,1.83,3.4,5.02,,,,1.88,3.75,5.02,1.77,3.41,4.37
CAF-SWMQ2018_GD2_G4,wm-qualifikation-afrika,WMQ2018,2015-10-13,Namibia,Gambia,,,,,,,,,,,,,,,,,2.3,3.3,3.52,2.23,3.22,3.03
CAF-SWMQ2018_GD2_G5,wm-qualifikation-afrika,WMQ2018,2015-10-13,Niger,Somalia,,,,,,,,,,,1.13,9.41,21.59,,,,1.16,9.41,23.0,1.11,8.0,17.59
AFC-SWMQ2018_GD10_G12,wm-qualifikation-asien,WMQ2018,2015-10-13,North Korea,Yemen,,,,,,,,,,,1.15,7.6,24.5,,,,1.18,8.4,26.0,1.12,7.38,16.76
AFC-SWMQ2018_GD10_G6,wm-qualifikation-asien,WMQ2018,2015-10-13,Oman,India,,,,,,,,,,,1.11,10.35,24.4,,,,1.13,11.5,34.0,1.08,8.75,21.73
AFC-SWMQ2018_GD10_G4,wm-qualifikation-asien,WMQ2018,2015-10-13,Qatar,Maldives,,,,,,,,,,,,,,,,,1.05,25.97,96.0,1.03,14.78,41.1
CAF-SWMQ2018_GD2_G3,wm-qualifikation-afrika,WMQ2018,2015-10-13,Sierra Leone,Chad,,,,,,,,,,,2.19,3.12,3.87,,,,2.34,3.3,3.87,2.22,3.05,3.24
AFC-SWMQ2018_GD10_G10,wm-qualifikation-asien,WMQ2018,2015-10-13,Singapore,Cambodia,,,,,,,,,,,1.14,8.85,21.0,,,,1.14,10.0,25.97,1.11,8.06,18.53
AFC-SWMQ2018_GD10_G2,wm-qualifikation-asien,WMQ2018,2015-10-13,Syria,Afghanistan,,,,,,,,,,,1.15,8.15,22.4,,,,1.15,9.8,26.9,1.11,8.0,17.66
AFC-SWMQ2018_GD10_G14,wm-qualifikation-asien,WMQ2018,2015-10-13,Turkmenistan,Guam,,,,,,,,,,,1.46,4.58,7.33,,,,1.46,5.3,9.0,1.37,4.48,7.34
AFC-SWMQ2018_GD10_G9,wm-qualifikation-asien,WMQ2018,2015-10-13,Vietnam,Thailand,,,,,,,,,,,4.2,3.5,1.93,,,,4.33,3.5,2.0,3.81,3.3,1.92
CAF-SWMQ2018_GD1_G14,wm-qualifikation-afrika,WMQ2018,2015-10-11,Ethiopia,Sao Tome and Principe,,,,,,,,,,,,,,,,,1.19,7.1,19.0,1.15,6.47,14.79
CAF-SWMQ2018_GD1_G15,wm-qualifikation-afrika,WMQ2018,2015-10-11,Kenya,Mauritius,,,,,,,,,,,1.23,6.45,15.65,,,,1.25,7.55,17.5,1.19,6.07,12.99
CAF-SWMQ2018_GD1_G16,wm-qualifikation-afrika,WMQ2018,2015-10-11,Malawi,Tanzania,,,,,,,,,,,1.77,3.5,5.6,,,,1.77,3.54,5.7,1.7,3.39,5.0
CAF-SWMQ2018_GD1_G11,wm-qualifikation-afrika,WMQ2018,2015-10-10,Central Africa,Madagascar,,,,,,,,,,,,,,,,,3.1,3.2,2.83,2.88,2.99,2.46
CAF-SWMQ2018_GD1_G13,wm-qualifikation-afrika,WMQ2018,2015-10-10,Chad,Sierra Leone,,,,,,,,,,,,,,,,,2.5,3.2,3.32,2.41,2.97,2.98
CAF-SWMQ2018_GD1_G12,wm-qualifikation-afrika,WMQ2018,2015-10-10,Eritrea,Botswana,,,,,,,,,,,,,,,,,8.0,3.75,1.63,6.35,3.63,1.52
CONMEBOL-SWMQ2018_GD1_G5,wm-qualifikation-suedamerika,WMQ2018,2015-10-09,Argentina,Ecuador,,,,,,,,,,,1.5,4.47,7.57,,,,1.5,4.8,10.0,1.43,4.39,7.67
CONMEBOL-SWMQ2018_GD1_G4,wm-qualifikation-suedamerika,WMQ2018,2015-10-09,Chile,Brazil,,,,,,,,,,,2.35,3.34,3.33,,,,2.42,3.35,3.4,2.3,3.22,3.16
CAF-SWMQ2018_GD1_G10,wm-qualifikation-afrika,WMQ2018,2015-10-09,Gambia,Namibia,,,,,,,,,,,1.97,2.98,5.19,,,,1.98,3.28,5.19,1.9,3.04,4.41
CAF-SWMQ2018_GD1_G8,wm-qualifikation-afrika,WMQ2018,2015-10-09,Somalia,Niger,,,,,,,,,,,14.16,4.79,1.32,,,,15.0,5.0,1.4,11.06,4.57,1.29
AFC-SWMQ2018_GD9_G1,wm-qualifikation-asien,WMQ2018,2015-10-08,Bahrain,Uzbekistan,,,,,,,,,,,3.54,3.21,2.24,,,,3.54,3.45,2.38,3.2,3.1,2.21
AFC-SWMQ2018_GD9_G10,wm-qualifikation-asien,WMQ2018,2015-10-08,Bhutan,Maldives,,,,,,,,,,,19.24,9.08,1.14,,,,23.0,9.32,1.17,15.84,8.17,1.12
CONMEBOL-SWMQ2018_GD1_G1,wm-qualifikation-suedamerika,WMQ2018,2015-10-08,Bolivia,Uruguay,,,,,,,,,,,3.61,3.06,2.37,,,,3.61,3.3,2.9,3.22,2.99,2.41
CONMEBOL-SWMQ2018_GD1_G2,wm-qualifikation-suedamerika,WMQ2018,2015-10-08,Colombia,Peru,,,,,,,,,,,1.59,3.98,6.86,,,,1.62,4.2,7.5,1.56,3.7,6.68
AFC-SWMQ2018_GD9_G12,wm-qualifikation-asien,WMQ2018,2015-10-08,East Timor,Palestine,,,,,,,,,,,6.52,4.13,1.55,,,,8.5,5.0,1.6,5.73,4.0,1.52
AFC-SWMQ2018_GD9_G5,wm-qualifikation-asien,WMQ2018,2015-10-08,Jordan,Australia,,,,,,,,,,,5.4,3.8,1.69,,,,6.0,4.0,1.77,5.12,3.6,1.64
AFC-SWMQ2018_GD9_G2,wm-qualifikation-asien,WMQ2018,2015-10-08,Kuwait,South Korea,,,,,,,,,,,4.83,3.4,1.85,,,,5.1,3.65,1.9,4.47,3.32,1.79
AFC-SWMQ2018_GD9_G4,wm-qualifikation-asien,WMQ2018,2015-10-08,Kyrgyzstan,Tajikistan,,,,,,,,,,,2.14,3.36,3.64,,,,2.14,3.4,3.9,2.02,3.27,3.49
CAF-SWMQ2018_GD1_G7,wm-qualifikation-afrika,WMQ2018,2015-10-08,Liberia,Guinea Bissau,,,,,,,,,,,1.94,3.23,4.61,,,,2.2,3.3,4.85,1.92,3.14,4.1
AFC-SWMQ2018_GD9_G13,wm-qualifikation-asien,WMQ2018,2015-10-08,Myanmar,Lebanon,,,,,,,,,,,10.93,5.04,1.33,,,,11.5,5.1,1.36,9.45,4.72,1.31
AFC-SWMQ2018_GD9_G11,wm-qualifikation-asien,WMQ2018,2015-10-08,North Korea,Philippines,,,,,,,,,,,1.2,6.92,15.61,,,,1.25,7.1,18.0,1.18,6.05,14.36
AFC-SWMQ2018_GD9_G3,wm-qualifikation-asien,WMQ2018,2015-10-08,Oman,Iran,,,,,,,,,,,3.77,3.15,2.18,,,,4.4,3.3,2.25,3.71,3.09,2.04
CAF-SWMQ2018_GD1_G6,wm-qualifikation-afrika,WMQ2018,2015-10-08,Sao Tome and Principe,Ethiopia,,,,,,,,,,,,,,,,,8.5,4.33,1.55,7.04,3.85,1.47
AFC-SWMQ2018_GD9_G9,wm-qualifikation-asien,WMQ2018,2015-10-08,Singapore,Afghanistan,,,,,,,,,,,1.53,3.96,7.34,,,,1.55,4.15,7.34,1.51,3.82,6.29
CAF-SWMQ2018_GD1_G5,wm-qualifikation-afrika,WMQ2018,2015-10-08,South Sudan,Mauritania,,,,,,,,,,,5.01,3.36,1.85,,,,5.2,3.5,1.92,4.51,3.29,1.8
AFC-SWMQ2018_GD9_G6,wm-qualifikation-asien,WMQ2018,2015-10-08,Syria,Japan,,,,,,,,,,,9.63,5.42,1.33,,,,10.5,5.42,1.36,8.34,4.76,1.33
AFC-SWMQ2018_GD9_G7,wm-qualifikation-asien,WMQ2018,2015-10-08,Turkmenistan,India,,,,,,,,,,,1.49,4.36,7.2,,,,1.6,4.36,7.5,1.48,3.98,6.3
CONMEBOL-SWMQ2018_GD1_G3,wm-qualifikation-suedamerika,WMQ2018,2015-10-08,Venezuela,Paraguay,,,,,,,,,,,2.44,3.14,3.37,,,,2.48,3.3,3.42,2.36,3.07,3.19
AFC-SWMQ2018_GD9_G8,wm-qualifikation-asien,WMQ2018,2015-10-08,Vietnam,Iraq,,,,,,,,,,,7.29,4.52,1.47,,,,8.5,4.6,1.55,6.75,4.13,1.44
CAF-SWMQ2018_GD1_G1,wm-qualifikation-afrika,WMQ2018,2015-10-07,Comoros,Lesotho,,,,,,,,,,,,,,,,,5.5,3.46,1.8,4.7,3.33,1.74
CAF-SWMQ2018_GD1_G4,wm-qualifikation-afrika,WMQ2018,2015-10-07,Mauritius,Kenya,,,,,,,,,,,4.91,3.09,1.97,,,,4.91,3.35,2.1,4.12,3.13,1.93
CAF-SWMQ2018_GD1_G2,wm-qualifikation-afrika,WMQ2018,2015-10-07,Seychelles,Burundi,,,,,,,,,,,4.64,3.33,1.93,,,,4.8,3.42,1.97,4.2,3.22,1.87
CAF-SWMQ2018_GD1_G3,wm-qualifikation-afrika,WMQ2018,2015-10-07,Tanzania,Malawi,,,,,,,,,,,2.43,2.88,3.61,,,,2.43,3.2,3.78,2.28,2.94,3.29
CONCACAF-SWMQ2018_GD7_G2,wm-qualifikation-nordamerika-mittelamerika,WMQ2018,2015-09-09,Aruba,Saint Vincent and the Grenadines,,,,,,,,,,,4.22,3.51,1.97,,,,4.22,3.51,2.15,3.54,3.24,2.0
CONCACAF-SWMQ2018_GD7_G3,wm-qualifikation-nordamerika-mittelamerika,WMQ2018,2015-09-09,Belize,Canada,,,,,,,,,,,10.84,5.0,1.35,,,,13.5,5.9,1.37,9.91,4.73,1.29
CONCACAF-SWMQ2018_GD7_G5,wm-qualifikation-nordamerika-mittelamerika,WMQ2018,2015-09-09,El Salvador,Curacao,,,,,,,,,,,1.68,3.65,6.26,,,,1.78,3.78,6.26,1.64,3.42,5.28
CONCACAF-SWMQ2018_GD7_G6,wm-qualifikation-nordamerika-mittelamerika,WMQ2018,2015-09-09,Guatemala,Antigua and Barbuda,,,,,,,,,,,1.38,4.8,10.17,,,,1.41,4.9,10.17,1.36,4.33,7.98
CONCACAF-SWMQ2018_GD7_G1,wm-qualifikation-nordamerika-mittelamerika,WMQ2018,2015-09-09,Haiti,Grenada,,,,,,,,,,,1.14,8.42,29.81,,,,1.15,8.5,29.87,1.11,7.46,20.2
CONCACAF-SWMQ2018_GD7_G4,wm-qualifikation-nordamerika-mittelamerika,WMQ2018,2015-09-09,Nicaragua,Jamaica,,,,,,,,,,,7.28,4.67,1.47,,,,7.5,4.67,1.53,6.25,4.1,1.45
AFC-SWMQ2018_GD8_G6,wm-qualifikation-asien,WMQ2018,2015-09-08,Afghanistan,Japan,,,,,,,,,,,,,,,,,54.0,29.0,1.02,31.43,15.67,1.01
AFC-SWMQ2018_GD8_G13,wm-qualifikation-asien,WMQ2018,2015-09-08,Bangladesh,Jordan,,,,,,,,,,,13.0,7.03,1.18,,,,19.0,7.6,1.2,13.83,6.47,1.16
AFC-SWMQ2018_GD8_G11,wm-qualifikation-asien,WMQ2018,2015-09-08,Cambodia,Syria,,,,,,,,,,,,,,,,,31.52,12.0,1.12,20.22,9.39,1.07
AFC-SWMQ2018_GD8_G12,wm-qualifikation-asien,WMQ2018,2015-09-08,Chinese Taipei,Vietnam,,,,,,,,,,,8.09,4.79,1.41,,,,9.0,5.5,1.41,7.82,4.68,1.34
AFC-SWMQ2018_GD8_G14,wm-qualifikation-asien,WMQ2018,2015-09-08,Guam,Oman,,,,,,,,,,,15.15,6.93,1.2,,,,16.0,7.48,1.26,12.99,6.38,1.18
AFC-SWMQ2018_GD8_G9,wm-qualifikation-asien,WMQ2018,2015-09-08,Hong Kong,Qatar,,,,,,,,,,,12.19,5.04,1.32,,,,13.0,5.6,1.35,10.38,4.82,1.28
AFC-SWMQ2018_GD8_G4,wm-qualifikation-asien,WMQ2018,2015-09-08,India,Iran,,,,,,,,,,,,,,,,,30.0,11.5,1.11,19.69,8.98,1.08
AFC-SWMQ2018_GD8_G15,wm-qualifikation-asien,WMQ2018,2015-09-08,Laos,Kuwait,,,,,,,,,,,,,,,,,56.0,14.0,1.09,22.87,10.73,1.05
AFC-SWMQ2018_GD8_G2,wm-qualifikation-asien,WMQ2018,2015-09-08,Lebanon,South Korea,,,,,,,,,,,9.51,4.04,1.45,,,,9.51,4.8,1.48,7.75,3.98,1.42
AFC-SWMQ2018_GD8_G8,wm-qualifikation-asien,WMQ2018,2015-09-08,Malaysia,Saudi Arabia,,,,,,,,,,,,,,,,,90.1,23.0,1.05,30.65,13.97,1.02
AFC-SWMQ2018_GD8_G10,wm-qualifikation-asien,WMQ2018,2015-09-08,Maldives,China,,,,,,,,,,,,,,,,,90.1,26.9,1.04,33.41,15.93,1.02
AFC-SWMQ2018_GD8_G3,wm-qualifikation-asien,WMQ2018,2015-09-08,Palestine,United Arab Emirates,,,,,,,,,,,8.08,4.61,1.43,,,,8.25,5.25,1.5,7.2,4.34,1.39
AFC-SWMQ2018_GD8_G7,wm-qualifikation-asien,WMQ2018,2015-09-08,Philippines,Uzbekistan,,,,,,,,,,,6.3,4.02,1.58,,,,7.5,4.1,1.58,6.44,3.88,1.49
AFC-SWMQ2018_GD8_G5,wm-qualifikation-asien,WMQ2018,2015-09-08,Tajikistan,Australia,,,,,,,,,,,22.2,9.35,1.13,,,,23.2,9.78,1.16,16.76,7.55,1.13
AFC-SWMQ2018_GD8_G1,wm-qualifikation-asien,WMQ2018,2015-09-08,Yemen,Bahrain,,,,,,,,,,,6.27,3.49,1.68,,,,6.53,3.6,1.71,5.54,3.39,1.65
CONCACAF-SWMQ2018_GD6_G4,wm-qualifikation-nordamerika-mittelamerika,WMQ2018,2015-09-05,Antigua and Barbuda,Guatemala,,,,,,,,,,,4.0,3.33,2.1,,,,4.04,3.42,2.15,3.56,3.16,2.03
CONCACAF-SWMQ2018_GD6_G5,wm-qualifikation-nordamerika-mittelamerika,WMQ2018,2015-09-05,Canada,Belize,,,,,,,,,,,1.2,7.24,17.09,,,,1.2,8.0,20.42,1.15,6.68,15.15
CONCACAF-SWMQ2018_GD6_G6,wm-qualifikation-nordamerika-mittelamerika,WMQ2018,2015-09-05,Curacao,El Salvador,,,,,,,,,,,3.93,3.2,2.16,,,,4.0,3.44,2.2,3.44,3.09,2.11
CONCACAF-SWMQ2018_GD6_G3,wm-qualifikation-nordamerika-mittelamerika,WMQ2018,2015-09-05,Jamaica,Nicaragua,,,,,,,,,,,1.19,7.32,19.17,,,,1.21,8.0,19.17,1.14,6.84,15.0
CONCACAF-SWMQ2018_GD6_G2,wm-qualifikation-nordamerika-mittelamerika,WMQ2018,2015-09-04,Grenada,Haiti,,,,,,,,,,,9.82,4.64,1.4,,,,10.0,5.0,1.45,7.43,4.34,1.38
CONCACAF-SWMQ2018_GD6_G1,wm-qualifikation-nordamerika-mittelamerika,WMQ2018,2015-09-04,Saint Vincent and the Grenadines,Aruba,,,,,,,,,,,1.54,4.16,7.19,,,,1.59,4.16,7.19,1.52,3.8,5.77
AFC-SWMQ2018_GD7_G11,wm-qualifikation-asien,WMQ2018,2015-09-03,Australia,Bangladesh,,,,,,,,,,,,,,,,,1.01,36.0,101.0,1.01,18.7,46.59
AFC-SWMQ2018_GD7_G6,wm-qualifikation-asien,WMQ2018,2015-09-03,Bahrain,North Korea,,,,,,,,,,,2.7,3.23,2.76,,,,2.85,3.3,3.1,2.52,3.0,2.8
AFC-SWMQ2018_GD7_G14,wm-qualifikation-asien,WMQ2018,2015-09-03,China,Hong Kong,,,,,,,,,,,1.18,7.61,16.49,,,,1.22,10.0,24.0,1.12,7.81,16.52
AFC-SWMQ2018_GD7_G13,wm-qualifikation-asien,WMQ2018,2015-09-03,Iran,Guam,,,,,,,,,,,,,,,,,1.06,21.0,67.0,1.03,14.15,32.09
AFC-SWMQ2018_GD7_G15,wm-qualifikation-asien,WMQ2018,2015-09-03,Iraq,Chinese Taipei,,,,,,,,,,,,,,,,,1.04,26.0,67.0,1.02,15.34,37.14
AFC-SWMQ2018_GD7_G10,wm-qualifikation-asien,WMQ2018,2015-09-03,Japan,Cambodia,,,,,,,,,,,,,,,,,1.01,34.0,101.0,1.01,20.6,44.78
AFC-SWMQ2018_GD7_G5,wm-qualifikation-asien,WMQ2018,2015-09-03,Jordan,Kyrgyzstan,,,,,,,,,,,1.22,6.8,14.15,,,,1.26,7.1,17.0,1.21,5.94,11.59
AFC-SWMQ2018_GD7_G3,wm-qualifikation-asien,WMQ2018,2015-09-03,Kuwait,Myanmar,,,,,,,,,,,1.17,8.05,17.39,,,,1.2,10.0,29.0,1.12,7.72,16.82
AFC-SWMQ2018_GD7_G7,wm-qualifikation-asien,WMQ2018,2015-09-03,Oman,Turkmenistan,,,,,,,,,,,1.17,7.78,17.73,,,,1.25,9.0,17.73,1.17,6.69,12.83
AFC-SWMQ2018_GD7_G8,wm-qualifikation-asien,WMQ2018,2015-09-03,Qatar,Bhutan,,,,,,,,,,,,,,,,,1.01,36.0,101.0,1.01,20.57,48.91
AFC-SWMQ2018_GD7_G2,wm-qualifikation-asien,WMQ2018,2015-09-03,Saudi Arabia,East Timor,,,,,,,,,,,,,,,,,1.05,19.0,63.1,1.03,13.71,31.03
AFC-SWMQ2018_GD7_G12,wm-qualifikation-asien,WMQ2018,2015-09-03,South Korea,Laos,,,,,,,,,,,,,,,,,1.01,34.0,101.0,1.01,17.96,42.93
AFC-SWMQ2018_GD7_G4,wm-qualifikation-asien,WMQ2018,2015-09-03,Syria,Singapore,,,,,,,,,,,1.27,5.82,11.97,,,,1.34,6.1,13.0,1.24,5.37,10.53
AFC-SWMQ2018_GD7_G1,wm-qualifikation-asien,WMQ2018,2015-09-03,United Arab Emirates,Malaysia,,,,,,,,,,,,,,,,,1.1,13.0,41.0,1.06,10.2,25.2
AFC-SWMQ2018_GD7_G9,wm-qualifikation-asien,WMQ2018,2015-09-03,Uzbekistan,Yemen,,,,,,,,,,,1.18,7.22,18.13,,,,1.2,7.93,21.0,1.15,6.85,14.85
CONCACAF-SWMQ2018_GD5_G18,wm-qualifikation-nordamerika-mittelamerika,WMQ2018,2015-06-17,Canada,Dominica,,,,,,,,,,,,,,,,,1.11,10.5,51.0,1.07,8.54,25.09
CONCACAF-SWMQ2018_GD5_G19,wm-qualifikation-nordamerika-mittelamerika,WMQ2018,2015-06-17,El Salvador,Saint Kitts and Nevis,,,,,,,,,,,1.3,5.77,11.68,,,,1.32,6.0,12.0,1.27,5.11,9.24
AFC-SWMQ2018_GD6_G10,wm-qualifikation-asien,WMQ2018,2015-06-16,Bangladesh,Tajikistan,,,,,,,,,,,6.45,4.11,1.56,,,,7.0,4.11,2.6,5.87,3.69,1.57
AFC-SWMQ2018_GD6_G8,wm-qualifikation-asien,WMQ2018,2015-06-16,Bhutan,China,,,,,,,,,,,,,,,,,81.0,31.0,1.02,46.36,15.39,1.01
AFC-SWMQ2018_GD6_G9,wm-qualifikation-asien,WMQ2018,2015-06-16,Cambodia,Afghanistan,,,,,,,,,,,3.95,3.63,1.95,,,,7.5,3.65,2.4,3.89,3.3,1.92
AFC-SWMQ2018_GD6_G15,wm-qualifikation-asien,WMQ2018,2015-06-16,Chinese Taipei,Thailand,,,,,,,,,,,,,,,,,34.0,10.45,1.15,19.46,8.51,1.08
AFC-SWMQ2018_GD6_G13,wm-qualifikation-asien,WMQ2018,2015-06-16,East Timor,United Arab Emirates,,,,,,,,,,,,,,,,,59.0,23.2,1.48,30.09,12.36,1.05
CONCACAF-SWMQ2018_GD5_G17,wm-qualifikation-nordamerika-mittelamerika,WMQ2018,2015-06-16,Grenada,Puerto Rico,,,,,,,,,,,2.68,3.68,2.59,,,,2.8,3.78,2.94,2.59,3.37,2.45
AFC-SWMQ2018_GD6_G14,wm-qualifikation-asien,WMQ2018,2015-06-16,Guam,India,,,,,,,,,,,3.67,3.34,2.12,,,,3.8,3.36,2.2,3.47,3.2,2.05
AFC-SWMQ2018_GD6_G7,wm-qualifikation-asien,WMQ2018,2015-06-16,Hong Kong,Maldives,,,,,,,,,,,1.51,4.6,6.29,,,,1.97,4.6,7.5,1.44,4.09,6.89
AFC-SWMQ2018_GD6_G11,wm-qualifikation-asien,WMQ2018,2015-06-16,Japan,Singapore,,,,,,,,,,,,,,,,,1.45,21.7,101.82,1.04,13.73,39.52
AFC-SWMQ2018_GD6_G2,wm-qualifikation-asien,WMQ2018,2015-06-16,Kyrgyzstan,Australia,,,,,,,,,,,,,,,,,46.0,11.17,1.13,19.86,8.24,1.1
AFC-SWMQ2018_GD6_G5,wm-qualifikation-asien,WMQ2018,2015-06-16,Laos,Lebanon,,,,,,,,,,,,,,,,,14.21,6.5,1.29,10.71,5.46,1.22
AFC-SWMQ2018_GD6_G4,wm-qualifikation-asien,WMQ2018,2015-06-16,Malaysia,Palestine,,,,,,,,,,,2.82,3.54,2.48,,,,2.96,3.54,2.61,2.75,3.21,2.41
AFC-SWMQ2018_GD6_G6,wm-qualifikation-asien,WMQ2018,2015-06-16,Myanmar,South Korea,,,,,,,,,,,,,,,,,51.0,14.0,1.09,29.71,11.04,1.05
AFC-SWMQ2018_GD6_G12,wm-qualifikation-asien,WMQ2018,2015-06-16,North Korea,Uzbekistan,,,,,,,,,,,3.45,2.9,2.47,,,,3.8,3.2,2.51,3.25,2.81,2.35
CONCACAF-SWMQ2018_GD5_G16,wm-qualifikation-nordamerika-mittelamerika,WMQ2018,2015-06-16,Suriname,Nicaragua,,,,,,,,,,,2.52,3.43,2.93,,,,2.52,3.43,3.1,2.34,3.21,2.83
AFC-SWMQ2018_GD6_G3,wm-qualifikation-asien,WMQ2018,2015-06-16,Turkmenistan,Iran,,,,,,,,,,,,,,,,,23.0,7.6,1.2,16.68,5.92,1.16
AFC-SWMQ2018_GD6_G1,wm-qualifikation-asien,WMQ2018,2015-06-16,Yemen,Philippines,,,,,,,,,,,2.45,3.09,3.24,,,,4.25,3.3,3.24,2.41,3.03,2.94
CONCACAF-SWMQ2018_GD5_G11,wm-qualifikation-nordamerika-mittelamerika,WMQ2018,2015-06-15,Barbados,Aruba,,,,,,,,,,,1.77,3.67,5.24,,,,1.85,3.82,5.24,1.73,3.44,4.57
CONCACAF-SWMQ2018_GD5_G15,wm-qualifikation-nordamerika-mittelamerika,WMQ2018,2015-06-15,Bermuda,Guatemala,,,,,,,,,,,5.94,3.83,1.67,,,,6.04,4.0,1.7,5.4,3.62,1.59
CONCACAF-SWMQ2018_GD5_G14,wm-qualifikation-nordamerika-mittelamerika,WMQ2018,2015-06-15,Guyana,Saint Vincent and the Grenadines,,,,,,,,,,,1.97,3.61,4.08,,,,2.1,3.61,4.08,1.94,3.34,3.68
CONCACAF-SWMQ2018_GD5_G12,wm-qualifikation-nordamerika-mittelamerika,WMQ2018,2015-06-15,Saint Lucia,Antigua and Barbuda,,,,,,,,,,,9.38,4.84,1.4,,,,8.75,4.9,1.45,6.9,4.41,1.39
CONCACAF-SWMQ2018_GD5_G13,wm-qualifikation-nordamerika-mittelamerika,WMQ2018,2015-06-14,Belize,Dominican Republic,,,,,,,,,,,2.51,3.31,3.04,,,,2.6,3.4,3.04,2.39,3.18,2.77
CONCACAF-SWMQ2018_GD5_G10,wm-qualifikation-nordamerika-mittelamerika,WMQ2018,2015-06-14,Cuba,Curacao,,,,,,,,,,,2.56,3.35,2.92,,,,2.58,3.4,2.92,2.47,3.15,2.68
CONCACAF-SWMQ2018_GD5_G9,wm-qualifikation-nordamerika-mittelamerika,WMQ2018,2015-06-13,Guatemala,Bermuda,,,,,,,,,,,,,,,,,1.2,8.0,17.0,1.15,6.78,12.34
CONCACAF-SWMQ2018_GD5_G8,wm-qualifikation-nordamerika-mittelamerika,WMQ2018,2015-06-13,Puerto Rico,Grenada,,,,,,,,,,,1.99,3.73,3.86,,,,2.03,3.73,4.1,1.9,3.44,3.61
CONCACAF-SWMQ2018_GD5_G6,wm-qualifikation-nordamerika-mittelamerika,WMQ2018,2015-06-12,Dominica,Canada,,,,,,,,,,,20.51,7.64,1.18,,,,21.0,7.64,1.21,15.36,6.32,1.15
CONCACAF-SWMQ2018_GD5_G7,wm-qualifikation-nordamerika-mittelamerika,WMQ2018,2015-06-12,Saint Kitts and Nevis,El Salvador,,,,,,,,,,,5.38,3.75,1.73,,,,5.8,3.8,1.77,4.62,3.57,1.67
CONCACAF-SWMQ2018_GD5_G2,wm-qualifikation-nordamerika-mittelamerika,WMQ2018,2015-06-11,Antigua and Barbuda,Saint Lucia,,,,,,,,,,,1.26,5.76,15.62,,,,1.4,5.76,15.62,1.27,4.95,10.25
CONCACAF-SWMQ2018_GD5_G4,wm-qualifikation-nordamerika-mittelamerika,WMQ2018,2015-06-11,Aruba,Barbados,,,,,,,,,,,2.3,3.23,3.49,,,,2.35,3.35,3.49,2.21,3.1,3.16
AFC-SWMQ2018_GD5_G12,wm-qualifikation-asien,WMQ2018,2015-06-11,Bangladesh,Kyrgyzstan,,,,,,,,,,,3.45,3.19,2.29,,,,3.33,3.24,2.44,3.07,3.04,2.3
AFC-SWMQ2018_GD5_G11,wm-qualifikation-asien,WMQ2018,2015-06-11,Cambodia,Singapore,,,,,,,,,,,7.91,4.7,1.43,,,,7.91,4.7,1.51,6.38,4.17,1.44
CONCACAF-SWMQ2018_GD5_G3,wm-qualifikation-nordamerika-mittelamerika,WMQ2018,2015-06-11,Curacao,Cuba,,,,,,,,,,,1.69,4.09,5.18,,,,1.76,4.09,6.4,1.66,3.65,4.72
CONCACAF-SWMQ2018_GD5_G5,wm-qualifikation-nordamerika-mittelamerika,WMQ2018,2015-06-11,Dominican Republic,Belize,,,,,,,,,,,1.76,3.8,4.91,,,,1.77,3.9,5.7,1.65,3.54,4.86
AFC-SWMQ2018_GD5_G13,wm-qualifikation-asien,WMQ2018,2015-06-11,Guam,Turkmenistan,,,,,,,,,,,6.64,4.0,1.56,,,,6.64,4.0,1.65,5.29,3.72,1.59
AFC-SWMQ2018_GD5_G10,wm-qualifikation-asien,WMQ2018,2015-06-11,Hong Kong,Bhutan,,,,,,,,,,,,,,,,,1.06,14.0,45.1,1.04,11.79,27.4
AFC-SWMQ2018_GD5_G6,wm-qualifikation-asien,WMQ2018,2015-06-11,India,Oman,,,,,,,,,,,11.25,5.05,1.33,,,,13.0,5.43,1.35,9.83,4.98,1.28
AFC-SWMQ2018_GD5_G1,wm-qualifikation-asien,WMQ2018,2015-06-11,Lebanon,Kuwait,,,,,,,,,,,2.76,3.13,2.79,,,,2.76,3.2,2.87,2.57,3.03,2.72
AFC-SWMQ2018_GD5_G14,wm-qualifikation-asien,WMQ2018,2015-06-11,Malaysia,East Timor,,,,,,,,,,,,,,,,,1.17,9.55,23.0,1.13,7.63,13.52
AFC-SWMQ2018_GD5_G7,wm-qualifikation-asien,WMQ2018,2015-06-11,Maldives,Qatar,,,,,,,,,,,,,,,,,34.0,9.0,1.17,16.29,7.34,1.12
AFC-SWMQ2018_GD5_G8,wm-qualifikation-asien,WMQ2018,2015-06-11,Philippines,Bahrain,,,,,,,,,,,5.6,3.72,1.69,,,,5.6,3.8,1.72,5.09,3.6,1.63
AFC-SWMQ2018_GD5_G2,wm-qualifikation-asien,WMQ2018,2015-06-11,Saudi Arabia,Palestine,,,,,,,,,,,,,,,,,1.14,9.0,29.0,1.09,8.05,20.51
AFC-SWMQ2018_GD5_G5,wm-qualifikation-asien,WMQ2018,2015-06-11,Tajikistan,Jordan,,,,,,,,,,,4.04,3.38,2.01,,,,4.04,3.4,2.1,3.59,3.22,2.0
AFC-SWMQ2018_GD5_G3,wm-qualifikation-asien,WMQ2018,2015-06-11,Yemen,North Korea,,,,,,,,,,,,,,,,,6.04,3.75,1.71,5.45,3.46,1.62
CONCACAF-SWMQ2018_GD5_G1,wm-qualifikation-nordamerika-mittelamerika,WMQ2018,2015-06-10,Saint Vincent and the Grenadines,Guyana,,,,,,,,,,,2.27,3.33,3.45,,,,2.4,3.4,3.49,2.21,3.13,3.15
CONCACAF-SWMQ2018_GD4_G1,wm-qualifikation-nordamerika-mittelamerika,WMQ2018,2015-06-08,Nicaragua,Suriname,,,,,,,,,,,1.61,4.04,6.24,,,,1.7,4.04,6.24,1.62,3.63,4.99
AFC-SWMQ2018_GD4_G1,wm-qualifikation-asien,WMQ2018,2015-05-24,Thailand,Vietnam,,,,,,,,,,,1.46,4.52,7.42,,,,1.51,4.52,7.42,1.45,4.06,6.33
CONCACAF-SWMQ2018_GD3_G1,wm-qualifikation-nordamerika-mittelamerika,WMQ2018,2015-04-01,Montserrat,Curacao,,,,,,,,,,,,,,,,,10.67,5.7,1.35,8.38,5.05,1.28
CONCACAF-SWMQ2018_GD2_G10,wm-qualifikation-nordamerika-mittelamerika,WMQ2018,2015-03-30,Cayman Islands,Belize,,,,,,,,,,,,,,,,,11.5,5.75,1.41,9.09,5.35,1.25
CONCACAF-SWMQ2018_GD2_G8,wm-qualifikation-nordamerika-mittelamerika,WMQ2018,2015-03-29,Anguilla,Nicaragua,,,,,,,,,,,,,,,,,19.0,8.75,1.2,14.46,7.3,1.12
CONCACAF-SWMQ2018_GD2_G7,wm-qualifikation-nordamerika-mittelamerika,WMQ2018,2015-03-29,Bermuda,Bahamas,,,,,,,,,,,,,,,,,1.12,9.5,23.0,1.09,8.14,15.96
CONCACAF-SWMQ2018_GD2_G9,wm-qualifikation-nordamerika-mittelamerika,WMQ2018,2015-03-29,Dominica,British Virgin Islands,,,,,,,,,,,,,,,,,1.18,8.7,17.0,1.14,7.03,13.11
CONCACAF-SWMQ2018_GD2_G6,wm-qualifikation-nordamerika-mittelamerika,WMQ2018,2015-03-28,Curacao,Montserrat,,,,,,,,,,,,,,,,,1.13,10.0,21.0,1.09,8.21,16.87
CONCACAF-SWMQ2018_GD2_G2,wm-qualifikation-nordamerika-mittelamerika,WMQ2018,2015-03-26,Belize,Cayman Islands,,,,,,,,,,,,,,,,,1.22,7.75,15.0,1.16,6.62,11.27
CONCACAF-SWMQ2018_GD2_G5,wm-qualifikation-nordamerika-mittelamerika,WMQ2018,2015-03-26,British Virgin Islands,Dominica,,,,,,,,,,,,,,,,,10.5,5.6,1.5,7.87,4.19,1.36
CONCACAF-SWMQ2018_GD2_G4,wm-qualifikation-nordamerika-mittelamerika,WMQ2018,2015-03-26,Turks and Caicos Islands,Saint Kitts and Nevis,,,,,,,,,,,,,,,,,14.41,7.47,1.28,10.0,5.5,1.22
CONCACAF-SWMQ2018_GD2_G3,wm-qualifikation-nordamerika-mittelamerika,WMQ2018,2015-03-26,United States Virgin Islands,Barbados,,,,,,,,,,,,,,,,,10.0,6.2,1.37,8.87,5.42,1.26
CONCACAF-SWMQ2018_GD2_G1,wm-qualifikation-nordamerika-mittelamerika,WMQ2018,2015-03-25,Bahamas,Bermuda,,,,,,,,,,,,,,,,,5.7,3.75,1.74,4.65,3.46,1.65
CONCACAF-SWMQ2018_GD1_G2,wm-qualifikation-nordamerika-mittelamerika,WMQ2018,2015-03-24,Nicaragua,Anguilla,,,,,,,,,,,,,,,,,1.11,11.0,20.0,1.09,8.72,16.27
CONCACAF-SWMQ2018_GD1_G3,wm-qualifikation-nordamerika-mittelamerika,WMQ2018,2015-03-24,Saint Kitts and Nevis,Turks and Caicos Islands,,,,,,,,,,,,,,,,,1.3,6.8,20.0,1.21,5.64,10.52
AFC-SWMQ2018_GD3_G1,wm-qualifikation-asien,WMQ2018,2015-03-23,Pakistan,Yemen,,,,,,,,,,,11.75,4.64,1.35,,,,11.75,4.75,1.45,8.31,4.3,1.36
CONCACAF-SWMQ2018_GD1_G1,wm-qualifikation-nordamerika-mittelamerika,WMQ2018,2015-03-22,Barbados,United States Virgin Islands,,,,,,,,,,,,,,,,,1.22,9.8,19.0,1.16,8.03,14.75
AFC-SWMQ2018_GD2_G2,wm-qualifikation-asien,WMQ2018,2015-03-17,Bhutan,Sri Lanka,,,,,,,,,,,,,,,,,5.2,4.6,1.91,4.16,3.85,1.71
AFC-SWMQ2018_GD2_G1,wm-qualifikation-asien,WMQ2018,2015-03-17,Brunei,Chinese Taipei,,,,,,,,,,,3.11,3.63,2.26,,,,3.25,3.63,2.3,3.01,3.41,2.16
AFC-SWMQ2018_GD2_G3,wm-qualifikation-asien,WMQ2018,2015-03-17,Macau,Cambodia,,,,,,,,,,,3.5,3.73,2.06,,,,3.5,3.75,2.15,3.21,3.51,2.02
AFC-SWMQ2018_GD2_G4,wm-qualifikation-asien,WMQ2018,2015-03-17,Mongolia,East Timor,,,,,,,,,,,,,,,,,2.4,3.4,3.0,2.31,3.31,2.81
AFC-SWMQ2018_GD2_G5,wm-qualifikation-asien,WMQ2018,2015-03-17,Nepal,India,,,,,,,,,,,5.84,3.81,1.65,,,,6.0,3.81,1.73,5.12,3.55,1.62
AFC-SWMQ2018_GD1_G2,wm-qualifikation-asien,WMQ2018,2015-03-12,Cambodia,Macau,,,,,,,,,,,,,,,,,1.8,4.2,5.4,1.67,3.83,4.51
AFC-SWMQ2018_GD1_G4,wm-qualifikation-asien,WMQ2018,2015-03-12,Chinese Taipei,Brunei,,,,,,,,,,,1.24,6.73,11.59,,,,1.3,6.73,13.0,1.21,5.86,10.55
AFC-SWMQ2018_GD1_G1,wm-qualifikation-asien,WMQ2018,2015-03-12,East Timor,Mongolia,,,,,,,,,,,,,,,,,2.02,3.75,3.85,1.92,3.58,3.41
AFC-SWMQ2018_GD1_G5,wm-qualifikation-asien,WMQ2018,2015-03-12,India,Nepal,,,,,,,,,,,1.24,6.76,11.65,,,,1.25,6.76,15.53,1.21,5.68,11.47
AFC-SWMQ2018_GD1_G3,wm-qualifikation-asien,WMQ2018,2015-03-12,Sri Lanka,Bhutan,,,,,,,,,,,,,,,,,1.13,11.5,23.0,1.08,9.1,17.57
AFC-SWMQ2018_GD1_G6,wm-qualifikation-asien,WMQ2018,2015-03-12,Yemen,Pakistan,,,,,,,,,,,1.33,4.92,12.02,,,,1.4,4.92,12.02,1.34,4.31,8.93
