variant,season,league,team,rps,p_title,is_champ
K,2016/17,bundesliga,1. FC Köln,0.3265453529411765,0.0,False
K,2016/17,bundesliga,1. FSV Mainz 05,0.23766811764705878,0.002,False
K,2016/17,bundesliga,Bayer 04 Leverkusen,0.3487613529411765,0.056,False
K,2016/17,bundesliga,Bayern München,0.003272117647058822,0.777,True
K,2016/17,bundesliga,Bor. Mönchengladbach,0.06584047058823528,0.003,False
K,2016/17,bundesliga,Borussia Dortmund,0.025366705882352937,0.123,False
K,2016/17,bundesliga,Eintracht Frankfurt,0.06837952941176473,0.0,False
K,2016/17,bundesliga,FC Augsburg,0.09172117647058824,0.003,False
K,2016/17,bundesliga,FC Ingolstadt 04,0.21567152941176465,0.008,False
K,2016/17,bundesliga,FC Schalke 04,0.14989329411764704,0.019,False
K,2016/17,bundesliga,Hamburger SV,0.10047082352941174,0.001,False
K,2016/17,bundesliga,Hertha BSC,0.13016188235294118,0.001,False
K,2016/17,bundesliga,RB Leipzig,0.7453465882352941,0.0,False
K,2016/17,bundesliga,SC Freiburg,0.4589019411764706,0.0,False
K,2016/17,bundesliga,SV Darmstadt 98,0.2172481764705882,0.002,False
K,2016/17,bundesliga,TSG Hoffenheim,0.25749652941176476,0.0,False
K,2016/17,bundesliga,VfL Wolfsburg,0.3081611176470589,0.003,False
K,2016/17,bundesliga,Werder Bremen,0.06108717647058827,0.002,False
K,2016/17,la-liga,Athletic Bilbao,0.053899473684210546,0.0,False
K,2016/17,la-liga,Atletico Madrid,0.020845894736842098,0.035,False
K,2016/17,la-liga,CA Osasuna,0.09291052631578946,0.0,False
K,2016/17,la-liga,CD Leganes,0.04773484210526316,0.0,False
K,2016/17,la-liga,Celta Vigo,0.13611721052631576,0.001,False
K,2016/17,la-liga,Deportivo Alaves,0.33451605263157896,0.0,False
K,2016/17,la-liga,Deportivo La Coruna,0.13356110526315787,0.0,False
K,2016/17,la-liga,Espanyol Barcelona,0.1621465789473684,0.001,False
K,2016/17,la-liga,FC Barcelona,0.018492999999999996,0.583,False
K,2016/17,la-liga,FC Granada,0.1424443157894737,0.0,False
K,2016/17,la-liga,FC Malaga,0.05363173684210527,0.0,False
K,2016/17,la-liga,FC Sevilla,0.07428736842105263,0.001,False
K,2016/17,la-liga,FC Valencia,0.19071573684210527,0.004,False
K,2016/17,la-liga,FC Villarreal,0.07145921052631579,0.003,False
K,2016/17,la-liga,Real Betis Sevilla,0.09883473684210524,0.001,False
K,2016/17,la-liga,Real Madrid,0.02336852631578948,0.37,True
K,2016/17,la-liga,Real Sociedad San Sebastian,0.11243152631578945,0.001,False
K,2016/17,la-liga,SD Eibar,0.13857684210526316,0.0,False
K,2016/17,la-liga,Sporting Gijon,0.09141852631578948,0.0,False
K,2016/17,la-liga,UD Las Palmas,0.07377015789473684,0.0,False
K,2016/17,ligue-1,AS Monaco,0.22776542105263156,0.084,True
K,2016/17,ligue-1,AS Nancy,0.06237542105263158,0.006,False
K,2016/17,ligue-1,AS St. Etienne,0.07807799999999997,0.059,False
K,2016/17,ligue-1,Angers SCO,0.08478931578947367,0.038,False
K,2016/17,ligue-1,Dijon FCO,0.0584832105263158,0.001,False
K,2016/17,ligue-1,EA Guingamp,0.08078542105263156,0.034,False
K,2016/17,ligue-1,FC Lorient,0.2318416315789474,0.033,False
K,2016/17,ligue-1,FC Metz,0.09850168421052631,0.003,False
K,2016/17,ligue-1,FC Nantes,0.11902605263157895,0.042,False
K,2016/17,ligue-1,FC Toulouse,0.09534378947368419,0.049,False
K,2016/17,ligue-1,Girondins Bordeaux,0.1202113157894737,0.049,False
K,2016/17,ligue-1,Lille OSC,0.10512036842105262,0.089,False
K,2016/17,ligue-1,Montpellier HSC,0.14822142105263159,0.032,False
K,2016/17,ligue-1,OGC Nizza,0.14945821052631572,0.068,False
K,2016/17,ligue-1,Olympique Lyon,0.12112842105263162,0.071,False
K,2016/17,ligue-1,Olympique Marseille,0.1499006842105263,0.042,False
K,2016/17,ligue-1,Paris St. Germain,0.09314810526315787,0.187,False
K,2016/17,ligue-1,SC Bastia,0.34438784210526324,0.037,False
K,2016/17,ligue-1,SM Caen,0.21535015789473688,0.043,False
K,2016/17,ligue-1,Stade Rennes,0.08182899999999996,0.033,False
K,2016/17,premier-league,AFC Bournemouth,0.19195394736842109,0.0,False
K,2016/17,premier-league,AFC Sunderland,0.16037210526315787,0.0,False
K,2016/17,premier-league,Crystal Palace,0.05759610526315789,0.002,False
K,2016/17,premier-league,FC Arsenal,0.06470899999999999,0.236,False
K,2016/17,premier-league,FC Burnley,0.07630831578947368,0.0,False
K,2016/17,premier-league,FC Chelsea,0.06087557894736842,0.24,True
K,2016/17,premier-league,FC Everton,0.08035647368421052,0.005,False
K,2016/17,premier-league,FC Liverpool,0.03235878947368421,0.111,False
K,2016/17,premier-league,FC Middlesbrough,0.08310984210526315,0.0,False
K,2016/17,premier-league,FC Southampton,0.04465368421052634,0.008,False
K,2016/17,premier-league,FC Watford,0.06647968421052632,0.0,False
K,2016/17,premier-league,Hull City,0.03141442105263158,0.0,False
K,2016/17,premier-league,Leicester City,0.13152463157894737,0.024,False
K,2016/17,premier-league,Manchester City,0.0640902105263158,0.071,False
K,2016/17,premier-league,Manchester United,0.10867884210526316,0.278,False
K,2016/17,premier-league,Stoke City,0.049803684210526326,0.001,False
K,2016/17,premier-league,Swansea City,0.12871726315789475,0.006,False
K,2016/17,premier-league,Tottenham Hotspur,0.17642842105263157,0.018,False
K,2016/17,premier-league,West Bromwich Albion,0.13287515789473683,0.0,False
K,2016/17,premier-league,West Ham United,0.04948215789473685,0.0,False
K,2016/17,serie-a,AC Chievo Verona,0.056377000000000003,0.0,False
K,2016/17,serie-a,AC Florenz,0.06756147368421053,0.036,False
K,2016/17,serie-a,AC Mailand,0.049681210526315786,0.056,False
K,2016/17,serie-a,AS Rom,0.04662415789473683,0.116,False
K,2016/17,serie-a,Atalanta Bergamo,0.29957784210526317,0.0,False
K,2016/17,serie-a,CFC Genua 1893,0.1767370526315789,0.001,False
K,2016/17,serie-a,Cagliari Calcio,0.20113363157894737,0.0,False
K,2016/17,serie-a,Delfino Pescara 1936,0.006848736842105264,0.0,False
K,2016/17,serie-a,FC Bologna,0.04896957894736843,0.0,False
K,2016/17,serie-a,FC Crotone,0.0368891052631579,0.0,False
K,2016/17,serie-a,FC Empoli,0.16070494736842103,0.0,False
K,2016/17,serie-a,FC Turin,0.09005078947368421,0.003,False
K,2016/17,serie-a,Inter Mailand,0.0594637894736842,0.042,False
K,2016/17,serie-a,Juventus Turin,0.010974315789473686,0.601,True
K,2016/17,serie-a,Lazio Rom,0.09638394736842106,0.01,False
K,2016/17,serie-a,SSC Neapel,0.03334984210526316,0.121,False
K,2016/17,serie-a,Sampdoria Genua,0.0786121052631579,0.001,False
K,2016/17,serie-a,Sassuolo Calcio,0.08490194736842105,0.01,False
K,2016/17,serie-a,US Palermo,0.20769021052631578,0.0,False
K,2016/17,serie-a,Udinese Calcio,0.054662631578947386,0.003,False
K,2017/18,bundesliga,1. FC Köln,0.2214752352941176,0.0,False
K,2017/18,bundesliga,1. FSV Mainz 05,0.11114335294117647,0.0,False
K,2017/18,bundesliga,Bayer 04 Leverkusen,0.05578605882352943,0.019,False
K,2017/18,bundesliga,Bayern München,0.005387117647058825,0.707,True
K,2017/18,bundesliga,Bor. Mönchengladbach,0.060732882352941206,0.004,False
K,2017/18,bundesliga,Borussia Dortmund,0.033683058823529406,0.072,False
K,2017/18,bundesliga,Eintracht Frankfurt,0.18286205882352943,0.001,False
K,2017/18,bundesliga,FC Augsburg,0.06558358823529413,0.0,False
K,2017/18,bundesliga,FC Schalke 04,0.19406876470588236,0.004,False
K,2017/18,bundesliga,Hamburger SV,0.19370788235294117,0.0,False
K,2017/18,bundesliga,Hannover 96,0.1139645294117647,0.0,False
K,2017/18,bundesliga,Hertha BSC,0.06435347058823532,0.0,False
K,2017/18,bundesliga,RB Leipzig,0.11989211764705882,0.171,False
K,2017/18,bundesliga,SC Freiburg,0.048632705882352946,0.0,False
K,2017/18,bundesliga,TSG Hoffenheim,0.16134705882352948,0.012,False
K,2017/18,bundesliga,VfB Stuttgart,0.28244347058823527,0.0,False
K,2017/18,bundesliga,VfL Wolfsburg,0.22171982352941175,0.003,False
K,2017/18,bundesliga,Werder Bremen,0.11347141176470586,0.007,False
K,2017/18,la-liga,Athletic Bilbao,0.2650912631578947,0.0,False
K,2017/18,la-liga,Atletico Madrid,0.06086657894736841,0.033,False
K,2017/18,la-liga,CD Leganes,0.09045668421052629,0.0,False
K,2017/18,la-liga,Celta Vigo,0.05558231578947369,0.0,False
K,2017/18,la-liga,Deportivo Alaves,0.06354610526315789,0.0,False
K,2017/18,la-liga,Deportivo La Coruna,0.16733221052631578,0.0,False
K,2017/18,la-liga,Espanyol Barcelona,0.06448368421052635,0.001,False
K,2017/18,la-liga,FC Barcelona,0.010854105263157892,0.556,True
K,2017/18,la-liga,FC Getafe,0.3111808947368421,0.0,False
K,2017/18,la-liga,FC Girona,0.34456763157894743,0.0,False
K,2017/18,la-liga,FC Malaga,0.3187315263157895,0.0,False
K,2017/18,la-liga,FC Sevilla,0.05523694736842105,0.005,False
K,2017/18,la-liga,FC Valencia,0.10633947368421054,0.005,False
K,2017/18,la-liga,FC Villarreal,0.058626421052631564,0.003,False
K,2017/18,la-liga,Real Betis Sevilla,0.25195684210526315,0.0,False
K,2017/18,la-liga,Real Madrid,0.04460063157894737,0.397,False
K,2017/18,la-liga,Real Sociedad San Sebastian,0.077571,0.0,False
K,2017/18,la-liga,SD Eibar,0.08192463157894736,0.0,False
K,2017/18,la-liga,UD Las Palmas,0.14444463157894735,0.0,False
K,2017/18,la-liga,UD Levante,0.09365557894736842,0.0,False
K,2017/18,ligue-1,AS Monaco,0.023367736842105264,0.653,False
K,2017/18,ligue-1,AS St. Etienne,0.1042005789473684,0.0,False
K,2017/18,ligue-1,Angers SCO,0.09146636842105264,0.001,False
K,2017/18,ligue-1,Dijon FCO,0.056654210526315814,0.0,False
K,2017/18,ligue-1,EA Guingamp,0.059829052631578936,0.001,False
K,2017/18,ligue-1,ES Troyes AC,0.07183142105263157,0.0,False
K,2017/18,ligue-1,FC Metz,0.140355,0.0,False
K,2017/18,ligue-1,FC Nantes,0.08574473684210526,0.001,False
K,2017/18,ligue-1,FC Toulouse,0.22614715789473686,0.0,False
K,2017/18,ligue-1,Girondins Bordeaux,0.04285152631578949,0.008,False
K,2017/18,ligue-1,Lille OSC,0.19539115789473682,0.0,False
K,2017/18,ligue-1,Montpellier HSC,0.1265445263157895,0.0,False
K,2017/18,ligue-1,OGC Nizza,0.11853357894736842,0.03,False
K,2017/18,ligue-1,Olympique Lyon,0.04980489473684211,0.028,False
K,2017/18,ligue-1,Olympique Marseille,0.042337684210526305,0.01,False
K,2017/18,ligue-1,Paris St. Germain,0.035038263157894746,0.267,True
K,2017/18,ligue-1,Racing Straßburg,0.0602978947368421,0.0,False
K,2017/18,ligue-1,SC Amiens,0.11474542105263157,0.0,False
K,2017/18,ligue-1,SM Caen,0.051871368421052624,0.0,False
K,2017/18,ligue-1,Stade Rennes,0.2168682631578947,0.001,False
K,2017/18,premier-league,AFC Bournemouth,0.05671378947368423,0.0,False
K,2017/18,premier-league,Brighton &amp; Hove Albion,0.10056799999999999,0.0,False
K,2017/18,premier-league,Crystal Palace,0.0627873157894737,0.0,False
K,2017/18,premier-league,FC Arsenal,0.08449536842105265,0.155,False
K,2017/18,premier-league,FC Burnley,0.3380078421052632,0.0,False
K,2017/18,premier-league,FC Chelsea,0.09781142105263159,0.382,False
K,2017/18,premier-league,FC Everton,0.03924331578947368,0.007,False
K,2017/18,premier-league,FC Liverpool,0.028311894736842102,0.128,False
K,2017/18,premier-league,FC Southampton,0.26933010526315787,0.002,False
K,2017/18,premier-league,FC Watford,0.06346757894736842,0.0,False
K,2017/18,premier-league,Huddersfield Town,0.06761905263157894,0.0,False
K,2017/18,premier-league,Leicester City,0.05563136842105263,0.004,False
K,2017/18,premier-league,Manchester City,0.12634615789473685,0.083,True
K,2017/18,premier-league,Manchester United,0.037118210526315795,0.186,False
K,2017/18,premier-league,Newcastle United,0.1964258947368421,0.0,False
K,2017/18,premier-league,Stoke City,0.22005121052631574,0.0,False
K,2017/18,premier-league,Swansea City,0.2107280526315789,0.0,False
K,2017/18,premier-league,Tottenham Hotspur,0.07016799999999997,0.052,False
K,2017/18,premier-league,West Bromwich Albion,0.22099468421052632,0.001,False
K,2017/18,premier-league,West Ham United,0.051863052631578956,0.0,False
K,2017/18,serie-a,AC Chievo Verona,0.04848426315789473,0.0,False
K,2017/18,serie-a,AC Florenz,0.04945294736842107,0.021,False
K,2017/18,serie-a,AC Mailand,0.04405757894736842,0.05,False
K,2017/18,serie-a,AS Rom,0.023133684210526317,0.162,False
K,2017/18,serie-a,Atalanta Bergamo,0.06285968421052632,0.008,False
K,2017/18,serie-a,Benevento Calcio,0.05462447368421053,0.0,False
K,2017/18,serie-a,CFC Genua 1893,0.05136378947368422,0.0,False
K,2017/18,serie-a,Cagliari Calcio,0.062251052631578964,0.0,False
K,2017/18,serie-a,FC Bologna,0.048297,0.0,False
K,2017/18,serie-a,FC Crotone,0.10716315789473685,0.002,False
K,2017/18,serie-a,FC Turin,0.0699097894736842,0.0,False
K,2017/18,serie-a,Hellas Verona,0.06666615789473686,0.0,False
K,2017/18,serie-a,Inter Mailand,0.03930473684210527,0.038,False
K,2017/18,serie-a,Juventus Turin,0.01592936842105263,0.521,True
K,2017/18,serie-a,Lazio Rom,0.10296410526315788,0.012,False
K,2017/18,serie-a,SPAL Ferrara,0.04600847368421052,0.0,False
K,2017/18,serie-a,SSC Neapel,0.027553263157894737,0.182,False
K,2017/18,serie-a,Sampdoria Genua,0.07415363157894737,0.0,False
K,2017/18,serie-a,Sassuolo Calcio,0.054956421052631585,0.003,False
K,2017/18,serie-a,Udinese Calcio,0.0548802105263158,0.001,False
K,2018/19,bundesliga,1. FC Nürnberg,0.07224688235294117,0.0,False
K,2018/19,bundesliga,1. FSV Mainz 05,0.06662164705882356,0.001,False
K,2018/19,bundesliga,Bayer 04 Leverkusen,0.05627041176470588,0.02,False
K,2018/19,bundesliga,Bayern München,0.0019924117647058836,0.828,True
K,2018/19,bundesliga,Bor. Mönchengladbach,0.17222141176470587,0.003,False
K,2018/19,bundesliga,Borussia Dortmund,0.07083576470588236,0.044,False
K,2018/19,bundesliga,Eintracht Frankfurt,0.1660524117647059,0.0,False
K,2018/19,bundesliga,FC Augsburg,0.1132654705882353,0.0,False
K,2018/19,bundesliga,FC Schalke 04,0.364897294117647,0.022,False
K,2018/19,bundesliga,Fortuna Düsseldorf,0.21772411764705882,0.0,False
K,2018/19,bundesliga,Hannover 96,0.11890817647058821,0.0,False
K,2018/19,bundesliga,Hertha BSC,0.06251964705882353,0.002,False
K,2018/19,bundesliga,RB Leipzig,0.055177882352941174,0.061,False
K,2018/19,bundesliga,SC Freiburg,0.07122470588235294,0.0,False
K,2018/19,bundesliga,TSG Hoffenheim,0.07403782352941177,0.008,False
K,2018/19,bundesliga,VfB Stuttgart,0.25452070588235287,0.001,False
K,2018/19,bundesliga,VfL Wolfsburg,0.1720936470588235,0.002,False
K,2018/19,bundesliga,Werder Bremen,0.05876288235294117,0.008,False
K,2018/19,la-liga,Athletic Bilbao,0.09271336842105264,0.0,False
K,2018/19,la-liga,Atletico Madrid,0.055105263157894754,0.035,False
K,2018/19,la-liga,CD Leganes,0.06479752631578947,0.0,False
K,2018/19,la-liga,Celta Vigo,0.1611504210526316,0.0,False
K,2018/19,la-liga,Deportivo Alaves,0.07608084210526316,0.0,False
K,2018/19,la-liga,Espanyol Barcelona,0.15066552631578944,0.001,False
K,2018/19,la-liga,FC Barcelona,0.005863368421052629,0.675,True
K,2018/19,la-liga,FC Getafe,0.2154860526315789,0.0,False
K,2018/19,la-liga,FC Girona,0.22320036842105265,0.0,False
K,2018/19,la-liga,FC Sevilla,0.04885089473684209,0.004,False
K,2018/19,la-liga,FC Valencia,0.05392542105263158,0.013,False
K,2018/19,la-liga,FC Villarreal,0.24030394736842103,0.002,False
K,2018/19,la-liga,Rayo Vallecano,0.054864842105263156,0.0,False
K,2018/19,la-liga,Real Betis Sevilla,0.0593795263157895,0.001,False
K,2018/19,la-liga,Real Madrid,0.03193489473684211,0.268,False
K,2018/19,la-liga,Real Sociedad San Sebastian,0.059086473684210515,0.001,False
K,2018/19,la-liga,Real Valladolid,0.04012399999999999,0.0,False
K,2018/19,la-liga,SD Eibar,0.06895178947368423,0.0,False
K,2018/19,la-liga,SD Huesca,0.02976573684210526,0.0,False
K,2018/19,la-liga,UD Levante,0.05107384210526317,0.0,False
K,2018/19,ligue-1,AS Monaco,0.7301791052631579,0.259,False
K,2018/19,ligue-1,AS St. Etienne,0.20251842105263157,0.0,False
K,2018/19,ligue-1,Angers SCO,0.055176684210526315,0.0,False
K,2018/19,ligue-1,Dijon FCO,0.2354708947368421,0.0,False
K,2018/19,ligue-1,EA Guingamp,0.27738710526315785,0.0,False
K,2018/19,ligue-1,FC Nantes,0.05672168421052633,0.0,False
K,2018/19,ligue-1,FC Toulouse,0.07806615789473687,0.0,False
K,2018/19,ligue-1,Girondins Bordeaux,0.22944852631578944,0.005,False
K,2018/19,ligue-1,Lille OSC,0.5384045263157894,0.0,False
K,2018/19,ligue-1,Montpellier HSC,0.19279815789473687,0.0,False
K,2018/19,ligue-1,OGC Nizza,0.04060105263157895,0.006,False
K,2018/19,ligue-1,Olympique Lyon,0.021751684210526305,0.092,False
K,2018/19,ligue-1,Olympique Marseille,0.03508015789473684,0.045,False
K,2018/19,ligue-1,Olympique Nimes,0.3305771578947368,0.0,False
K,2018/19,ligue-1,Paris St. Germain,0.010908526315789474,0.589,True
K,2018/19,ligue-1,Racing Straßburg,0.1027661052631579,0.0,False
K,2018/19,ligue-1,SC Amiens,0.17271731578947366,0.0,False
K,2018/19,ligue-1,SM Caen,0.04725647368421052,0.0,False
K,2018/19,ligue-1,Stade Reims,0.3931968421052632,0.0,False
K,2018/19,ligue-1,Stade Rennes,0.059399947368421045,0.004,False
K,2018/19,premier-league,AFC Bournemouth,0.07313747368421052,0.001,False
K,2018/19,premier-league,Brighton &amp; Hove Albion,0.0967372105263158,0.0,False
K,2018/19,premier-league,Cardiff City,0.03711905263157894,0.0,False
K,2018/19,premier-league,Crystal Palace,0.05155347368421054,0.0,False
K,2018/19,premier-league,FC Arsenal,0.034036,0.102,False
K,2018/19,premier-league,FC Burnley,0.06544268421052633,0.0,False
K,2018/19,premier-league,FC Chelsea,0.025090421052631578,0.241,False
K,2018/19,premier-league,FC Everton,0.04035915789473685,0.003,False
K,2018/19,premier-league,FC Fulham,0.0976457894736842,0.0,False
K,2018/19,premier-league,FC Liverpool,0.050493263157894736,0.123,False
K,2018/19,premier-league,FC Southampton,0.18538652631578945,0.0,False
K,2018/19,premier-league,FC Watford,0.12942715789473686,0.0,False
K,2018/19,premier-league,Huddersfield Town,0.11716021052631578,0.001,False
K,2018/19,premier-league,Leicester City,0.05640689473684211,0.001,False
K,2018/19,premier-league,Manchester City,0.06388178947368421,0.224,True
K,2018/19,premier-league,Manchester United,0.1096568947368421,0.258,False
K,2018/19,premier-league,Newcastle United,0.049445684210526336,0.0,False
K,2018/19,premier-league,Tottenham Hotspur,0.044955157894736836,0.045,False
K,2018/19,premier-league,West Ham United,0.06621894736842107,0.001,False
K,2018/19,premier-league,Wolverhampton Wanderers,0.47294484210526305,0.0,False
K,2018/19,serie-a,AC Chievo Verona,0.2265833684210526,0.0,False
K,2018/19,serie-a,AC Florenz,0.254031894736842,0.011,False
K,2018/19,serie-a,AC Mailand,0.03155315789473684,0.051,False
K,2018/19,serie-a,AS Rom,0.07438210526315789,0.088,False
K,2018/19,serie-a,Atalanta Bergamo,0.21319999999999997,0.004,False
K,2018/19,serie-a,CFC Genua 1893,0.15286594736842107,0.0,False
K,2018/19,serie-a,Cagliari Calcio,0.04884121052631579,0.0,False
K,2018/19,serie-a,FC Bologna,0.1639826842105263,0.0,False
K,2018/19,serie-a,FC Empoli,0.042761684210526306,0.0,False
K,2018/19,serie-a,FC Turin,0.09309915789473686,0.002,False
K,2018/19,serie-a,Frosinone Calcio,0.02491968421052632,0.0,False
K,2018/19,serie-a,Inter Mailand,0.0391643157894737,0.053,False
K,2018/19,serie-a,Juventus Turin,0.011883157894736845,0.584,True
K,2018/19,serie-a,Lazio Rom,0.05492689473684211,0.012,False
K,2018/19,serie-a,Parma Calcio,0.0688778947368421,0.0,False
K,2018/19,serie-a,SPAL Ferrara,0.06194231578947368,0.001,False
K,2018/19,serie-a,SSC Neapel,0.028113210526315786,0.193,False
K,2018/19,serie-a,Sampdoria Genua,0.08643489473684211,0.0,False
K,2018/19,serie-a,Sassuolo Calcio,0.060595052631578966,0.001,False
K,2018/19,serie-a,Udinese Calcio,0.05221021052631581,0.0,False
K,2019/20,bundesliga,1. FC Köln,0.04005447058823529,0.0,False
K,2019/20,bundesliga,1. FC Union Berlin,0.21787888235294117,0.0,False
K,2019/20,bundesliga,1. FSV Mainz 05,0.09194829411764707,0.003,False
K,2019/20,bundesliga,Bayer 04 Leverkusen,0.0424385294117647,0.032,False
K,2019/20,bundesliga,Bayern München,0.005182705882352943,0.726,True
K,2019/20,bundesliga,Bor. Mönchengladbach,0.18150664705882352,0.002,False
K,2019/20,bundesliga,Borussia Dortmund,0.05404858823529412,0.076,False
K,2019/20,bundesliga,Eintracht Frankfurt,0.06331435294117647,0.001,False
K,2019/20,bundesliga,FC Augsburg,0.05922664705882353,0.0,False
K,2019/20,bundesliga,FC Schalke 04,0.13184435294117647,0.007,False
K,2019/20,bundesliga,Fortuna Düsseldorf,0.22893899999999998,0.001,False
K,2019/20,bundesliga,Hertha BSC,0.05359958823529415,0.0,False
K,2019/20,bundesliga,RB Leipzig,0.02702200000000001,0.141,False
K,2019/20,bundesliga,SC Freiburg,0.24255105882352937,0.0,False
K,2019/20,bundesliga,SC Paderborn 07,0.029168058823529405,0.0,False
K,2019/20,bundesliga,TSG Hoffenheim,0.07227264705882354,0.004,False
K,2019/20,bundesliga,VfL Wolfsburg,0.06603617647058824,0.002,False
K,2019/20,bundesliga,Werder Bremen,0.403523294117647,0.005,False
K,2019/20,la-liga,Athletic Bilbao,0.0634418947368421,0.002,False
K,2019/20,la-liga,Atletico Madrid,0.02607715789473685,0.071,False
K,2019/20,la-liga,CA Osasuna,0.28336747368421056,0.0,False
K,2019/20,la-liga,CD Leganes,0.17011821052631573,0.0,False
K,2019/20,la-liga,Celta Vigo,0.17364010526315785,0.0,False
K,2019/20,la-liga,Deportivo Alaves,0.08777421052631579,0.0,False
K,2019/20,la-liga,Espanyol Barcelona,0.3097363157894737,0.0,False
K,2019/20,la-liga,FC Barcelona,0.0285638947368421,0.73,False
K,2019/20,la-liga,FC Getafe,0.07207094736842105,0.003,False
K,2019/20,la-liga,FC Granada,0.5449274736842105,0.0,False
K,2019/20,la-liga,FC Sevilla,0.08051015789473683,0.009,False
K,2019/20,la-liga,FC Valencia,0.13179268421052628,0.017,False
K,2019/20,la-liga,FC Villarreal,0.1031626315789474,0.004,False
K,2019/20,la-liga,RCD Mallorca,0.06777063157894737,0.0,False
K,2019/20,la-liga,Real Betis Sevilla,0.11261857894736846,0.0,False
K,2019/20,la-liga,Real Madrid,0.05271131578947368,0.163,True
K,2019/20,la-liga,Real Sociedad San Sebastian,0.10786052631578948,0.0,False
K,2019/20,la-liga,Real Valladolid,0.07407331578947368,0.001,False
K,2019/20,la-liga,SD Eibar,0.10267263157894738,0.0,False
K,2019/20,la-liga,UD Levante,0.07477352631578947,0.0,False
K,2019/20,ligue-1,AS Monaco,0.08886242105263155,0.024,False
K,2019/20,ligue-1,AS St. Etienne,0.32780742105263166,0.013,False
K,2019/20,ligue-1,Angers SCO,0.09499368421052631,0.002,False
K,2019/20,ligue-1,Dijon FCO,0.04648736842105263,0.0,False
K,2019/20,ligue-1,FC Metz,0.17465384210526316,0.0,False
K,2019/20,ligue-1,FC Nantes,0.05872868421052633,0.0,False
K,2019/20,ligue-1,FC Toulouse,0.14317684210526319,0.0,False
K,2019/20,ligue-1,Girondins Bordeaux,0.06373147368421053,0.006,False
K,2019/20,ligue-1,Lille OSC,0.1359088947368421,0.01,False
K,2019/20,ligue-1,Montpellier HSC,0.08086073684210525,0.002,False
K,2019/20,ligue-1,OGC Nizza,0.09951515789473686,0.011,False
K,2019/20,ligue-1,Olympique Lyon,0.13678678947368422,0.124,False
K,2019/20,ligue-1,Olympique Marseille,0.10785847368421055,0.038,False
K,2019/20,ligue-1,Olympique Nimes,0.3221498421052632,0.017,False
K,2019/20,ligue-1,Paris St. Germain,0.004251000000000001,0.734,True
K,2019/20,ligue-1,Racing Straßburg,0.07041052631578948,0.003,False
K,2019/20,ligue-1,SC Amiens,0.16981336842105263,0.001,False
K,2019/20,ligue-1,Stade Brest,0.13698431578947368,0.0,False
K,2019/20,ligue-1,Stade Reims,0.13692210526315787,0.013,False
K,2019/20,ligue-1,Stade Rennes,0.2449782105263158,0.002,False
K,2019/20,premier-league,AFC Bournemouth,0.15821968421052626,0.0,False
K,2019/20,premier-league,Aston Villa,0.04421657894736842,0.0,False
K,2019/20,premier-league,Brighton &amp; Hove Albion,0.05553000000000001,0.0,False
K,2019/20,premier-league,Crystal Palace,0.10444299999999998,0.002,False
K,2019/20,premier-league,FC Arsenal,0.13567347368421054,0.084,False
K,2019/20,premier-league,FC Burnley,0.12713142105263156,0.0,False
K,2019/20,premier-league,FC Chelsea,0.03079810526315789,0.185,False
K,2019/20,premier-league,FC Everton,0.10779052631578946,0.002,False
K,2019/20,premier-league,FC Liverpool,0.042394421052631574,0.301,True
K,2019/20,premier-league,FC Southampton,0.05104726315789474,0.0,False
K,2019/20,premier-league,FC Watford,0.14623705263157893,0.001,False
K,2019/20,premier-league,Leicester City,0.18571999999999997,0.0,False
K,2019/20,premier-league,Manchester City,0.02326705263157895,0.303,False
K,2019/20,premier-league,Manchester United,0.03101784210526315,0.103,False
K,2019/20,premier-league,Newcastle United,0.057204789473684216,0.0,False
K,2019/20,premier-league,Norwich City,0.06599078947368421,0.0,False
K,2019/20,premier-league,Sheffield United,0.2868006842105263,0.0,False
K,2019/20,premier-league,Tottenham Hotspur,0.031705263157894736,0.018,False
K,2019/20,premier-league,West Ham United,0.12707699999999997,0.001,False
K,2019/20,premier-league,Wolverhampton Wanderers,0.26649326315789473,0.0,False
K,2019/20,serie-a,AC Florenz,0.04920068421052635,0.006,False
K,2019/20,serie-a,AC Mailand,0.05152505263157895,0.069,False
K,2019/20,serie-a,AS Rom,0.04140268421052633,0.093,False
K,2019/20,serie-a,Atalanta Bergamo,0.15384152631578948,0.01,False
K,2019/20,serie-a,Brescia Calcio,0.06558852631578949,0.0,False
K,2019/20,serie-a,CFC Genua 1893,0.11636557894736842,0.0,False
K,2019/20,serie-a,Cagliari Calcio,0.06725505263157894,0.0,False
K,2019/20,serie-a,FC Bologna,0.0662373157894737,0.001,False
K,2019/20,serie-a,FC Turin,0.24615247368421053,0.005,False
K,2019/20,serie-a,Hellas Verona,0.27839394736842105,0.0,False
K,2019/20,serie-a,Inter Mailand,0.08486747368421052,0.073,False
K,2019/20,serie-a,Juventus Turin,0.013936631578947364,0.561,True
K,2019/20,serie-a,Lazio Rom,0.10814842105263157,0.011,False
K,2019/20,serie-a,Parma Calcio,0.1547337368421053,0.001,False
K,2019/20,serie-a,SPAL Ferrara,0.25759394736842106,0.002,False
K,2019/20,serie-a,SSC Neapel,0.13990726315789473,0.167,False
K,2019/20,serie-a,Sampdoria Genua,0.10262994736842108,0.001,False
K,2019/20,serie-a,Sassuolo Calcio,0.14818715789473685,0.0,False
K,2019/20,serie-a,US Lecce,0.030117157894736842,0.0,False
K,2019/20,serie-a,Udinese Calcio,0.06245900000000002,0.0,False
K,2020/21,bundesliga,1. FC Köln,0.05317647058823529,0.0,False
K,2020/21,bundesliga,1. FC Union Berlin,0.17512400000000003,0.001,False
K,2020/21,bundesliga,1. FSV Mainz 05,0.06376629411764707,0.002,False
K,2020/21,bundesliga,Arminia Bielefeld,0.05990870588235294,0.0,False
K,2020/21,bundesliga,Bayer 04 Leverkusen,0.05362588235294117,0.022,False
K,2020/21,bundesliga,Bayern München,0.00535629411764706,0.712,True
K,2020/21,bundesliga,Bor. Mönchengladbach,0.05474729411764706,0.005,False
K,2020/21,bundesliga,Borussia Dortmund,0.028356117647058813,0.076,False
K,2020/21,bundesliga,Eintracht Frankfurt,0.2285447647058823,0.003,False
K,2020/21,bundesliga,FC Augsburg,0.05992364705882354,0.001,False
K,2020/21,bundesliga,FC Schalke 04,0.3809818823529411,0.001,False
K,2020/21,bundesliga,Hertha BSC,0.11820023529411768,0.001,False
K,2020/21,bundesliga,RB Leipzig,0.024828411764705884,0.159,False
K,2020/21,bundesliga,SC Freiburg,0.11311841176470587,0.0,False
K,2020/21,bundesliga,TSG Hoffenheim,0.10998435294117646,0.009,False
K,2020/21,bundesliga,VfB Stuttgart,0.18504076470588235,0.0,False
K,2020/21,bundesliga,VfL Wolfsburg,0.16313717647058826,0.006,False
K,2020/21,bundesliga,Werder Bremen,0.2950694117647059,0.002,False
K,2020/21,la-liga,Athletic Bilbao,0.05579252631578947,0.0,False
K,2020/21,la-liga,Atletico Madrid,0.1028071052631579,0.055,True
K,2020/21,la-liga,CA Osasuna,0.0878082105263158,0.0,False
K,2020/21,la-liga,Celta Vigo,0.11335473684210524,0.0,False
K,2020/21,la-liga,Deportivo Alaves,0.06285373684210527,0.0,False
K,2020/21,la-liga,FC Barcelona,0.05824526315789474,0.588,False
K,2020/21,la-liga,FC Cadiz,0.12924573684210525,0.0,False
K,2020/21,la-liga,FC Elche,0.04861110526315789,0.0,False
K,2020/21,la-liga,FC Getafe,0.14512857894736844,0.0,False
K,2020/21,la-liga,FC Granada,0.16913226315789479,0.0,False
K,2020/21,la-liga,FC Sevilla,0.04080094736842106,0.021,False
K,2020/21,la-liga,FC Valencia,0.2336226315789474,0.008,False
K,2020/21,la-liga,FC Villarreal,0.04432342105263159,0.005,False
K,2020/21,la-liga,Real Betis Sevilla,0.20890094736842105,0.0,False
K,2020/21,la-liga,Real Madrid,0.009681789473684211,0.321,False
K,2020/21,la-liga,Real Sociedad San Sebastian,0.12330584210526314,0.002,False
K,2020/21,la-liga,Real Valladolid,0.16827821052631575,0.0,False
K,2020/21,la-liga,SD Eibar,0.31281068421052627,0.0,False
K,2020/21,la-liga,SD Huesca,0.06885842105263157,0.0,False
K,2020/21,la-liga,UD Levante,0.06693100000000002,0.0,False
K,2020/21,ligue-1,AS Monaco,0.1077328421052632,0.017,False
K,2020/21,ligue-1,AS St. Etienne,0.06326694736842105,0.001,False
K,2020/21,ligue-1,Angers SCO,0.05671573684210526,0.001,False
K,2020/21,ligue-1,Dijon FCO,0.17475115789473683,0.0,False
K,2020/21,ligue-1,FC Lorient,0.09380163157894736,0.0,False
K,2020/21,ligue-1,FC Metz,0.2661880526315789,0.001,False
K,2020/21,ligue-1,FC Nantes,0.18677978947368415,0.0,False
K,2020/21,ligue-1,Girondins Bordeaux,0.07536894736842104,0.005,False
K,2020/21,ligue-1,Lille OSC,0.25776642105263153,0.01,True
K,2020/21,ligue-1,Montpellier HSC,0.08281005263157896,0.002,False
K,2020/21,ligue-1,OGC Nizza,0.06065710526315791,0.004,False
K,2020/21,ligue-1,Olympique Lyon,0.03725494736842103,0.065,False
K,2020/21,ligue-1,Olympique Marseille,0.04488405263157895,0.041,False
K,2020/21,ligue-1,Olympique Nimes,0.22869326315789468,0.003,False
K,2020/21,ligue-1,Paris St. Germain,0.036665631578947366,0.832,False
K,2020/21,ligue-1,RC Lens,0.5028068947368421,0.0,False
K,2020/21,ligue-1,Racing Straßburg,0.16577389473684206,0.003,False
K,2020/21,ligue-1,Stade Brest,0.18467236842105264,0.004,False
K,2020/21,ligue-1,Stade Reims,0.17463857894736848,0.005,False
K,2020/21,ligue-1,Stade Rennes,0.07785494736842104,0.006,False
K,2020/21,premier-league,Aston Villa,0.12831257894736842,0.0,False
K,2020/21,premier-league,Brighton &amp; Hove Albion,0.051256631578947366,0.0,False
K,2020/21,premier-league,Crystal Palace,0.06315594736842105,0.001,False
K,2020/21,premier-league,FC Arsenal,0.10608115789473686,0.05,False
K,2020/21,premier-league,FC Burnley,0.11819989473684209,0.0,False
K,2020/21,premier-league,FC Chelsea,0.02739563157894737,0.132,False
K,2020/21,premier-league,FC Everton,0.05018494736842107,0.002,False
K,2020/21,premier-league,FC Fulham,0.039729999999999994,0.0,False
K,2020/21,premier-league,FC Liverpool,0.032666631578947364,0.396,False
K,2020/21,premier-league,FC Southampton,0.15182926315789472,0.002,False
K,2020/21,premier-league,Leeds United,0.2957050526315789,0.0,False
K,2020/21,premier-league,Leicester City,0.14440905263157894,0.004,False
K,2020/21,premier-league,Manchester City,0.061130684210526316,0.215,True
K,2020/21,premier-league,Manchester United,0.03661652631578947,0.173,False
K,2020/21,premier-league,Newcastle United,0.050901052631578944,0.0,False
K,2020/21,premier-league,Sheffield United,0.2806984736842106,0.002,False
K,2020/21,premier-league,Tottenham Hotspur,0.039770473684210536,0.022,False
K,2020/21,premier-league,West Bromwich Albion,0.04191947368421053,0.0,False
K,2020/21,premier-league,West Ham United,0.24884773684210523,0.001,False
K,2020/21,premier-league,Wolverhampton Wanderers,0.06180089473684212,0.0,False
K,2020/21,serie-a,AC Florenz,0.13750099999999996,0.006,False
K,2020/21,serie-a,AC Mailand,0.0763668947368421,0.107,False
K,2020/21,serie-a,AS Rom,0.06895484210526315,0.087,False
K,2020/21,serie-a,Atalanta Bergamo,0.10343973684210528,0.049,False
K,2020/21,serie-a,Benevento Calcio,0.03770636842105263,0.0,False
K,2020/21,serie-a,CFC Genua 1893,0.07676021052631578,0.001,False
K,2020/21,serie-a,Cagliari Calcio,0.06468489473684211,0.0,False
K,2020/21,serie-a,FC Bologna,0.05889178947368422,0.001,False
K,2020/21,serie-a,FC Crotone,0.055278526315789486,0.0,False
K,2020/21,serie-a,FC Turin,0.15402015789473678,0.0,False
K,2020/21,serie-a,Hellas Verona,0.152932,0.0,False
K,2020/21,serie-a,Inter Mailand,0.0834387894736842,0.164,True
K,2020/21,serie-a,Juventus Turin,0.06697026315789475,0.439,False
K,2020/21,serie-a,Lazio Rom,0.04189852631578947,0.05,False
K,2020/21,serie-a,Parma Calcio,0.29717321052631573,0.002,False
K,2020/21,serie-a,SSC Neapel,0.03948168421052632,0.09,False
K,2020/21,serie-a,Sampdoria Genua,0.10555078947368426,0.0,False
K,2020/21,serie-a,Sassuolo Calcio,0.09183294736842107,0.003,False
K,2020/21,serie-a,Spezia Calcio,0.11781526315789471,0.0,False
K,2020/21,serie-a,Udinese Calcio,0.06260452631578946,0.001,False
K,2021/22,bundesliga,1. FC Köln,0.27338135294117644,0.0,False
K,2021/22,bundesliga,1. FC Union Berlin,0.11913111764705885,0.017,False
K,2021/22,bundesliga,1. FSV Mainz 05,0.09084911764705883,0.002,False
K,2021/22,bundesliga,Arminia Bielefeld,0.08428882352941175,0.0,False
K,2021/22,bundesliga,Bayer 04 Leverkusen,0.08371288235294116,0.018,False
K,2021/22,bundesliga,Bayern München,0.0055451176470588245,0.719,True
K,2021/22,bundesliga,Bor. Mönchengladbach,0.07361623529411765,0.002,False
K,2021/22,bundesliga,Borussia Dortmund,0.05315223529411766,0.088,False
K,2021/22,bundesliga,Eintracht Frankfurt,0.09356411764705881,0.002,False
K,2021/22,bundesliga,FC Augsburg,0.05602323529411765,0.0,False
K,2021/22,bundesliga,Hertha BSC,0.1777673529411765,0.0,False
K,2021/22,bundesliga,RB Leipzig,0.04805841176470588,0.135,False
K,2021/22,bundesliga,SC Freiburg,0.26290029411764704,0.0,False
K,2021/22,bundesliga,SpVgg Greuther Fürth,0.028074058823529414,0.0,False
K,2021/22,bundesliga,TSG Hoffenheim,0.060066529411764706,0.008,False
K,2021/22,bundesliga,VfB Stuttgart,0.15960547058823527,0.0,False
K,2021/22,bundesliga,VfL Bochum,0.07177770588235294,0.0,False
K,2021/22,bundesliga,VfL Wolfsburg,0.18199358823529405,0.009,False
K,2021/22,la-liga,Athletic Bilbao,0.06655910526315789,0.0,False
K,2021/22,la-liga,Atletico Madrid,0.018791736842105253,0.08,False
K,2021/22,la-liga,CA Osasuna,0.09269421052631581,0.0,False
K,2021/22,la-liga,Celta Vigo,0.06143231578947368,0.001,False
K,2021/22,la-liga,Deportivo Alaves,0.19787821052631577,0.0,False
K,2021/22,la-liga,Espanyol Barcelona,0.08069305263157894,0.0,False
K,2021/22,la-liga,FC Barcelona,0.015114894736842103,0.493,False
K,2021/22,la-liga,FC Cadiz,0.07657026315789472,0.0,False
K,2021/22,la-liga,FC Elche,0.0926966842105263,0.0,False
K,2021/22,la-liga,FC Getafe,0.10193263157894737,0.0,False
K,2021/22,la-liga,FC Granada,0.09696173684210527,0.0,False
K,2021/22,la-liga,FC Sevilla,0.03135710526315789,0.025,False
K,2021/22,la-liga,FC Valencia,0.06488978947368419,0.002,False
K,2021/22,la-liga,FC Villarreal,0.040579000000000004,0.005,False
K,2021/22,la-liga,RCD Mallorca,0.04531184210526316,0.0,False
K,2021/22,la-liga,Rayo Vallecano,0.20072184210526314,0.0,False
K,2021/22,la-liga,Real Betis Sevilla,0.15066063157894735,0.001,False
K,2021/22,la-liga,Real Madrid,0.024058631578947366,0.391,True
K,2021/22,la-liga,Real Sociedad San Sebastian,0.06265273684210526,0.002,False
K,2021/22,la-liga,UD Levante,0.19436063157894737,0.0,False
K,2021/22,ligue-1,AS Monaco,0.039413631578947374,0.064,False
K,2021/22,ligue-1,AS St. Etienne,0.19865384210526313,0.0,False
K,2021/22,ligue-1,Angers SCO,0.054249578947368426,0.001,False
K,2021/22,ligue-1,Clermont Foot,0.04438394736842106,0.0,False
K,2021/22,ligue-1,ES Troyes AC,0.1123823157894737,0.0,False
K,2021/22,ligue-1,FC Lorient,0.053028473684210514,0.0,False
K,2021/22,ligue-1,FC Metz,0.09599852631578948,0.0,False
K,2021/22,ligue-1,FC Nantes,0.11773600000000002,0.0,False
K,2021/22,ligue-1,Girondins Bordeaux,0.3112874210526315,0.001,False
K,2021/22,ligue-1,Lille OSC,0.17778694736842104,0.037,False
K,2021/22,ligue-1,Montpellier HSC,0.0872734210526316,0.001,False
K,2021/22,ligue-1,OGC Nizza,0.19107952631578945,0.002,False
K,2021/22,ligue-1,Olympique Lyon,0.12022231578947369,0.114,False
K,2021/22,ligue-1,Olympique Marseille,0.1583178421052632,0.016,False
K,2021/22,ligue-1,Paris St. Germain,0.004143578947368422,0.738,True
K,2021/22,ligue-1,RC Lens,0.060225315789473655,0.016,False
K,2021/22,ligue-1,Racing Straßburg,0.16396284210526316,0.002,False
K,2021/22,ligue-1,Stade Brest,0.07640410526315791,0.001,False
K,2021/22,ligue-1,Stade Reims,0.06663505263157897,0.001,False
K,2021/22,ligue-1,Stade Rennes,0.10415436842105268,0.006,False
K,2021/22,premier-league,Aston Villa,0.059322315789473695,0.0,False
K,2021/22,premier-league,Brighton &amp; Hove Albion,0.16339215789473677,0.0,False
K,2021/22,premier-league,Crystal Palace,0.05711768421052632,0.0,False
K,2021/22,premier-league,FC Arsenal,0.03439752631578947,0.084,False
K,2021/22,premier-league,FC Brentford,0.18462857894736842,0.0,False
K,2021/22,premier-league,FC Burnley,0.09809594736842105,0.0,False
K,2021/22,premier-league,FC Chelsea,0.029855842105263153,0.155,False
K,2021/22,premier-league,FC Everton,0.24329763157894732,0.002,False
K,2021/22,premier-league,FC Liverpool,0.03379884210526316,0.213,False
K,2021/22,premier-league,FC Southampton,0.08238621052631577,0.0,False
K,2021/22,premier-league,FC Watford,0.04147026315789474,0.0,False
K,2021/22,premier-league,Leeds United,0.20863278947368424,0.003,False
K,2021/22,premier-league,Leicester City,0.041763631578947365,0.006,False
K,2021/22,premier-league,Manchester City,0.049312999999999996,0.287,True
K,2021/22,premier-league,Manchester United,0.10154068421052631,0.232,False
K,2021/22,premier-league,Newcastle United,0.05757084210526315,0.0,False
K,2021/22,premier-league,Norwich City,0.03994352631578948,0.0,False
K,2021/22,premier-league,Tottenham Hotspur,0.08878726315789473,0.015,False
K,2021/22,premier-league,West Ham United,0.11120463157894736,0.003,False
K,2021/22,premier-league,Wolverhampton Wanderers,0.11887126315789474,0.0,False
K,2021/22,serie-a,AC Florenz,0.08308642105263159,0.002,False
K,2021/22,serie-a,AC Mailand,0.10845536842105263,0.107,True
K,2021/22,serie-a,AS Rom,0.039163368421052634,0.04,False
K,2021/22,serie-a,Atalanta Bergamo,0.076102,0.043,False
K,2021/22,serie-a,CFC Genua 1893,0.23143226315789467,0.002,False
K,2021/22,serie-a,Cagliari Calcio,0.1157771052631579,0.001,False
K,2021/22,serie-a,FC Bologna,0.05673115789473686,0.0,False
K,2021/22,serie-a,FC Empoli,0.09684805263157896,0.0,False
K,2021/22,serie-a,FC Turin,0.07955289473684211,0.0,False
K,2021/22,serie-a,FC Venedig,0.04747573684210526,0.0,False
K,2021/22,serie-a,Hellas Verona,0.17135663157894737,0.0,False
K,2021/22,serie-a,Inter Mailand,0.03049215789473684,0.237,False
K,2021/22,serie-a,Juventus Turin,0.06169436842105264,0.392,False
K,2021/22,serie-a,Lazio Rom,0.05675542105263159,0.027,False
K,2021/22,serie-a,SSC Neapel,0.03446278947368422,0.141,False
K,2021/22,serie-a,Sampdoria Genua,0.11031378947368417,0.0,False
K,2021/22,serie-a,Sassuolo Calcio,0.057724842105263165,0.008,False
K,2021/22,serie-a,Spezia Calcio,0.07605815789473687,0.0,False
K,2021/22,serie-a,US Salernitana,0.05175215789473684,0.0,False
K,2021/22,serie-a,Udinese Calcio,0.05182963157894739,0.0,False
K,2022/23,bundesliga,1. FC Köln,0.07316435294117647,0.0,False
K,2022/23,bundesliga,1. FC Union Berlin,0.10122605882352943,0.011,False
K,2022/23,bundesliga,1. FSV Mainz 05,0.07505505882352942,0.003,False
K,2022/23,bundesliga,Bayer 04 Leverkusen,0.058055,0.042,False
K,2022/23,bundesliga,Bayern München,0.007739411764705878,0.671,True
K,2022/23,bundesliga,Bor. Mönchengladbach,0.06923176470588235,0.0,False
K,2022/23,bundesliga,Borussia Dortmund,0.05182323529411764,0.081,False
K,2022/23,bundesliga,Eintracht Frankfurt,0.12209741176470588,0.002,False
K,2022/23,bundesliga,FC Augsburg,0.07594788235294118,0.0,False
K,2022/23,bundesliga,FC Schalke 04,0.0967575294117647,0.0,False
K,2022/23,bundesliga,Hertha BSC,0.18063447058823529,0.0,False
K,2022/23,bundesliga,RB Leipzig,0.02436423529411765,0.181,False
K,2022/23,bundesliga,SC Freiburg,0.25975617647058824,0.0,False
K,2022/23,bundesliga,TSG Hoffenheim,0.08844005882352941,0.003,False
K,2022/23,bundesliga,VfB Stuttgart,0.16803564705882357,0.002,False
K,2022/23,bundesliga,VfL Bochum,0.07157058823529412,0.0,False
K,2022/23,bundesliga,VfL Wolfsburg,0.06765694117647059,0.003,False
K,2022/23,bundesliga,Werder Bremen,0.07477452941176468,0.001,False
K,2022/23,la-liga,Athletic Bilbao,0.0574182105263158,0.004,False
K,2022/23,la-liga,Atletico Madrid,0.025756421052631574,0.059,False
K,2022/23,la-liga,CA Osasuna,0.2132800526315789,0.0,False
K,2022/23,la-liga,Celta Vigo,0.07909763157894738,0.0,False
K,2022/23,la-liga,Espanyol Barcelona,0.15165299999999995,0.0,False
K,2022/23,la-liga,FC Barcelona,0.017119789473684206,0.467,True
K,2022/23,la-liga,FC Cadiz,0.09069794736842107,0.0,False
K,2022/23,la-liga,FC Elche,0.17774368421052628,0.0,False
K,2022/23,la-liga,FC Getafe,0.10583747368421054,0.0,False
K,2022/23,la-liga,FC Girona,0.19876194736842104,0.0,False
K,2022/23,la-liga,FC Sevilla,0.22989810526315796,0.033,False
K,2022/23,la-liga,FC Valencia,0.2334856315789474,0.007,False
K,2022/23,la-liga,FC Villarreal,0.053869842105263153,0.007,False
K,2022/23,la-liga,RCD Mallorca,0.1638218947368421,0.0,False
K,2022/23,la-liga,Rayo Vallecano,0.11983821052631578,0.0,False
K,2022/23,la-liga,Real Betis Sevilla,0.08332542105263158,0.001,False
K,2022/23,la-liga,Real Madrid,0.013287631578947369,0.422,False
K,2022/23,la-liga,Real Sociedad San Sebastian,0.11954852631578951,0.0,False
K,2022/23,la-liga,Real Valladolid,0.04200131578947369,0.0,False
K,2022/23,la-liga,UD Almeria,0.04389831578947368,0.0,False
K,2022/23,ligue-1,AC Ajaccio,0.029829736842105267,0.0,False
K,2022/23,ligue-1,AJ Auxerre,0.035390157894736846,0.0,False
K,2022/23,ligue-1,AS Monaco,0.06646447368421052,0.088,False
K,2022/23,ligue-1,Angers SCO,0.2054404736842105,0.0,False
K,2022/23,ligue-1,Clermont Foot,0.3097755789473685,0.0,False
K,2022/23,ligue-1,ES Troyes AC,0.14015152631578945,0.0,False
K,2022/23,ligue-1,FC Lorient,0.16936131578947367,0.0,False
K,2022/23,ligue-1,FC Nantes,0.17782068421052635,0.0,False
K,2022/23,ligue-1,FC Toulouse,0.20395489473684209,0.0,False
K,2022/23,ligue-1,Lille OSC,0.08072552631578944,0.015,False
K,2022/23,ligue-1,Montpellier HSC,0.04875884210526318,0.0,False
K,2022/23,ligue-1,OGC Nizza,0.049669894736842114,0.007,False
K,2022/23,ligue-1,Olympique Lyon,0.08798468421052633,0.057,False
K,2022/23,ligue-1,Olympique Marseille,0.07819015789473685,0.039,False
K,2022/23,ligue-1,Paris St. Germain,0.00479178947368421,0.728,True
K,2022/23,ligue-1,RC Lens,0.13767457894736843,0.035,False
K,2022/23,ligue-1,Racing Straßburg,0.2500552105263157,0.009,False
K,2022/23,ligue-1,Stade Brest,0.0831298947368421,0.0,False
K,2022/23,ligue-1,Stade Reims,0.050616000000000015,0.003,False
K,2022/23,ligue-1,Stade Rennes,0.06245447368421052,0.019,False
K,2022/23,premier-league,AFC Bournemouth,0.08662599999999998,0.0,False
K,2022/23,premier-league,Aston Villa,0.21090921052631587,0.0,False
K,2022/23,premier-league,Brighton &amp; Hove Albion,0.23876415789473684,0.0,False
K,2022/23,premier-league,Crystal Palace,0.060768000000000016,0.001,False
K,2022/23,premier-league,FC Arsenal,0.07790568421052631,0.085,False
K,2022/23,premier-league,FC Brentford,0.0839451052631579,0.004,False
K,2022/23,premier-league,FC Chelsea,0.3703092631578948,0.167,False
K,2022/23,premier-league,FC Everton,0.20009331578947373,0.0,False
K,2022/23,premier-league,FC Fulham,0.29025447368421053,0.0,False
K,2022/23,premier-league,FC Liverpool,0.08860968421052633,0.298,False
K,2022/23,premier-league,FC Southampton,0.24843342105263153,0.0,False
K,2022/23,premier-league,Leeds United,0.184296,0.0,False
K,2022/23,premier-league,Leicester City,0.3445912105263158,0.002,False
K,2022/23,premier-league,Manchester City,0.033992,0.35,True
K,2022/23,premier-league,Manchester United,0.04622152631578947,0.07,False
K,2022/23,premier-league,Newcastle United,0.2875896315789474,0.0,False
K,2022/23,premier-league,Nottingham Forest,0.08443021052631579,0.0,False
K,2022/23,premier-league,Tottenham Hotspur,0.06482494736842105,0.021,False
K,2022/23,premier-league,West Ham United,0.08469852631578945,0.002,False
K,2022/23,premier-league,Wolverhampton Wanderers,0.05053510526315791,0.0,False
K,2022/23,serie-a,AC Florenz,0.04136726315789474,0.012,False
K,2022/23,serie-a,AC Mailand,0.05515031578947369,0.194,False
K,2022/23,serie-a,AC Monza,0.29434526315789467,0.0,False
K,2022/23,serie-a,AS Rom,0.04919621052631579,0.042,False
K,2022/23,serie-a,Atalanta Bergamo,0.05107784210526317,0.015,False
K,2022/23,serie-a,FC Bologna,0.1271021052631579,0.0,False
K,2022/23,serie-a,FC Empoli,0.04392184210526316,0.0,False
K,2022/23,serie-a,FC Turin,0.05021915789473686,0.002,False
K,2022/23,serie-a,Hellas Verona,0.18890099999999996,0.003,False
K,2022/23,serie-a,Inter Mailand,0.027014578947368428,0.257,False
K,2022/23,serie-a,Juventus Turin,0.046562421052631586,0.264,False
K,2022/23,serie-a,Lazio Rom,0.1753467894736842,0.021,False
K,2022/23,serie-a,SSC Neapel,0.07962073684210526,0.183,True
K,2022/23,serie-a,Sampdoria Genua,0.27125784210526316,0.0,False
K,2022/23,serie-a,Sassuolo Calcio,0.08881863157894734,0.006,False
K,2022/23,serie-a,Spezia Calcio,0.12065384210526316,0.0,False
K,2022/23,serie-a,US Cremonese,0.030723736842105265,0.0,False
K,2022/23,serie-a,US Lecce,0.05147926315789473,0.0,False
K,2022/23,serie-a,US Salernitana,0.08043089473684209,0.0,False
K,2022/23,serie-a,Udinese Calcio,0.04563426315789474,0.001,False
K,2023/24,bundesliga,1. FC Heidenheim,0.4139514705882353,0.0,False
K,2023/24,bundesliga,1. FC Köln,0.17807311764705883,0.0,False
K,2023/24,bundesliga,1. FC Union Berlin,0.3660501176470588,0.028,False
K,2023/24,bundesliga,1. FSV Mainz 05,0.11294323529411765,0.006,False
K,2023/24,bundesliga,Bayer 04 Leverkusen,0.18621441176470588,0.022,True
K,2023/24,bundesliga,Bayern München,0.06325323529411764,0.595,False
K,2023/24,bundesliga,Bor. Mönchengladbach,0.14800100000000002,0.002,False
K,2023/24,bundesliga,Borussia Dortmund,0.06688535294117648,0.126,False
K,2023/24,bundesliga,Eintracht Frankfurt,0.13797323529411765,0.002,False
K,2023/24,bundesliga,FC Augsburg,0.08166970588235291,0.0,False
K,2023/24,bundesliga,RB Leipzig,0.04933388235294117,0.211,False
K,2023/24,bundesliga,SC Freiburg,0.06509429411764706,0.001,False
K,2023/24,bundesliga,SV Darmstadt 98,0.04770029411764704,0.0,False
K,2023/24,bundesliga,TSG Hoffenheim,0.10176088235294117,0.004,False
K,2023/24,bundesliga,VfB Stuttgart,0.3962378823529412,0.001,False
K,2023/24,bundesliga,VfL Bochum,0.12562923529411765,0.002,False
K,2023/24,bundesliga,VfL Wolfsburg,0.1264701764705882,0.0,False
K,2023/24,bundesliga,Werder Bremen,0.1037675294117647,0.0,False
K,2023/24,la-liga,Athletic Bilbao,0.16716357894736844,0.002,False
K,2023/24,la-liga,Atletico Madrid,0.027808947368421055,0.092,False
K,2023/24,la-liga,CA Osasuna,0.06277705263157893,0.0,False
K,2023/24,la-liga,Celta Vigo,0.0932812105263158,0.0,False
K,2023/24,la-liga,Deportivo Alaves,0.3114854736842105,0.0,False
K,2023/24,la-liga,FC Barcelona,0.01793431578947368,0.543,False
K,2023/24,la-liga,FC Cadiz,0.12883052631578948,0.0,False
K,2023/24,la-liga,FC Getafe,0.05522473684210527,0.0,False
K,2023/24,la-liga,FC Girona,0.2638296315789474,0.001,False
K,2023/24,la-liga,FC Granada,0.06050584210526316,0.0,False
K,2023/24,la-liga,FC Sevilla,0.23343710526315792,0.017,False
K,2023/24,la-liga,FC Valencia,0.05359826315789474,0.0,False
K,2023/24,la-liga,FC Villarreal,0.06412568421052631,0.012,False
K,2023/24,la-liga,RCD Mallorca,0.08056694736842107,0.001,False
K,2023/24,la-liga,Rayo Vallecano,0.081794,0.0,False
K,2023/24,la-liga,Real Betis Sevilla,0.078533,0.001,False
K,2023/24,la-liga,Real Madrid,0.030371947368421057,0.323,True
K,2023/24,la-liga,Real Sociedad San Sebastian,0.045029315789473695,0.008,False
K,2023/24,la-liga,UD Almeria,0.11434678947368421,0.0,False
K,2023/24,la-liga,UD Las Palmas,0.06500257894736843,0.0,False
K,2023/24,ligue-1,AC Le Havre,0.05884247058823529,0.0,False
K,2023/24,ligue-1,AS Monaco,0.1326064117647059,0.049,False
K,2023/24,ligue-1,Clermont Foot,0.25987829411764696,0.003,False
K,2023/24,ligue-1,FC Lorient,0.10232876470588234,0.0,False
K,2023/24,ligue-1,FC Metz,0.02166270588235294,0.0,False
K,2023/24,ligue-1,FC Nantes,0.05315870588235294,0.001,False
K,2023/24,ligue-1,FC Toulouse,0.1366781176470588,0.001,False
K,2023/24,ligue-1,Lille OSC,0.09663994117647058,0.015,False
K,2023/24,ligue-1,Montpellier HSC,0.05583858823529412,0.002,False
K,2023/24,ligue-1,OGC Nizza,0.11751358823529412,0.014,False
K,2023/24,ligue-1,Olympique Lyon,0.05522258823529412,0.057,False
K,2023/24,ligue-1,Olympique Marseille,0.08493894117647059,0.055,False
K,2023/24,ligue-1,Paris St. Germain,0.013387000000000005,0.584,True
K,2023/24,ligue-1,RC Lens,0.13695841176470588,0.163,False
K,2023/24,ligue-1,Racing Straßburg,0.10154647058823528,0.001,False
K,2023/24,ligue-1,Stade Brest,0.35427752941176466,0.003,False
K,2023/24,ligue-1,Stade Reims,0.06778888235294117,0.005,False
K,2023/24,ligue-1,Stade Rennes,0.15561047058823527,0.047,False
K,2023/24,premier-league,AFC Bournemouth,0.1168608947368421,0.0,False
K,2023/24,premier-league,Aston Villa,0.24904221052631578,0.001,False
K,2023/24,premier-league,Brighton &amp; Hove Albion,0.04578542105263159,0.007,False
K,2023/24,premier-league,Crystal Palace,0.06371568421052631,0.0,False
K,2023/24,premier-league,FC Arsenal,0.05266242105263157,0.139,False
K,2023/24,premier-league,FC Brentford,0.3342277368421053,0.027,False
K,2023/24,premier-league,FC Burnley,0.04730531578947369,0.0,False
K,2023/24,premier-league,FC Chelsea,0.03955531578947368,0.066,False
K,2023/24,premier-league,FC Everton,0.04743073684210528,0.0,False
K,2023/24,premier-league,FC Fulham,0.05013868421052633,0.0,False
K,2023/24,premier-league,FC Liverpool,0.02615931578947369,0.186,False
K,2023/24,premier-league,Luton Town,0.029592315789473685,0.0,False
K,2023/24,premier-league,Manchester City,0.028460368421052637,0.412,True
K,2023/24,premier-league,Manchester United,0.1621157894736842,0.14,False
K,2023/24,premier-league,Newcastle United,0.06577831578947368,0.004,False
K,2023/24,premier-league,Nottingham Forest,0.06271526315789475,0.0,False
K,2023/24,premier-league,Sheffield United,0.06337773684210526,0.0,False
K,2023/24,premier-league,Tottenham Hotspur,0.05879036842105264,0.018,False
K,2023/24,premier-league,West Ham United,0.10308968421052632,0.0,False
K,2023/24,premier-league,Wolverhampton Wanderers,0.049135894736842115,0.0,False
K,2023/24,serie-a,AC Florenz,0.043589578947368424,0.015,False
K,2023/24,serie-a,AC Mailand,0.06408099999999997,0.124,False
K,2023/24,serie-a,AC Monza,0.08910847368421053,0.018,False
K,2023/24,serie-a,AS Rom,0.039828210526315785,0.048,False
K,2023/24,serie-a,Atalanta Bergamo,0.10907615789473683,0.019,False
K,2023/24,serie-a,CFC Genua 1893,0.2168452105263158,0.0,False
K,2023/24,serie-a,Cagliari Calcio,0.0350401052631579,0.0,False
K,2023/24,serie-a,FC Bologna,0.26036331578947364,0.001,False
K,2023/24,serie-a,FC Empoli,0.06968484210526314,0.0,False
K,2023/24,serie-a,FC Turin,0.05177973684210526,0.002,False
K,2023/24,serie-a,Frosinone Calcio,0.0389978947368421,0.0,False
K,2023/24,serie-a,Hellas Verona,0.05572626315789474,0.0,False
K,2023/24,serie-a,Inter Mailand,0.08739873684210525,0.16,True
K,2023/24,serie-a,Juventus Turin,0.028862368421052633,0.274,False
K,2023/24,serie-a,Lazio Rom,0.04759815789473685,0.04,False
K,2023/24,serie-a,SSC Neapel,0.24503547368421055,0.295,False
K,2023/24,serie-a,Sassuolo Calcio,0.259434947368421,0.003,False
K,2023/24,serie-a,US Lecce,0.067888,0.0,False
K,2023/24,serie-a,US Salernitana,0.1731532105263158,0.001,False
K,2023/24,serie-a,Udinese Calcio,0.0788378947368421,0.0,False
HL=1,2016/17,bundesliga,1. FC Köln,0.14174405882352942,0.002,False
HL=1,2016/17,bundesliga,1. FSV Mainz 05,0.2509693529411765,0.001,False
HL=1,2016/17,bundesliga,Bayer 04 Leverkusen,0.351948705882353,0.043,False
HL=1,2016/17,bundesliga,Bayern München,0.00366370588235294,0.763,True
HL=1,2016/17,bundesliga,Bor. Mönchengladbach,0.14207035294117643,0.028,False
HL=1,2016/17,bundesliga,Borussia Dortmund,0.024473176470588238,0.148,False
HL=1,2016/17,bundesliga,Eintracht Frankfurt,0.07755829411764703,0.0,False
HL=1,2016/17,bundesliga,FC Augsburg,0.09460282352941175,0.0,False
HL=1,2016/17,bundesliga,FC Ingolstadt 04,0.25914976470588236,0.004,False
HL=1,2016/17,bundesliga,FC Schalke 04,0.08520199999999999,0.006,False
HL=1,2016/17,bundesliga,Hamburger SV,0.07602082352941177,0.0,False
HL=1,2016/17,bundesliga,Hertha BSC,0.14168258823529412,0.0,False
HL=1,2016/17,bundesliga,RB Leipzig,0.7287797647058823,0.0,False
HL=1,2016/17,bundesliga,SC Freiburg,0.3766792941176471,0.0,False
HL=1,2016/17,bundesliga,SV Darmstadt 98,0.23997223529411763,0.001,False
HL=1,2016/17,bundesliga,TSG Hoffenheim,0.34285823529411763,0.0,False
HL=1,2016/17,bundesliga,VfL Wolfsburg,0.309754588235294,0.003,False
HL=1,2016/17,bundesliga,Werder Bremen,0.15736541176470584,0.001,False
HL=1,2016/17,la-liga,Athletic Bilbao,0.04317010526315791,0.004,False
HL=1,2016/17,la-liga,Atletico Madrid,0.011514157894736839,0.122,False
HL=1,2016/17,la-liga,CA Osasuna,0.04747936842105264,0.0,False
HL=1,2016/17,la-liga,CD Leganes,0.03554336842105262,0.0,False
HL=1,2016/17,la-liga,Celta Vigo,0.1150466842105263,0.001,False
HL=1,2016/17,la-liga,Deportivo Alaves,0.20805378947368425,0.002,False
HL=1,2016/17,la-liga,Deportivo La Coruna,0.06441884210526318,0.0,False
HL=1,2016/17,la-liga,Espanyol Barcelona,0.2313557894736842,0.0,False
HL=1,2016/17,la-liga,FC Barcelona,0.01785568421052632,0.56,False
HL=1,2016/17,la-liga,FC Granada,0.17704326315789473,0.0,False
HL=1,2016/17,la-liga,FC Malaga,0.06396442105263159,0.0,False
HL=1,2016/17,la-liga,FC Sevilla,0.15213194736842106,0.0,False
HL=1,2016/17,la-liga,FC Valencia,0.10715826315789471,0.001,False
HL=1,2016/17,la-liga,FC Villarreal,0.07613747368421052,0.002,False
HL=1,2016/17,la-liga,Real Betis Sevilla,0.06865973684210526,0.0,False
HL=1,2016/17,la-liga,Real Madrid,0.03062826315789473,0.306,True
HL=1,2016/17,la-liga,Real Sociedad San Sebastian,0.13266810526315795,0.0,False
HL=1,2016/17,la-liga,SD Eibar,0.1338078947368421,0.0,False
HL=1,2016/17,la-liga,Sporting Gijon,0.14970436842105259,0.0,False
HL=1,2016/17,la-liga,UD Las Palmas,0.14949468421052634,0.002,False
HL=1,2016/17,ligue-1,AS Monaco,0.19994089473684212,0.091,True
HL=1,2016/17,ligue-1,AS Nancy,0.03391973684210526,0.001,False
HL=1,2016/17,ligue-1,AS St. Etienne,0.0735301578947369,0.049,False
HL=1,2016/17,ligue-1,Angers SCO,0.07172478947368421,0.024,False
HL=1,2016/17,ligue-1,Dijon FCO,0.075381,0.001,False
HL=1,2016/17,ligue-1,EA Guingamp,0.07503921052631578,0.021,False
HL=1,2016/17,ligue-1,FC Lorient,0.23381047368421062,0.026,False
HL=1,2016/17,ligue-1,FC Metz,0.14536226315789472,0.001,False
HL=1,2016/17,ligue-1,FC Nantes,0.11953799999999996,0.035,False
HL=1,2016/17,ligue-1,FC Toulouse,0.08824678947368421,0.03,False
HL=1,2016/17,ligue-1,Girondins Bordeaux,0.11569926315789476,0.037,False
HL=1,2016/17,ligue-1,Lille OSC,0.12611136842105264,0.087,False
HL=1,2016/17,ligue-1,Montpellier HSC,0.14032210526315791,0.027,False
HL=1,2016/17,ligue-1,OGC Nizza,0.1410153684210526,0.061,False
HL=1,2016/17,ligue-1,Olympique Lyon,0.11078310526315785,0.086,False
HL=1,2016/17,ligue-1,Olympique Marseille,0.14486199999999994,0.031,False
HL=1,2016/17,ligue-1,Paris St. Germain,0.05594721052631577,0.278,False
HL=1,2016/17,ligue-1,SC Bastia,0.36962463157894754,0.041,False
HL=1,2016/17,ligue-1,SM Caen,0.23286484210526323,0.032,False
HL=1,2016/17,ligue-1,Stade Rennes,0.07777142105263157,0.041,False
HL=1,2016/17,premier-league,AFC Bournemouth,0.21647873684210528,0.001,False
HL=1,2016/17,premier-league,AFC Sunderland,0.20319968421052637,0.0,False
HL=1,2016/17,premier-league,Crystal Palace,0.05381768421052631,0.001,False
HL=1,2016/17,premier-league,FC Arsenal,0.04698178947368423,0.129,False
HL=1,2016/17,premier-league,FC Burnley,0.058951368421052634,0.001,False
HL=1,2016/17,premier-league,FC Chelsea,0.21856831578947367,0.045,True
HL=1,2016/17,premier-league,FC Everton,0.15889778947368427,0.005,False
HL=1,2016/17,premier-league,FC Liverpool,0.09133931578947371,0.057,False
HL=1,2016/17,premier-league,FC Middlesbrough,0.0670243157894737,0.01,False
HL=1,2016/17,premier-league,FC Southampton,0.09294384210526312,0.123,False
HL=1,2016/17,premier-league,FC Watford,0.10818810526315789,0.002,False
HL=1,2016/17,premier-league,Hull City,0.038589000000000005,0.0,False
HL=1,2016/17,premier-league,Leicester City,0.3569766315789475,0.279,False
HL=1,2016/17,premier-league,Manchester City,0.05148531578947369,0.149,False
HL=1,2016/17,premier-league,Manchester United,0.049802578947368434,0.075,False
HL=1,2016/17,premier-league,Stoke City,0.05274568421052633,0.002,False
HL=1,2016/17,premier-league,Swansea City,0.10398115789473683,0.005,False
HL=1,2016/17,premier-league,Tottenham Hotspur,0.10719105263157898,0.091,False
HL=1,2016/17,premier-league,West Bromwich Albion,0.13554384210526316,0.0,False
HL=1,2016/17,premier-league,West Ham United,0.07367073684210526,0.025,False
HL=1,2016/17,serie-a,AC Chievo Verona,0.07084584210526317,0.0,False
HL=1,2016/17,serie-a,AC Florenz,0.06269336842105262,0.017,False
HL=1,2016/17,serie-a,AC Mailand,0.0867705789473684,0.006,False
HL=1,2016/17,serie-a,AS Rom,0.02775542105263157,0.14,False
HL=1,2016/17,serie-a,Atalanta Bergamo,0.2840542105263158,0.0,False
HL=1,2016/17,serie-a,CFC Genua 1893,0.21227621052631576,0.003,False
HL=1,2016/17,serie-a,Cagliari Calcio,0.2351684210526316,0.0,False
HL=1,2016/17,serie-a,Delfino Pescara 1936,0.059907,0.001,False
HL=1,2016/17,serie-a,FC Bologna,0.055325789473684224,0.0,False
HL=1,2016/17,serie-a,FC Crotone,0.03600336842105264,0.0,False
HL=1,2016/17,serie-a,FC Empoli,0.2255209473684211,0.003,False
HL=1,2016/17,serie-a,FC Turin,0.06429578947368421,0.004,False
HL=1,2016/17,serie-a,Inter Mailand,0.04353663157894738,0.007,False
HL=1,2016/17,serie-a,Juventus Turin,0.006810631578947368,0.668,True
HL=1,2016/17,serie-a,Lazio Rom,0.08140757894736841,0.005,False
HL=1,2016/17,serie-a,SSC Neapel,0.020454894736842102,0.135,False
HL=1,2016/17,serie-a,Sampdoria Genua,0.11319621052631582,0.003,False
HL=1,2016/17,serie-a,Sassuolo Calcio,0.13785747368421053,0.008,False
HL=1,2016/17,serie-a,US Palermo,0.14441447368421054,0.0,False
HL=1,2016/17,serie-a,Udinese Calcio,0.07769926315789474,0.0,False
HL=1,2017/18,bundesliga,1. FC Köln,0.4750335882352941,0.007,False
HL=1,2017/18,bundesliga,1. FSV Mainz 05,0.07982976470588236,0.0,False
HL=1,2017/18,bundesliga,Bayer 04 Leverkusen,0.1188329411764706,0.007,False
HL=1,2017/18,bundesliga,Bayern München,0.0038994705882352924,0.761,True
HL=1,2017/18,bundesliga,Bor. Mönchengladbach,0.06750117647058823,0.011,False
HL=1,2017/18,bundesliga,Borussia Dortmund,0.03551294117647059,0.085,False
HL=1,2017/18,bundesliga,Eintracht Frankfurt,0.16923617647058825,0.0,False
HL=1,2017/18,bundesliga,FC Augsburg,0.05964505882352942,0.0,False
HL=1,2017/18,bundesliga,FC Schalke 04,0.25044641176470595,0.005,False
HL=1,2017/18,bundesliga,Hamburger SV,0.13501564705882352,0.0,False
HL=1,2017/18,bundesliga,Hannover 96,0.14055376470588238,0.0,False
HL=1,2017/18,bundesliga,Hertha BSC,0.06830211764705882,0.0,False
HL=1,2017/18,bundesliga,RB Leipzig,0.09493623529411765,0.108,False
HL=1,2017/18,bundesliga,SC Freiburg,0.11661429411764705,0.0,False
HL=1,2017/18,bundesliga,TSG Hoffenheim,0.08380252941176469,0.012,False
HL=1,2017/18,bundesliga,VfB Stuttgart,0.44082429411764706,0.0,False
HL=1,2017/18,bundesliga,VfL Wolfsburg,0.14409976470588234,0.0,False
HL=1,2017/18,bundesliga,Werder Bremen,0.0826674705882353,0.004,False
HL=1,2017/18,la-liga,Athletic Bilbao,0.3567347368421052,0.004,False
HL=1,2017/18,la-liga,Atletico Madrid,0.030527105263157904,0.122,False
HL=1,2017/18,la-liga,CD Leganes,0.13616452631578949,0.0,False
HL=1,2017/18,la-liga,Celta Vigo,0.06605015789473684,0.0,False
HL=1,2017/18,la-liga,Deportivo Alaves,0.19371505263157893,0.0,False
HL=1,2017/18,la-liga,Deportivo La Coruna,0.10344694736842103,0.0,False
HL=1,2017/18,la-liga,Espanyol Barcelona,0.06374352631578947,0.0,False
HL=1,2017/18,la-liga,FC Barcelona,0.011438578947368425,0.567,True
HL=1,2017/18,la-liga,FC Getafe,0.4491158421052632,0.0,False
HL=1,2017/18,la-liga,FC Girona,0.3000197894736842,0.0,False
HL=1,2017/18,la-liga,FC Malaga,0.3887405263157896,0.001,False
HL=1,2017/18,la-liga,FC Sevilla,0.04200478947368422,0.004,False
HL=1,2017/18,la-liga,FC Valencia,0.23248178947368417,0.0,False
HL=1,2017/18,la-liga,FC Villarreal,0.040838578947368434,0.007,False
HL=1,2017/18,la-liga,Real Betis Sevilla,0.32095963157894736,0.0,False
HL=1,2017/18,la-liga,Real Madrid,0.03019242105263158,0.294,False
HL=1,2017/18,la-liga,Real Sociedad San Sebastian,0.07653915789473684,0.001,False
HL=1,2017/18,la-liga,SD Eibar,0.06249094736842107,0.0,False
HL=1,2017/18,la-liga,UD Las Palmas,0.13943136842105264,0.0,False
HL=1,2017/18,la-liga,UD Levante,0.10313568421052632,0.0,False
HL=1,2017/18,ligue-1,AS Monaco,0.02302484210526316,0.647,False
HL=1,2017/18,ligue-1,AS St. Etienne,0.11748636842105262,0.0,False
HL=1,2017/18,ligue-1,Angers SCO,0.10056694736842103,0.0,False
HL=1,2017/18,ligue-1,Dijon FCO,0.059466421052631564,0.0,False
HL=1,2017/18,ligue-1,EA Guingamp,0.05928789473684211,0.001,False
HL=1,2017/18,ligue-1,ES Troyes AC,0.06054794736842104,0.0,False
HL=1,2017/18,ligue-1,FC Metz,0.16438942105263157,0.0,False
HL=1,2017/18,ligue-1,FC Nantes,0.06641515789473684,0.001,False
HL=1,2017/18,ligue-1,FC Toulouse,0.22590173684210524,0.0,False
HL=1,2017/18,ligue-1,Girondins Bordeaux,0.03963247368421051,0.016,False
HL=1,2017/18,ligue-1,Lille OSC,0.2189654736842105,0.0,False
HL=1,2017/18,ligue-1,Montpellier HSC,0.1390485263157895,0.0,False
HL=1,2017/18,ligue-1,OGC Nizza,0.10178899999999999,0.025,False
HL=1,2017/18,ligue-1,Olympique Lyon,0.04904594736842105,0.035,False
HL=1,2017/18,ligue-1,Olympique Marseille,0.041439157894736824,0.023,False
HL=1,2017/18,ligue-1,Paris St. Germain,0.037752421052631574,0.25,True
HL=1,2017/18,ligue-1,Racing Straßburg,0.06861857894736842,0.0,False
HL=1,2017/18,ligue-1,SC Amiens,0.13960147368421053,0.0,False
HL=1,2017/18,ligue-1,SM Caen,0.05014763157894738,0.0,False
HL=1,2017/18,ligue-1,Stade Rennes,0.20276731578947368,0.002,False
HL=1,2017/18,premier-league,AFC Bournemouth,0.05431231578947369,0.001,False
HL=1,2017/18,premier-league,Brighton &amp; Hove Albion,0.08837278947368421,0.0,False
HL=1,2017/18,premier-league,Crystal Palace,0.07016321052631577,0.0,False
HL=1,2017/18,premier-league,FC Arsenal,0.04609063157894738,0.073,False
HL=1,2017/18,premier-league,FC Burnley,0.21724342105263159,0.0,False
HL=1,2017/18,premier-league,FC Chelsea,0.070038,0.237,False
HL=1,2017/18,premier-league,FC Everton,0.0399217894736842,0.015,False
HL=1,2017/18,premier-league,FC Liverpool,0.040181578947368415,0.054,False
HL=1,2017/18,premier-league,FC Southampton,0.25663342105263154,0.003,False
HL=1,2017/18,premier-league,FC Watford,0.0654634736842105,0.0,False
HL=1,2017/18,premier-league,Huddersfield Town,0.06245526315789476,0.0,False
HL=1,2017/18,premier-league,Leicester City,0.049612052631578946,0.0,False
HL=1,2017/18,premier-league,Manchester City,0.07815452631578948,0.163,True
HL=1,2017/18,premier-league,Manchester United,0.12175784210526315,0.04,False
HL=1,2017/18,premier-league,Newcastle United,0.28105915789473684,0.0,False
HL=1,2017/18,premier-league,Stoke City,0.18410736842105258,0.0,False
HL=1,2017/18,premier-league,Swansea City,0.15926478947368417,0.0,False
HL=1,2017/18,premier-league,Tottenham Hotspur,0.03441426315789473,0.413,False
HL=1,2017/18,premier-league,West Bromwich Albion,0.23850247368421046,0.0,False
HL=1,2017/18,premier-league,West Ham United,0.061219315789473684,0.001,False
HL=1,2017/18,serie-a,AC Chievo Verona,0.04957868421052633,0.001,False
HL=1,2017/18,serie-a,AC Florenz,0.05250600000000001,0.001,False
HL=1,2017/18,serie-a,AC Mailand,0.07325289473684211,0.003,False
HL=1,2017/18,serie-a,AS Rom,0.021652842105263158,0.24,False
HL=1,2017/18,serie-a,Atalanta Bergamo,0.04612215789473685,0.023,False
HL=1,2017/18,serie-a,Benevento Calcio,0.06902005263157894,0.0,False
HL=1,2017/18,serie-a,CFC Genua 1893,0.09050421052631577,0.0,False
HL=1,2017/18,serie-a,Cagliari Calcio,0.08112700000000002,0.001,False
HL=1,2017/18,serie-a,FC Bologna,0.05817657894736844,0.0,False
HL=1,2017/18,serie-a,FC Crotone,0.17859368421052632,0.001,False
HL=1,2017/18,serie-a,FC Turin,0.05412852631578948,0.007,False
HL=1,2017/18,serie-a,Hellas Verona,0.04483026315789475,0.0,False
HL=1,2017/18,serie-a,Inter Mailand,0.054081368421052614,0.018,False
HL=1,2017/18,serie-a,Juventus Turin,0.032550105263157894,0.344,True
HL=1,2017/18,serie-a,Lazio Rom,0.07800047368421052,0.015,False
HL=1,2017/18,serie-a,SPAL Ferrara,0.037327315789473674,0.0,False
HL=1,2017/18,serie-a,SSC Neapel,0.01572584210526316,0.345,False
HL=1,2017/18,serie-a,Sampdoria Genua,0.06505389473684212,0.0,False
HL=1,2017/18,serie-a,Sassuolo Calcio,0.06410678947368419,0.001,False
HL=1,2017/18,serie-a,Udinese Calcio,0.052097947368421056,0.0,False
HL=1,2018/19,bundesliga,1. FC Nürnberg,0.0870264117647059,0.003,False
HL=1,2018/19,bundesliga,1. FSV Mainz 05,0.06389923529411765,0.0,False
HL=1,2018/19,bundesliga,Bayer 04 Leverkusen,0.10668923529411767,0.012,False
HL=1,2018/19,bundesliga,Bayern München,0.001980764705882354,0.829,True
HL=1,2018/19,bundesliga,Bor. Mönchengladbach,0.15046576470588238,0.006,False
HL=1,2018/19,bundesliga,Borussia Dortmund,0.12117211764705882,0.028,False
HL=1,2018/19,bundesliga,Eintracht Frankfurt,0.12318635294117643,0.002,False
HL=1,2018/19,bundesliga,FC Augsburg,0.10617952941176471,0.0,False
HL=1,2018/19,bundesliga,FC Schalke 04,0.36915847058823525,0.027,False
HL=1,2018/19,bundesliga,Fortuna Düsseldorf,0.16450076470588235,0.007,False
HL=1,2018/19,bundesliga,Hannover 96,0.1412968823529412,0.0,False
HL=1,2018/19,bundesliga,Hertha BSC,0.06231388235294119,0.0,False
HL=1,2018/19,bundesliga,RB Leipzig,0.09251876470588234,0.024,False
HL=1,2018/19,bundesliga,SC Freiburg,0.06105811764705882,0.001,False
HL=1,2018/19,bundesliga,TSG Hoffenheim,0.14000029411764703,0.04,False
HL=1,2018/19,bundesliga,VfB Stuttgart,0.33445605882352947,0.018,False
HL=1,2018/19,bundesliga,VfL Wolfsburg,0.2950478235294118,0.0,False
HL=1,2018/19,bundesliga,Werder Bremen,0.06844870588235294,0.003,False
HL=1,2018/19,la-liga,Athletic Bilbao,0.1128773157894737,0.001,False
HL=1,2018/19,la-liga,Atletico Madrid,0.027369736842105263,0.142,False
HL=1,2018/19,la-liga,CD Leganes,0.06449894736842106,0.0,False
HL=1,2018/19,la-liga,Celta Vigo,0.07893684210526318,0.001,False
HL=1,2018/19,la-liga,Deportivo Alaves,0.07054363157894739,0.004,False
HL=1,2018/19,la-liga,Espanyol Barcelona,0.13917094736842103,0.001,False
HL=1,2018/19,la-liga,FC Barcelona,0.009096105263157897,0.619,True
HL=1,2018/19,la-liga,FC Getafe,0.12014957894736843,0.004,False
HL=1,2018/19,la-liga,FC Girona,0.18304305263157894,0.003,False
HL=1,2018/19,la-liga,FC Sevilla,0.16428326315789474,0.001,False
HL=1,2018/19,la-liga,FC Valencia,0.08162768421052631,0.008,False
HL=1,2018/19,la-liga,FC Villarreal,0.22403326315789476,0.009,False
HL=1,2018/19,la-liga,Rayo Vallecano,0.05421610526315789,0.0,False
HL=1,2018/19,la-liga,Real Betis Sevilla,0.06402142105263157,0.002,False
HL=1,2018/19,la-liga,Real Madrid,0.023166263157894735,0.204,False
HL=1,2018/19,la-liga,Real Sociedad San Sebastian,0.06331484210526314,0.001,False
HL=1,2018/19,la-liga,Real Valladolid,0.054912736842105264,0.0,False
HL=1,2018/19,la-liga,SD Eibar,0.07104463157894736,0.0,False
HL=1,2018/19,la-liga,SD Huesca,0.030547,0.0,False
HL=1,2018/19,la-liga,UD Levante,0.07919389473684212,0.0,False
HL=1,2018/19,ligue-1,AS Monaco,0.6558795263157896,0.168,False
HL=1,2018/19,ligue-1,AS St. Etienne,0.17912800000000004,0.002,False
HL=1,2018/19,ligue-1,Angers SCO,0.05518221052631579,0.0,False
HL=1,2018/19,ligue-1,Dijon FCO,0.19592652631578944,0.002,False
HL=1,2018/19,ligue-1,EA Guingamp,0.28118578947368417,0.0,False
HL=1,2018/19,ligue-1,FC Nantes,0.05753789473684212,0.001,False
HL=1,2018/19,ligue-1,FC Toulouse,0.06614047368421053,0.0,False
HL=1,2018/19,ligue-1,Girondins Bordeaux,0.23429884210526317,0.009,False
HL=1,2018/19,ligue-1,Lille OSC,0.5404858421052632,0.0,False
HL=1,2018/19,ligue-1,Montpellier HSC,0.14266536842105262,0.002,False
HL=1,2018/19,ligue-1,OGC Nizza,0.05432147368421054,0.005,False
HL=1,2018/19,ligue-1,Olympique Lyon,0.02574284210526315,0.113,False
HL=1,2018/19,ligue-1,Olympique Marseille,0.04323078947368421,0.096,False
HL=1,2018/19,ligue-1,Olympique Nimes,0.3537306315789474,0.0,False
HL=1,2018/19,ligue-1,Paris St. Germain,0.011098684210526321,0.588,True
HL=1,2018/19,ligue-1,Racing Straßburg,0.10919810526315787,0.001,False
HL=1,2018/19,ligue-1,SC Amiens,0.1818214736842105,0.003,False
HL=1,2018/19,ligue-1,SM Caen,0.056147526315789474,0.0,False
HL=1,2018/19,ligue-1,Stade Reims,0.40401757894736845,0.0,False
HL=1,2018/19,ligue-1,Stade Rennes,0.06990378947368421,0.01,False
HL=1,2018/19,premier-league,AFC Bournemouth,0.06651673684210525,0.0,False
HL=1,2018/19,premier-league,Brighton &amp; Hove Albion,0.10167273684210526,0.0,False
HL=1,2018/19,premier-league,Cardiff City,0.057480526315789475,0.001,False
HL=1,2018/19,premier-league,Crystal Palace,0.06858605263157895,0.002,False
HL=1,2018/19,premier-league,FC Arsenal,0.041370157894736845,0.031,False
HL=1,2018/19,premier-league,FC Burnley,0.1276495789473684,0.0,False
HL=1,2018/19,premier-league,FC Chelsea,0.06980610526315788,0.039,False
HL=1,2018/19,premier-league,FC Everton,0.08703405263157896,0.003,False
HL=1,2018/19,premier-league,FC Fulham,0.061107631578947365,0.002,False
HL=1,2018/19,premier-league,FC Liverpool,0.05108268421052633,0.105,False
HL=1,2018/19,premier-league,FC Southampton,0.10573942105263158,0.0,False
HL=1,2018/19,premier-league,FC Watford,0.15271778947368428,0.0,False
HL=1,2018/19,premier-league,Huddersfield Town,0.13485205263157896,0.0,False
HL=1,2018/19,premier-league,Leicester City,0.0790836842105263,0.002,False
HL=1,2018/19,premier-league,Manchester City,0.013416947368421054,0.578,True
HL=1,2018/19,premier-league,Manchester United,0.06157463157894737,0.078,False
HL=1,2018/19,premier-league,Newcastle United,0.06389989473684213,0.001,False
HL=1,2018/19,premier-league,Tottenham Hotspur,0.03750157894736842,0.157,False
HL=1,2018/19,premier-league,West Ham United,0.10107926315789473,0.0,False
HL=1,2018/19,premier-league,Wolverhampton Wanderers,0.3072611052631579,0.001,False
HL=1,2018/19,serie-a,AC Chievo Verona,0.18244126315789466,0.0,False
HL=1,2018/19,serie-a,AC Florenz,0.16986757894736837,0.001,False
HL=1,2018/19,serie-a,AC Mailand,0.06006410526315791,0.021,False
HL=1,2018/19,serie-a,AS Rom,0.08121605263157895,0.135,False
HL=1,2018/19,serie-a,Atalanta Bergamo,0.12588678947368423,0.016,False
HL=1,2018/19,serie-a,CFC Genua 1893,0.1148227894736842,0.0,False
HL=1,2018/19,serie-a,Cagliari Calcio,0.04939294736842106,0.0,False
HL=1,2018/19,serie-a,FC Bologna,0.1183585263157895,0.0,False
HL=1,2018/19,serie-a,FC Empoli,0.039040000000000005,0.0,False
HL=1,2018/19,serie-a,FC Turin,0.051917578947368426,0.01,False
HL=1,2018/19,serie-a,Frosinone Calcio,0.042438315789473685,0.0,False
HL=1,2018/19,serie-a,Inter Mailand,0.03463815789473684,0.061,False
HL=1,2018/19,serie-a,Juventus Turin,0.01958347368421053,0.478,True
HL=1,2018/19,serie-a,Lazio Rom,0.08312784210526317,0.039,False
HL=1,2018/19,serie-a,Parma Calcio,0.048098473684210524,0.0,False
HL=1,2018/19,serie-a,SPAL Ferrara,0.05547757894736843,0.0,False
HL=1,2018/19,serie-a,SSC Neapel,0.023918473684210524,0.238,False
HL=1,2018/19,serie-a,Sampdoria Genua,0.09774221052631576,0.0,False
HL=1,2018/19,serie-a,Sassuolo Calcio,0.06594247368421051,0.001,False
HL=1,2018/19,serie-a,Udinese Calcio,0.0877143157894737,0.0,False
HL=1,2019/20,bundesliga,1. FC Köln,0.047589764705882345,0.0,False
HL=1,2019/20,bundesliga,1. FC Union Berlin,0.2078644705882353,0.0,False
HL=1,2019/20,bundesliga,1. FSV Mainz 05,0.07997100000000001,0.0,False
HL=1,2019/20,bundesliga,Bayer 04 Leverkusen,0.04443476470588236,0.043,False
HL=1,2019/20,bundesliga,Bayern München,0.006653294117647063,0.697,True
HL=1,2019/20,bundesliga,Bor. Mönchengladbach,0.17040494117647062,0.005,False
HL=1,2019/20,bundesliga,Borussia Dortmund,0.07176929411764704,0.061,False
HL=1,2019/20,bundesliga,Eintracht Frankfurt,0.054455352941176476,0.006,False
HL=1,2019/20,bundesliga,FC Augsburg,0.04542847058823529,0.001,False
HL=1,2019/20,bundesliga,FC Schalke 04,0.05594135294117648,0.0,False
HL=1,2019/20,bundesliga,Fortuna Düsseldorf,0.2998895882352941,0.005,False
HL=1,2019/20,bundesliga,Hertha BSC,0.07246952941176468,0.002,False
HL=1,2019/20,bundesliga,RB Leipzig,0.02894829411764706,0.131,False
HL=1,2019/20,bundesliga,SC Freiburg,0.19454441176470585,0.0,False
HL=1,2019/20,bundesliga,SC Paderborn 07,0.08842258823529413,0.001,False
HL=1,2019/20,bundesliga,TSG Hoffenheim,0.05370405882352942,0.017,False
HL=1,2019/20,bundesliga,VfL Wolfsburg,0.06299229411764708,0.017,False
HL=1,2019/20,bundesliga,Werder Bremen,0.4074365294117646,0.014,False
HL=1,2019/20,la-liga,Athletic Bilbao,0.062379368421052635,0.003,False
HL=1,2019/20,la-liga,Atletico Madrid,0.027338789473684212,0.199,False
HL=1,2019/20,la-liga,CA Osasuna,0.3533820526315789,0.0,False
HL=1,2019/20,la-liga,CD Leganes,0.19265400000000002,0.002,False
HL=1,2019/20,la-liga,Celta Vigo,0.09976321052631579,0.0,False
HL=1,2019/20,la-liga,Deportivo Alaves,0.09814068421052631,0.001,False
HL=1,2019/20,la-liga,Espanyol Barcelona,0.40030789473684214,0.003,False
HL=1,2019/20,la-liga,FC Barcelona,0.022795052631578952,0.603,False
HL=1,2019/20,la-liga,FC Getafe,0.06541831578947367,0.026,False
HL=1,2019/20,la-liga,FC Granada,0.5313175263157894,0.0,False
HL=1,2019/20,la-liga,FC Sevilla,0.1636449473684211,0.012,False
HL=1,2019/20,la-liga,FC Valencia,0.12276889473684212,0.062,False
HL=1,2019/20,la-liga,FC Villarreal,0.14001863157894737,0.008,False
HL=1,2019/20,la-liga,RCD Mallorca,0.07360347368421052,0.002,False
HL=1,2019/20,la-liga,Real Betis Sevilla,0.0897982105263158,0.002,False
HL=1,2019/20,la-liga,Real Madrid,0.13231105263157894,0.064,True
HL=1,2019/20,la-liga,Real Sociedad San Sebastian,0.12254547368421051,0.004,False
HL=1,2019/20,la-liga,Real Valladolid,0.06674763157894736,0.001,False
HL=1,2019/20,la-liga,SD Eibar,0.09890615789473683,0.003,False
HL=1,2019/20,la-liga,UD Levante,0.06178947368421053,0.005,False
HL=1,2019/20,ligue-1,AS Monaco,0.10451400000000002,0.002,False
HL=1,2019/20,ligue-1,AS St. Etienne,0.42050394736842095,0.035,False
HL=1,2019/20,ligue-1,Angers SCO,0.0839627368421053,0.003,False
HL=1,2019/20,ligue-1,Dijon FCO,0.04409605263157895,0.0,False
HL=1,2019/20,ligue-1,FC Metz,0.1547947894736842,0.0,False
HL=1,2019/20,ligue-1,FC Nantes,0.08051305263157893,0.002,False
HL=1,2019/20,ligue-1,FC Toulouse,0.13365847368421052,0.001,False
HL=1,2019/20,ligue-1,Girondins Bordeaux,0.061460368421052645,0.003,False
HL=1,2019/20,ligue-1,Lille OSC,0.04168184210526316,0.093,False
HL=1,2019/20,ligue-1,Montpellier HSC,0.061239684210526314,0.023,False
HL=1,2019/20,ligue-1,OGC Nizza,0.13258152631578946,0.009,False
HL=1,2019/20,ligue-1,Olympique Lyon,0.10858052631578949,0.151,False
HL=1,2019/20,ligue-1,Olympique Marseille,0.17236989473684208,0.027,False
HL=1,2019/20,ligue-1,Olympique Nimes,0.33015563157894734,0.018,False
HL=1,2019/20,ligue-1,Paris St. Germain,0.013138947368421057,0.593,True
HL=1,2019/20,ligue-1,Racing Straßburg,0.0681242105263158,0.008,False
HL=1,2019/20,ligue-1,SC Amiens,0.16849368421052632,0.0,False
HL=1,2019/20,ligue-1,Stade Brest,0.1475891578947368,0.0,False
HL=1,2019/20,ligue-1,Stade Reims,0.11651405263157896,0.014,False
HL=1,2019/20,ligue-1,Stade Rennes,0.22032447368421051,0.018,False
HL=1,2019/20,premier-league,AFC Bournemouth,0.11683415789473683,0.0,False
HL=1,2019/20,premier-league,Aston Villa,0.05070036842105264,0.0,False
HL=1,2019/20,premier-league,Brighton &amp; Hove Albion,0.054036157894736835,0.0,False
HL=1,2019/20,premier-league,Crystal Palace,0.14336952631578942,0.002,False
HL=1,2019/20,premier-league,FC Arsenal,0.05812521052631578,0.005,False
HL=1,2019/20,premier-league,FC Burnley,0.10285589473684212,0.001,False
HL=1,2019/20,premier-league,FC Chelsea,0.054881000000000006,0.014,False
HL=1,2019/20,premier-league,FC Everton,0.0883948947368421,0.004,False
HL=1,2019/20,premier-league,FC Liverpool,0.023542631578947364,0.374,True
HL=1,2019/20,premier-league,FC Southampton,0.09607394736842105,0.0,False
HL=1,2019/20,premier-league,FC Watford,0.15752915789473682,0.0,False
HL=1,2019/20,premier-league,Leicester City,0.17519578947368425,0.0,False
HL=1,2019/20,premier-league,Manchester City,0.017914473684210532,0.561,False
HL=1,2019/20,premier-league,Manchester United,0.13395168421052636,0.005,False
HL=1,2019/20,premier-league,Newcastle United,0.09280847368421054,0.003,False
HL=1,2019/20,premier-league,Norwich City,0.08987273684210527,0.0,False
HL=1,2019/20,premier-league,Sheffield United,0.23655836842105266,0.001,False
HL=1,2019/20,premier-league,Tottenham Hotspur,0.047347052631578956,0.027,False
HL=1,2019/20,premier-league,West Ham United,0.12556284210526317,0.0,False
HL=1,2019/20,premier-league,Wolverhampton Wanderers,0.06403984210526319,0.003,False
HL=1,2019/20,serie-a,AC Florenz,0.10573189473684214,0.001,False
HL=1,2019/20,serie-a,AC Mailand,0.04534926315789473,0.053,False
HL=1,2019/20,serie-a,AS Rom,0.041479473684210545,0.07,False
HL=1,2019/20,serie-a,Atalanta Bergamo,0.05054084210526316,0.117,False
HL=1,2019/20,serie-a,Brescia Calcio,0.07381052631578947,0.015,False
HL=1,2019/20,serie-a,CFC Genua 1893,0.07261384210526316,0.0,False
HL=1,2019/20,serie-a,Cagliari Calcio,0.06890715789473684,0.0,False
HL=1,2019/20,serie-a,FC Bologna,0.0562233157894737,0.003,False
HL=1,2019/20,serie-a,FC Turin,0.3608358947368421,0.027,False
HL=1,2019/20,serie-a,Hellas Verona,0.33020615789473684,0.0,False
HL=1,2019/20,serie-a,Inter Mailand,0.09010457894736842,0.112,False
HL=1,2019/20,serie-a,Juventus Turin,0.04092300000000001,0.341,True
HL=1,2019/20,serie-a,Lazio Rom,0.11907310526315788,0.028,False
HL=1,2019/20,serie-a,Parma Calcio,0.1451542105263158,0.001,False
HL=1,2019/20,serie-a,SPAL Ferrara,0.29724547368421045,0.004,False
HL=1,2019/20,serie-a,SSC Neapel,0.12529515789473686,0.214,False
HL=1,2019/20,serie-a,Sampdoria Genua,0.10891763157894734,0.004,False
HL=1,2019/20,serie-a,Sassuolo Calcio,0.19474631578947366,0.0,False
HL=1,2019/20,serie-a,US Lecce,0.059980684210526325,0.01,False
HL=1,2019/20,serie-a,Udinese Calcio,0.05079315789473685,0.0,False
HL=1,2020/21,bundesliga,1. FC Köln,0.1032191764705882,0.0,False
HL=1,2020/21,bundesliga,1. FC Union Berlin,0.17721841176470587,0.002,False
HL=1,2020/21,bundesliga,1. FSV Mainz 05,0.05590352941176472,0.0,False
HL=1,2020/21,bundesliga,Arminia Bielefeld,0.07228217647058822,0.009,False
HL=1,2020/21,bundesliga,Bayer 04 Leverkusen,0.05161029411764706,0.036,False
HL=1,2020/21,bundesliga,Bayern München,0.005111823529411764,0.729,True
HL=1,2020/21,bundesliga,Bor. Mönchengladbach,0.09583123529411765,0.033,False
HL=1,2020/21,bundesliga,Borussia Dortmund,0.03303941176470587,0.073,False
HL=1,2020/21,bundesliga,Eintracht Frankfurt,0.15997758823529415,0.001,False
HL=1,2020/21,bundesliga,FC Augsburg,0.05421529411764706,0.0,False
HL=1,2020/21,bundesliga,FC Schalke 04,0.140249,0.0,False
HL=1,2020/21,bundesliga,Hertha BSC,0.09515511764705882,0.001,False
HL=1,2020/21,bundesliga,RB Leipzig,0.04248852941176472,0.099,False
HL=1,2020/21,bundesliga,SC Freiburg,0.05668505882352943,0.003,False
HL=1,2020/21,bundesliga,TSG Hoffenheim,0.14793747058823525,0.01,False
HL=1,2020/21,bundesliga,VfB Stuttgart,0.2901527647058823,0.0,False
HL=1,2020/21,bundesliga,VfL Wolfsburg,0.15381776470588235,0.003,False
HL=1,2020/21,bundesliga,Werder Bremen,0.1768561764705882,0.001,False
HL=1,2020/21,la-liga,Athletic Bilbao,0.07290273684210524,0.005,False
HL=1,2020/21,la-liga,Atletico Madrid,0.08760857894736843,0.135,True
HL=1,2020/21,la-liga,CA Osasuna,0.06648921052631579,0.003,False
HL=1,2020/21,la-liga,Celta Vigo,0.18563231578947367,0.001,False
HL=1,2020/21,la-liga,Deportivo Alaves,0.048584684210526294,0.0,False
HL=1,2020/21,la-liga,FC Barcelona,0.03505894736842105,0.423,False
HL=1,2020/21,la-liga,FC Cadiz,0.14243831578947366,0.009,False
HL=1,2020/21,la-liga,FC Elche,0.06689684210526314,0.003,False
HL=1,2020/21,la-liga,FC Getafe,0.18133621052631585,0.006,False
HL=1,2020/21,la-liga,FC Granada,0.06739957894736842,0.018,False
HL=1,2020/21,la-liga,FC Sevilla,0.04791636842105262,0.051,False
HL=1,2020/21,la-liga,FC Valencia,0.09218573684210528,0.005,False
HL=1,2020/21,la-liga,FC Villarreal,0.05526494736842106,0.015,False
HL=1,2020/21,la-liga,Real Betis Sevilla,0.29055742105263155,0.001,False
HL=1,2020/21,la-liga,Real Madrid,0.018238105263157892,0.312,False
HL=1,2020/21,la-liga,Real Sociedad San Sebastian,0.12796089473684205,0.007,False
HL=1,2020/21,la-liga,Real Valladolid,0.1731604736842105,0.001,False
HL=1,2020/21,la-liga,SD Eibar,0.23382968421052625,0.001,False
HL=1,2020/21,la-liga,SD Huesca,0.06540773684210527,0.002,False
HL=1,2020/21,la-liga,UD Levante,0.09859500000000002,0.002,False
HL=1,2020/21,ligue-1,AS Monaco,0.25624294736842107,0.009,False
HL=1,2020/21,ligue-1,AS St. Etienne,0.07895005263157893,0.001,False
HL=1,2020/21,ligue-1,Angers SCO,0.06560178947368422,0.002,False
HL=1,2020/21,ligue-1,Dijon FCO,0.16492510526315787,0.001,False
HL=1,2020/21,ligue-1,FC Lorient,0.07622715789473684,0.006,False
HL=1,2020/21,ligue-1,FC Metz,0.15087715789473682,0.0,False
HL=1,2020/21,ligue-1,FC Nantes,0.2161825789473685,0.003,False
HL=1,2020/21,ligue-1,Girondins Bordeaux,0.0829462105263158,0.008,False
HL=1,2020/21,ligue-1,Lille OSC,0.1648832105263158,0.035,True
HL=1,2020/21,ligue-1,Montpellier HSC,0.07962173684210526,0.007,False
HL=1,2020/21,ligue-1,OGC Nizza,0.0719191052631579,0.009,False
HL=1,2020/21,ligue-1,Olympique Lyon,0.05503389473684208,0.044,False
HL=1,2020/21,ligue-1,Olympique Marseille,0.0478941052631579,0.05,False
HL=1,2020/21,ligue-1,Olympique Nimes,0.18586605263157888,0.001,False
HL=1,2020/21,ligue-1,Paris St. Germain,0.032086210526315787,0.769,False
HL=1,2020/21,ligue-1,RC Lens,0.516695,0.0,False
HL=1,2020/21,ligue-1,Racing Straßburg,0.1710188421052632,0.006,False
HL=1,2020/21,ligue-1,Stade Brest,0.1613703157894737,0.005,False
HL=1,2020/21,ligue-1,Stade Reims,0.15639994736842108,0.013,False
HL=1,2020/21,ligue-1,Stade Rennes,0.056625947368421053,0.031,False
HL=1,2020/21,premier-league,Aston Villa,0.15331363157894737,0.001,False
HL=1,2020/21,premier-league,Brighton &amp; Hove Albion,0.05700573684210527,0.0,False
HL=1,2020/21,premier-league,Crystal Palace,0.05048178947368421,0.0,False
HL=1,2020/21,premier-league,FC Arsenal,0.054313,0.008,False
HL=1,2020/21,premier-league,FC Burnley,0.16309442105263158,0.002,False
HL=1,2020/21,premier-league,FC Chelsea,0.08691805263157897,0.014,False
HL=1,2020/21,premier-league,FC Everton,0.06488757894736844,0.002,False
HL=1,2020/21,premier-league,FC Fulham,0.034175210526315794,0.0,False
HL=1,2020/21,premier-league,FC Liverpool,0.037292263157894745,0.399,False
HL=1,2020/21,premier-league,FC Southampton,0.12639731578947366,0.002,False
HL=1,2020/21,premier-league,Leeds United,0.23186647368421057,0.006,False
HL=1,2020/21,premier-league,Leicester City,0.10736500000000004,0.003,False
HL=1,2020/21,premier-league,Manchester City,0.01734973684210527,0.479,True
HL=1,2020/21,premier-league,Manchester United,0.08338073684210523,0.042,False
HL=1,2020/21,premier-league,Newcastle United,0.06427089473684212,0.002,False
HL=1,2020/21,premier-league,Sheffield United,0.37282452631578933,0.004,False
HL=1,2020/21,premier-league,Tottenham Hotspur,0.049096631578947364,0.025,False
HL=1,2020/21,premier-league,West Bromwich Albion,0.04756642105263158,0.0,False
HL=1,2020/21,premier-league,West Ham United,0.23100215789473688,0.0,False
HL=1,2020/21,premier-league,Wolverhampton Wanderers,0.19809231578947373,0.011,False
HL=1,2020/21,serie-a,AC Florenz,0.09001342105263153,0.008,False
HL=1,2020/21,serie-a,AC Mailand,0.07586405263157894,0.11,False
HL=1,2020/21,serie-a,AS Rom,0.057613842105263144,0.077,False
HL=1,2020/21,serie-a,Atalanta Bergamo,0.028580368421052632,0.245,False
HL=1,2020/21,serie-a,Benevento Calcio,0.04228752631578947,0.0,False
HL=1,2020/21,serie-a,CFC Genua 1893,0.12708631578947369,0.0,False
HL=1,2020/21,serie-a,Cagliari Calcio,0.06781036842105265,0.0,False
HL=1,2020/21,serie-a,FC Bologna,0.057271052631578945,0.002,False
HL=1,2020/21,serie-a,FC Crotone,0.06337136842105263,0.0,False
HL=1,2020/21,serie-a,FC Turin,0.09349157894736843,0.0,False
HL=1,2020/21,serie-a,Hellas Verona,0.09149068421052628,0.001,False
HL=1,2020/21,serie-a,Inter Mailand,0.05135705263157895,0.292,True
HL=1,2020/21,serie-a,Juventus Turin,0.03618852631578947,0.136,False
HL=1,2020/21,serie-a,Lazio Rom,0.04422136842105264,0.079,False
HL=1,2020/21,serie-a,Parma Calcio,0.3184374736842106,0.001,False
HL=1,2020/21,serie-a,SSC Neapel,0.05284957894736843,0.045,False
HL=1,2020/21,serie-a,Sampdoria Genua,0.11468747368421058,0.001,False
HL=1,2020/21,serie-a,Sassuolo Calcio,0.07564084210526319,0.002,False
HL=1,2020/21,serie-a,Spezia Calcio,0.0983501052631579,0.0,False
HL=1,2020/21,serie-a,Udinese Calcio,0.05811173684210527,0.001,False
HL=1,2021/22,bundesliga,1. FC Köln,0.2958102352941176,0.0,False
HL=1,2021/22,bundesliga,1. FC Union Berlin,0.13001105882352942,0.007,False
HL=1,2021/22,bundesliga,1. FSV Mainz 05,0.12743311764705884,0.002,False
HL=1,2021/22,bundesliga,Arminia Bielefeld,0.10080817647058825,0.001,False
HL=1,2021/22,bundesliga,Bayer 04 Leverkusen,0.1507999411764706,0.016,False
HL=1,2021/22,bundesliga,Bayern München,0.011074,0.624,True
HL=1,2021/22,bundesliga,Bor. Mönchengladbach,0.09337576470588235,0.009,False
HL=1,2021/22,bundesliga,Borussia Dortmund,0.047348882352941164,0.13,False
HL=1,2021/22,bundesliga,Eintracht Frankfurt,0.16004223529411762,0.022,False
HL=1,2021/22,bundesliga,FC Augsburg,0.04590794117647058,0.001,False
HL=1,2021/22,bundesliga,Hertha BSC,0.10674223529411765,0.001,False
HL=1,2021/22,bundesliga,RB Leipzig,0.03804411764705883,0.121,False
HL=1,2021/22,bundesliga,SC Freiburg,0.1538132352941177,0.001,False
HL=1,2021/22,bundesliga,SpVgg Greuther Fürth,0.08604276470588237,0.003,False
HL=1,2021/22,bundesliga,TSG Hoffenheim,0.05948041176470591,0.005,False
HL=1,2021/22,bundesliga,VfB Stuttgart,0.14473735294117648,0.004,False
HL=1,2021/22,bundesliga,VfL Bochum,0.09037552941176469,0.006,False
HL=1,2021/22,bundesliga,VfL Wolfsburg,0.2625605294117647,0.047,False
HL=1,2021/22,la-liga,Athletic Bilbao,0.07494021052631578,0.003,False
HL=1,2021/22,la-liga,Atletico Madrid,0.02240042105263158,0.223,False
HL=1,2021/22,la-liga,CA Osasuna,0.07230126315789474,0.0,False
HL=1,2021/22,la-liga,Celta Vigo,0.06603026315789474,0.004,False
HL=1,2021/22,la-liga,Deportivo Alaves,0.14865210526315792,0.0,False
HL=1,2021/22,la-liga,Espanyol Barcelona,0.1257417368421053,0.0,False
HL=1,2021/22,la-liga,FC Barcelona,0.01940847368421053,0.299,False
HL=1,2021/22,la-liga,FC Cadiz,0.07559257894736841,0.0,False
HL=1,2021/22,la-liga,FC Elche,0.06762884210526315,0.0,False
HL=1,2021/22,la-liga,FC Getafe,0.06445626315789474,0.0,False
HL=1,2021/22,la-liga,FC Granada,0.19550584210526312,0.001,False
HL=1,2021/22,la-liga,FC Sevilla,0.033195684210526315,0.052,False
HL=1,2021/22,la-liga,FC Valencia,0.07389673684210528,0.0,False
HL=1,2021/22,la-liga,FC Villarreal,0.04424431578947368,0.022,False
HL=1,2021/22,la-liga,RCD Mallorca,0.049931315789473685,0.0,False
HL=1,2021/22,la-liga,Rayo Vallecano,0.17417673684210525,0.0,False
HL=1,2021/22,la-liga,Real Betis Sevilla,0.11148784210526316,0.007,False
HL=1,2021/22,la-liga,Real Madrid,0.0310642105263158,0.371,True
HL=1,2021/22,la-liga,Real Sociedad San Sebastian,0.04320957894736843,0.017,False
HL=1,2021/22,la-liga,UD Levante,0.20416010526315786,0.001,False
HL=1,2021/22,ligue-1,AS Monaco,0.035734894736842104,0.077,False
HL=1,2021/22,ligue-1,AS St. Etienne,0.15999273684210524,0.003,False
HL=1,2021/22,ligue-1,Angers SCO,0.06094884210526315,0.001,False
HL=1,2021/22,ligue-1,Clermont Foot,0.05473215789473683,0.0,False
HL=1,2021/22,ligue-1,ES Troyes AC,0.09186010526315791,0.0,False
HL=1,2021/22,ligue-1,FC Lorient,0.11088905263157893,0.004,False
HL=1,2021/22,ligue-1,FC Metz,0.1978197894736842,0.001,False
HL=1,2021/22,ligue-1,FC Nantes,0.09809431578947368,0.004,False
HL=1,2021/22,ligue-1,Girondins Bordeaux,0.2207678947368421,0.0,False
HL=1,2021/22,ligue-1,Lille OSC,0.29691342105263163,0.175,False
HL=1,2021/22,ligue-1,Montpellier HSC,0.09391742105263157,0.001,False
HL=1,2021/22,ligue-1,OGC Nizza,0.24937752631578947,0.002,False
HL=1,2021/22,ligue-1,Olympique Lyon,0.11807589473684207,0.121,False
HL=1,2021/22,ligue-1,Olympique Marseille,0.22098826315789472,0.007,False
HL=1,2021/22,ligue-1,Paris St. Germain,0.012800105263157899,0.569,True
HL=1,2021/22,ligue-1,RC Lens,0.0590203157894737,0.014,False
HL=1,2021/22,ligue-1,Racing Straßburg,0.18562105263157894,0.0,False
HL=1,2021/22,ligue-1,Stade Brest,0.08832852631578947,0.002,False
HL=1,2021/22,ligue-1,Stade Reims,0.05992505263157896,0.001,False
HL=1,2021/22,ligue-1,Stade Rennes,0.07421515789473683,0.018,False
HL=1,2021/22,premier-league,Aston Villa,0.11812947368421049,0.004,False
HL=1,2021/22,premier-league,Brighton &amp; Hove Albion,0.13240878947368429,0.0,False
HL=1,2021/22,premier-league,Crystal Palace,0.09910126315789473,0.0,False
HL=1,2021/22,premier-league,FC Arsenal,0.05311168421052631,0.038,False
HL=1,2021/22,premier-league,FC Brentford,0.18351363157894732,0.0,False
HL=1,2021/22,premier-league,FC Burnley,0.09093189473684209,0.0,False
HL=1,2021/22,premier-league,FC Chelsea,0.1049498947368421,0.027,False
HL=1,2021/22,premier-league,FC Everton,0.14219426315789474,0.0,False
HL=1,2021/22,premier-league,FC Liverpool,0.04803431578947369,0.122,False
HL=1,2021/22,premier-league,FC Southampton,0.04178747368421053,0.0,False
HL=1,2021/22,premier-league,FC Watford,0.033696000000000004,0.0,False
HL=1,2021/22,premier-league,Leeds United,0.4660630000000001,0.053,False
HL=1,2021/22,premier-league,Leicester City,0.0518983157894737,0.014,False
HL=1,2021/22,premier-league,Manchester City,0.009463894736842107,0.631,True
HL=1,2021/22,premier-league,Manchester United,0.06202168421052632,0.081,False
HL=1,2021/22,premier-league,Newcastle United,0.07300794736842108,0.002,False
HL=1,2021/22,premier-league,Norwich City,0.024732000000000004,0.0,False
HL=1,2021/22,premier-league,Tottenham Hotspur,0.0818906842105263,0.019,False
HL=1,2021/22,premier-league,West Ham United,0.056445263157894755,0.009,False
HL=1,2021/22,premier-league,Wolverhampton Wanderers,0.08128221052631578,0.0,False
HL=1,2021/22,serie-a,AC Florenz,0.1594531052631579,0.0,False
HL=1,2021/22,serie-a,AC Mailand,0.10309163157894737,0.104,True
HL=1,2021/22,serie-a,AS Rom,0.05437931578947367,0.005,False
HL=1,2021/22,serie-a,Atalanta Bergamo,0.19238473684210528,0.201,False
HL=1,2021/22,serie-a,CFC Genua 1893,0.2092635263157894,0.0,False
HL=1,2021/22,serie-a,Cagliari Calcio,0.13063794736842102,0.0,False
HL=1,2021/22,serie-a,FC Bologna,0.05176336842105262,0.0,False
HL=1,2021/22,serie-a,FC Empoli,0.09158947368421053,0.001,False
HL=1,2021/22,serie-a,FC Turin,0.1550457894736842,0.0,False
HL=1,2021/22,serie-a,FC Venedig,0.051263842105263156,0.0,False
HL=1,2021/22,serie-a,Hellas Verona,0.10355805263157898,0.0,False
HL=1,2021/22,serie-a,Inter Mailand,0.01831799999999999,0.429,False
HL=1,2021/22,serie-a,Juventus Turin,0.02995915789473684,0.111,False
HL=1,2021/22,serie-a,Lazio Rom,0.06793031578947367,0.015,False
HL=1,2021/22,serie-a,SSC Neapel,0.033604894736842104,0.124,False
HL=1,2021/22,serie-a,Sampdoria Genua,0.1356497894736842,0.002,False
HL=1,2021/22,serie-a,Sassuolo Calcio,0.09443089473684207,0.006,False
HL=1,2021/22,serie-a,Spezia Calcio,0.09463289473684208,0.001,False
HL=1,2021/22,serie-a,US Salernitana,0.04167047368421053,0.0,False
HL=1,2021/22,serie-a,Udinese Calcio,0.0728346842105263,0.001,False
HL=1,2022/23,bundesliga,1. FC Köln,0.06757235294117647,0.007,False
HL=1,2022/23,bundesliga,1. FC Union Berlin,0.09774435294117646,0.026,False
HL=1,2022/23,bundesliga,1. FSV Mainz 05,0.06349152941176472,0.001,False
HL=1,2022/23,bundesliga,Bayer 04 Leverkusen,0.07019517647058823,0.114,False
HL=1,2022/23,bundesliga,Bayern München,0.019016529411764706,0.522,True
HL=1,2022/23,bundesliga,Bor. Mönchengladbach,0.06717852941176472,0.009,False
HL=1,2022/23,bundesliga,Borussia Dortmund,0.05641858823529412,0.153,False
HL=1,2022/23,bundesliga,Eintracht Frankfurt,0.10356223529411764,0.006,False
HL=1,2022/23,bundesliga,FC Augsburg,0.06875529411764705,0.0,False
HL=1,2022/23,bundesliga,FC Schalke 04,0.022784647058823524,0.0,False
HL=1,2022/23,bundesliga,Hertha BSC,0.14051270588235293,0.0,False
HL=1,2022/23,bundesliga,RB Leipzig,0.03333623529411765,0.137,False
HL=1,2022/23,bundesliga,SC Freiburg,0.1005139411764706,0.013,False
HL=1,2022/23,bundesliga,TSG Hoffenheim,0.06585088235294119,0.001,False
HL=1,2022/23,bundesliga,VfB Stuttgart,0.1269401764705882,0.002,False
HL=1,2022/23,bundesliga,VfL Bochum,0.09710129411764706,0.0,False
HL=1,2022/23,bundesliga,VfL Wolfsburg,0.06569164705882354,0.009,False
HL=1,2022/23,bundesliga,Werder Bremen,0.1303396470588235,0.0,False
HL=1,2022/23,la-liga,Athletic Bilbao,0.05525878947368423,0.006,False
HL=1,2022/23,la-liga,Atletico Madrid,0.04142905263157894,0.109,False
HL=1,2022/23,la-liga,CA Osasuna,0.21379000000000004,0.001,False
HL=1,2022/23,la-liga,Celta Vigo,0.07837657894736842,0.003,False
HL=1,2022/23,la-liga,Espanyol Barcelona,0.141097,0.0,False
HL=1,2022/23,la-liga,FC Barcelona,0.059129368421052625,0.226,True
HL=1,2022/23,la-liga,FC Cadiz,0.10017705263157896,0.001,False
HL=1,2022/23,la-liga,FC Elche,0.2386937894736842,0.0,False
HL=1,2022/23,la-liga,FC Getafe,0.07792126315789473,0.0,False
HL=1,2022/23,la-liga,FC Girona,0.2178642105263158,0.002,False
HL=1,2022/23,la-liga,FC Sevilla,0.21334157894736838,0.064,False
HL=1,2022/23,la-liga,FC Valencia,0.07594273684210529,0.003,False
HL=1,2022/23,la-liga,FC Villarreal,0.0420132105263158,0.066,False
HL=1,2022/23,la-liga,RCD Mallorca,0.20160236842105267,0.0,False
HL=1,2022/23,la-liga,Rayo Vallecano,0.08211215789473682,0.0,False
HL=1,2022/23,la-liga,Real Betis Sevilla,0.044096105263157895,0.035,False
HL=1,2022/23,la-liga,Real Madrid,0.01852868421052632,0.466,False
HL=1,2022/23,la-liga,Real Sociedad San Sebastian,0.10955089473684212,0.011,False
HL=1,2022/23,la-liga,Real Valladolid,0.03487247368421053,0.0,False
HL=1,2022/23,la-liga,UD Almeria,0.06899342105263158,0.007,False
HL=1,2022/23,ligue-1,AC Ajaccio,0.031025842105263157,0.0,False
HL=1,2022/23,ligue-1,AJ Auxerre,0.03533752631578947,0.0,False
HL=1,2022/23,ligue-1,AS Monaco,0.06924026315789474,0.123,False
HL=1,2022/23,ligue-1,Angers SCO,0.20528668421052632,0.0,False
HL=1,2022/23,ligue-1,Clermont Foot,0.29540763157894745,0.0,False
HL=1,2022/23,ligue-1,ES Troyes AC,0.20188515789473682,0.0,False
HL=1,2022/23,ligue-1,FC Lorient,0.1722478947368421,0.0,False
HL=1,2022/23,ligue-1,FC Nantes,0.2370481578947368,0.006,False
HL=1,2022/23,ligue-1,FC Toulouse,0.1978082631578948,0.0,False
HL=1,2022/23,ligue-1,Lille OSC,0.07883831578947369,0.019,False
HL=1,2022/23,ligue-1,Montpellier HSC,0.07272021052631579,0.0,False
HL=1,2022/23,ligue-1,OGC Nizza,0.04995168421052632,0.01,False
HL=1,2022/23,ligue-1,Olympique Lyon,0.05893663157894737,0.051,False
HL=1,2022/23,ligue-1,Olympique Marseille,0.08796957894736843,0.043,False
HL=1,2022/23,ligue-1,Paris St. Germain,0.013242315789473684,0.582,True
HL=1,2022/23,ligue-1,RC Lens,0.1380338947368421,0.03,False
HL=1,2022/23,ligue-1,Racing Straßburg,0.28343963157894736,0.016,False
HL=1,2022/23,ligue-1,Stade Brest,0.06420284210526317,0.003,False
HL=1,2022/23,ligue-1,Stade Reims,0.053167,0.004,False
HL=1,2022/23,ligue-1,Stade Rennes,0.034109842105263154,0.113,False
HL=1,2022/23,premier-league,AFC Bournemouth,0.09673263157894736,0.001,False
HL=1,2022/23,premier-league,Aston Villa,0.11629194736842106,0.001,False
HL=1,2022/23,premier-league,Brighton &amp; Hove Albion,0.14880563157894738,0.001,False
HL=1,2022/23,premier-league,Crystal Palace,0.05490726315789473,0.0,False
HL=1,2022/23,premier-league,FC Arsenal,0.14722542105263162,0.011,False
HL=1,2022/23,premier-league,FC Brentford,0.07459568421052631,0.0,False
HL=1,2022/23,premier-league,FC Chelsea,0.2894513157894737,0.027,False
HL=1,2022/23,premier-league,FC Everton,0.06979468421052631,0.0,False
HL=1,2022/23,premier-league,FC Fulham,0.3032129473684211,0.0,False
HL=1,2022/23,premier-league,FC Liverpool,0.1127908947368421,0.294,False
HL=1,2022/23,premier-league,FC Southampton,0.1387881052631579,0.0,False
HL=1,2022/23,premier-league,Leeds United,0.16413073684210525,0.0,False
HL=1,2022/23,premier-league,Leicester City,0.3930433157894737,0.011,False
HL=1,2022/23,premier-league,Manchester City,0.010598315789473687,0.578,True
HL=1,2022/23,premier-league,Manchester United,0.18663852631578948,0.002,False
HL=1,2022/23,premier-league,Newcastle United,0.2893283684210526,0.0,False
HL=1,2022/23,premier-league,Nottingham Forest,0.06329178947368422,0.0,False
HL=1,2022/23,premier-league,Tottenham Hotspur,0.1451755789473684,0.072,False
HL=1,2022/23,premier-league,West Ham United,0.15680615789473681,0.002,False
HL=1,2022/23,premier-league,Wolverhampton Wanderers,0.0519131052631579,0.0,False
HL=1,2022/23,serie-a,AC Florenz,0.06036278947368423,0.001,False
HL=1,2022/23,serie-a,AC Mailand,0.07884052631578947,0.267,False
HL=1,2022/23,serie-a,AC Monza,0.27811952631578946,0.0,False
HL=1,2022/23,serie-a,AS Rom,0.04199468421052632,0.019,False
HL=1,2022/23,serie-a,Atalanta Bergamo,0.04682742105263159,0.027,False
HL=1,2022/23,serie-a,FC Bologna,0.1246868947368421,0.0,False
HL=1,2022/23,serie-a,FC Empoli,0.05290357894736843,0.002,False
HL=1,2022/23,serie-a,FC Turin,0.0646238947368421,0.001,False
HL=1,2022/23,serie-a,Hellas Verona,0.278526947368421,0.004,False
HL=1,2022/23,serie-a,Inter Mailand,0.031162157894736836,0.38,False
HL=1,2022/23,serie-a,Juventus Turin,0.044403,0.054,False
HL=1,2022/23,serie-a,Lazio Rom,0.15386442105263162,0.03,False
HL=1,2022/23,serie-a,SSC Neapel,0.061189526315789486,0.208,True
HL=1,2022/23,serie-a,Sampdoria Genua,0.22684352631578947,0.0,False
HL=1,2022/23,serie-a,Sassuolo Calcio,0.08195542105263157,0.004,False
HL=1,2022/23,serie-a,Spezia Calcio,0.08859952631578948,0.0,False
HL=1,2022/23,serie-a,US Cremonese,0.03897936842105263,0.0,False
HL=1,2022/23,serie-a,US Lecce,0.06384263157894737,0.001,False
HL=1,2022/23,serie-a,US Salernitana,0.0657893157894737,0.0,False
HL=1,2022/23,serie-a,Udinese Calcio,0.05679031578947368,0.002,False
HL=1,2023/24,bundesliga,1. FC Heidenheim,0.4150047058823529,0.0,False
HL=1,2023/24,bundesliga,1. FC Köln,0.2752188823529411,0.004,False
HL=1,2023/24,bundesliga,1. FC Union Berlin,0.36340676470588235,0.026,False
HL=1,2023/24,bundesliga,1. FSV Mainz 05,0.11924276470588238,0.003,False
HL=1,2023/24,bundesliga,Bayer 04 Leverkusen,0.20404529411764707,0.033,True
HL=1,2023/24,bundesliga,Bayern München,0.04254547058823529,0.447,False
HL=1,2023/24,bundesliga,Bor. Mönchengladbach,0.13035611764705882,0.006,False
HL=1,2023/24,bundesliga,Borussia Dortmund,0.09979929411764704,0.282,False
HL=1,2023/24,bundesliga,Eintracht Frankfurt,0.10270364705882351,0.009,False
HL=1,2023/24,bundesliga,FC Augsburg,0.1148604705882353,0.001,False
HL=1,2023/24,bundesliga,RB Leipzig,0.03786799999999999,0.159,False
HL=1,2023/24,bundesliga,SC Freiburg,0.09456982352941175,0.014,False
HL=1,2023/24,bundesliga,SV Darmstadt 98,0.08186735294117647,0.007,False
HL=1,2023/24,bundesliga,TSG Hoffenheim,0.18035841176470588,0.002,False
HL=1,2023/24,bundesliga,VfB Stuttgart,0.4270824705882353,0.001,False
HL=1,2023/24,bundesliga,VfL Bochum,0.08349299999999998,0.0,False
HL=1,2023/24,bundesliga,VfL Wolfsburg,0.13221800000000003,0.006,False
HL=1,2023/24,bundesliga,Werder Bremen,0.16586658823529413,0.0,False
HL=1,2023/24,la-liga,Athletic Bilbao,0.1691064736842105,0.002,False
HL=1,2023/24,la-liga,Atletico Madrid,0.03879352631578947,0.218,False
HL=1,2023/24,la-liga,CA Osasuna,0.06289368421052631,0.001,False
HL=1,2023/24,la-liga,Celta Vigo,0.06907373684210528,0.002,False
HL=1,2023/24,la-liga,Deportivo Alaves,0.39012736842105267,0.0,False
HL=1,2023/24,la-liga,FC Barcelona,0.020067368421052632,0.39,False
HL=1,2023/24,la-liga,FC Cadiz,0.10005884210526317,0.0,False
HL=1,2023/24,la-liga,FC Getafe,0.051630105263157915,0.001,False
HL=1,2023/24,la-liga,FC Girona,0.16328626315789468,0.025,False
HL=1,2023/24,la-liga,FC Granada,0.07192921052631579,0.0,False
HL=1,2023/24,la-liga,FC Sevilla,0.09459663157894738,0.008,False
HL=1,2023/24,la-liga,FC Valencia,0.10748589473684211,0.0,False
HL=1,2023/24,la-liga,FC Villarreal,0.09951621052631576,0.079,False
HL=1,2023/24,la-liga,RCD Mallorca,0.07971952631578949,0.003,False
HL=1,2023/24,la-liga,Rayo Vallecano,0.12189026315789474,0.003,False
HL=1,2023/24,la-liga,Real Betis Sevilla,0.05055668421052633,0.009,False
HL=1,2023/24,la-liga,Real Madrid,0.06147294736842105,0.218,True
HL=1,2023/24,la-liga,Real Sociedad San Sebastian,0.039870421052631576,0.033,False
HL=1,2023/24,la-liga,UD Almeria,0.22999578947368415,0.002,False
HL=1,2023/24,la-liga,UD Las Palmas,0.06620242105263158,0.006,False
HL=1,2023/24,ligue-1,AC Le Havre,0.074821,0.0,False
HL=1,2023/24,ligue-1,AS Monaco,0.22446164705882354,0.022,False
HL=1,2023/24,ligue-1,Clermont Foot,0.3200239411764706,0.004,False
HL=1,2023/24,ligue-1,FC Lorient,0.12709552941176472,0.003,False
HL=1,2023/24,ligue-1,FC Metz,0.02129470588235294,0.0,False
HL=1,2023/24,ligue-1,FC Nantes,0.04587135294117647,0.0,False
HL=1,2023/24,ligue-1,FC Toulouse,0.06669276470588237,0.003,False
HL=1,2023/24,ligue-1,Lille OSC,0.08658423529411767,0.044,False
HL=1,2023/24,ligue-1,Montpellier HSC,0.06673858823529412,0.006,False
HL=1,2023/24,ligue-1,OGC Nizza,0.11005217647058828,0.014,False
HL=1,2023/24,ligue-1,Olympique Lyon,0.05339329411764707,0.06,False
HL=1,2023/24,ligue-1,Olympique Marseille,0.07526870588235295,0.046,False
HL=1,2023/24,ligue-1,Paris St. Germain,0.04535947058823527,0.342,True
HL=1,2023/24,ligue-1,RC Lens,0.17137211764705884,0.288,False
HL=1,2023/24,ligue-1,Racing Straßburg,0.0838535882352941,0.007,False
HL=1,2023/24,ligue-1,Stade Brest,0.36324994117647064,0.005,False
HL=1,2023/24,ligue-1,Stade Reims,0.08265276470588234,0.002,False
HL=1,2023/24,ligue-1,Stade Rennes,0.24594688235294115,0.154,False
HL=1,2023/24,premier-league,AFC Bournemouth,0.1304542631578947,0.0,False
HL=1,2023/24,premier-league,Aston Villa,0.1067064210526316,0.006,False
HL=1,2023/24,premier-league,Brighton &amp; Hove Albion,0.08090863157894736,0.014,False
HL=1,2023/24,premier-league,Crystal Palace,0.06126994736842105,0.001,False
HL=1,2023/24,premier-league,FC Arsenal,0.04868668421052631,0.087,False
HL=1,2023/24,premier-league,FC Brentford,0.38052205263157896,0.023,False
HL=1,2023/24,premier-league,FC Burnley,0.033762526315789486,0.0,False
HL=1,2023/24,premier-league,FC Chelsea,0.14919726315789472,0.003,False
HL=1,2023/24,premier-league,FC Everton,0.14055510526315787,0.0,False
HL=1,2023/24,premier-league,FC Fulham,0.09116878947368419,0.002,False
HL=1,2023/24,premier-league,FC Liverpool,0.02936284210526316,0.082,False
HL=1,2023/24,premier-league,Luton Town,0.02678526315789474,0.0,False
HL=1,2023/24,premier-league,Manchester City,0.005037894736842105,0.729,True
HL=1,2023/24,premier-league,Manchester United,0.05484742105263157,0.017,False
HL=1,2023/24,premier-league,Newcastle United,0.04994352631578948,0.026,False
HL=1,2023/24,premier-league,Nottingham Forest,0.08067099999999999,0.0,False
HL=1,2023/24,premier-league,Sheffield United,0.05912242105263158,0.0,False
HL=1,2023/24,premier-league,Tottenham Hotspur,0.08622436842105265,0.01,False
HL=1,2023/24,premier-league,West Ham United,0.10474515789473687,0.0,False
HL=1,2023/24,premier-league,Wolverhampton Wanderers,0.038809368421052634,0.0,False
HL=1,2023/24,serie-a,AC Florenz,0.05351884210526315,0.025,False
HL=1,2023/24,serie-a,AC Mailand,0.09348336842105263,0.073,False
HL=1,2023/24,serie-a,AC Monza,0.09091231578947367,0.009,False
HL=1,2023/24,serie-a,AS Rom,0.07258315789473684,0.019,False
HL=1,2023/24,serie-a,Atalanta Bergamo,0.09316500000000003,0.036,False
HL=1,2023/24,serie-a,CFC Genua 1893,0.32532626315789476,0.0,False
HL=1,2023/24,serie-a,Cagliari Calcio,0.04967726315789474,0.0,False
HL=1,2023/24,serie-a,FC Bologna,0.17323084210526316,0.007,False
HL=1,2023/24,serie-a,FC Empoli,0.08441842105263159,0.001,False
HL=1,2023/24,serie-a,FC Turin,0.051982210526315804,0.007,False
HL=1,2023/24,serie-a,Frosinone Calcio,0.04479068421052632,0.001,False
HL=1,2023/24,serie-a,Hellas Verona,0.07844615789473683,0.0,False
HL=1,2023/24,serie-a,Inter Mailand,0.06791936842105266,0.22,True
HL=1,2023/24,serie-a,Juventus Turin,0.08018936842105263,0.053,False
HL=1,2023/24,serie-a,Lazio Rom,0.0707951052631579,0.077,False
HL=1,2023/24,serie-a,SSC Neapel,0.2943083157894738,0.468,False
HL=1,2023/24,serie-a,Sassuolo Calcio,0.19628763157894735,0.001,False
HL=1,2023/24,serie-a,US Lecce,0.04986436842105262,0.001,False
HL=1,2023/24,serie-a,US Salernitana,0.2348453684210526,0.001,False
HL=1,2023/24,serie-a,Udinese Calcio,0.07400468421052632,0.001,False
HL=2,2016/17,bundesliga,1. FC Köln,0.19547376470588235,0.002,False
HL=2,2016/17,bundesliga,1. FSV Mainz 05,0.24638123529411762,0.005,False
HL=2,2016/17,bundesliga,Bayer 04 Leverkusen,0.33468088235294124,0.028,False
HL=2,2016/17,bundesliga,Bayern München,0.0016270000000000008,0.841,True
HL=2,2016/17,bundesliga,Bor. Mönchengladbach,0.13953576470588236,0.017,False
HL=2,2016/17,bundesliga,Borussia Dortmund,0.02475858823529412,0.095,False
HL=2,2016/17,bundesliga,Eintracht Frankfurt,0.072542,0.0,False
HL=2,2016/17,bundesliga,FC Augsburg,0.09706876470588235,0.0,False
HL=2,2016/17,bundesliga,FC Ingolstadt 04,0.24350505882352938,0.003,False
HL=2,2016/17,bundesliga,FC Schalke 04,0.10633205882352939,0.003,False
HL=2,2016/17,bundesliga,Hamburger SV,0.06333982352941177,0.002,False
HL=2,2016/17,bundesliga,Hertha BSC,0.16451617647058825,0.0,False
HL=2,2016/17,bundesliga,RB Leipzig,0.7415826470588235,0.0,False
HL=2,2016/17,bundesliga,SC Freiburg,0.36695941176470587,0.0,False
HL=2,2016/17,bundesliga,SV Darmstadt 98,0.2267444117647059,0.0,False
HL=2,2016/17,bundesliga,TSG Hoffenheim,0.3027302941176471,0.001,False
HL=2,2016/17,bundesliga,VfL Wolfsburg,0.35061088235294124,0.003,False
HL=2,2016/17,bundesliga,Werder Bremen,0.1381465294117647,0.0,False
HL=2,2016/17,la-liga,Athletic Bilbao,0.04648673684210527,0.003,False
HL=2,2016/17,la-liga,Atletico Madrid,0.010441263157894736,0.089,False
HL=2,2016/17,la-liga,CA Osasuna,0.04789605263157896,0.0,False
HL=2,2016/17,la-liga,CD Leganes,0.03856215789473683,0.0,False
HL=2,2016/17,la-liga,Celta Vigo,0.12647147368421058,0.0,False
HL=2,2016/17,la-liga,Deportivo Alaves,0.20510599999999998,0.001,False
HL=2,2016/17,la-liga,Deportivo La Coruna,0.06921552631578948,0.0,False
HL=2,2016/17,la-liga,Espanyol Barcelona,0.21482821052631584,0.0,False
HL=2,2016/17,la-liga,FC Barcelona,0.018450052631578947,0.577,False
HL=2,2016/17,la-liga,FC Granada,0.15702631578947365,0.0,False
HL=2,2016/17,la-liga,FC Malaga,0.06042457894736842,0.0,False
HL=2,2016/17,la-liga,FC Sevilla,0.12904336842105266,0.0,False
HL=2,2016/17,la-liga,FC Valencia,0.12739173684210528,0.0,False
HL=2,2016/17,la-liga,FC Villarreal,0.0682712105263158,0.001,False
HL=2,2016/17,la-liga,Real Betis Sevilla,0.06056605263157896,0.0,False
HL=2,2016/17,la-liga,Real Madrid,0.026948631578947363,0.328,True
HL=2,2016/17,la-liga,Real Sociedad San Sebastian,0.11723842105263156,0.0,False
HL=2,2016/17,la-liga,SD Eibar,0.12564794736842105,0.0,False
HL=2,2016/17,la-liga,Sporting Gijon,0.12530721052631577,0.0,False
HL=2,2016/17,la-liga,UD Las Palmas,0.13328073684210529,0.001,False
HL=2,2016/17,ligue-1,AS Monaco,0.2145322631578947,0.081,True
HL=2,2016/17,ligue-1,AS Nancy,0.04057905263157895,0.001,False
HL=2,2016/17,ligue-1,AS St. Etienne,0.07945742105263157,0.048,False
HL=2,2016/17,ligue-1,Angers SCO,0.08365942105263158,0.035,False
HL=2,2016/17,ligue-1,Dijon FCO,0.0644987894736842,0.001,False
HL=2,2016/17,ligue-1,EA Guingamp,0.07623436842105265,0.032,False
HL=2,2016/17,ligue-1,FC Lorient,0.23152563157894726,0.029,False
HL=2,2016/17,ligue-1,FC Metz,0.120977,0.002,False
HL=2,2016/17,ligue-1,FC Nantes,0.12145778947368427,0.022,False
HL=2,2016/17,ligue-1,FC Toulouse,0.09454705263157892,0.027,False
HL=2,2016/17,ligue-1,Girondins Bordeaux,0.12571036842105263,0.052,False
HL=2,2016/17,ligue-1,Lille OSC,0.12251115789473682,0.087,False
HL=2,2016/17,ligue-1,Montpellier HSC,0.151508052631579,0.036,False
HL=2,2016/17,ligue-1,OGC Nizza,0.14926936842105257,0.072,False
HL=2,2016/17,ligue-1,Olympique Lyon,0.1287447894736842,0.068,False
HL=2,2016/17,ligue-1,Olympique Marseille,0.1373997368421053,0.05,False
HL=2,2016/17,ligue-1,Paris St. Germain,0.06991715789473682,0.242,False
HL=2,2016/17,ligue-1,SC Bastia,0.3820639473684212,0.04,False
HL=2,2016/17,ligue-1,SM Caen,0.22383652631578946,0.029,False
HL=2,2016/17,ligue-1,Stade Rennes,0.07888842105263161,0.046,False
HL=2,2016/17,premier-league,AFC Bournemouth,0.21534673684210529,0.0,False
HL=2,2016/17,premier-league,AFC Sunderland,0.18872610526315792,0.001,False
HL=2,2016/17,premier-league,Crystal Palace,0.05306915789473685,0.001,False
HL=2,2016/17,premier-league,FC Arsenal,0.044789631578947386,0.144,False
HL=2,2016/17,premier-league,FC Burnley,0.059555789473684194,0.0,False
HL=2,2016/17,premier-league,FC Chelsea,0.16111857894736845,0.081,True
HL=2,2016/17,premier-league,FC Everton,0.11842673684210529,0.007,False
HL=2,2016/17,premier-league,FC Liverpool,0.07017442105263157,0.07,False
HL=2,2016/17,premier-league,FC Middlesbrough,0.05265589473684212,0.001,False
HL=2,2016/17,premier-league,FC Southampton,0.07905626315789473,0.096,False
HL=2,2016/17,premier-league,FC Watford,0.09612805263157892,0.0,False
HL=2,2016/17,premier-league,Hull City,0.037996526315789474,0.0,False
HL=2,2016/17,premier-league,Leicester City,0.31623942105263164,0.232,False
HL=2,2016/17,premier-league,Manchester City,0.03914263157894737,0.19,False
HL=2,2016/17,premier-league,Manchester United,0.04997494736842106,0.108,False
HL=2,2016/17,premier-league,Stoke City,0.05393336842105263,0.001,False
HL=2,2016/17,premier-league,Swansea City,0.10376331578947369,0.002,False
HL=2,2016/17,premier-league,Tottenham Hotspur,0.14801457894736844,0.06,False
HL=2,2016/17,premier-league,West Bromwich Albion,0.1370062105263158,0.0,False
HL=2,2016/17,premier-league,West Ham United,0.05636278947368421,0.006,False
HL=2,2016/17,serie-a,AC Chievo Verona,0.06290157894736843,0.0,False
HL=2,2016/17,serie-a,AC Florenz,0.06651442105263157,0.023,False
HL=2,2016/17,serie-a,AC Mailand,0.051498368421052626,0.015,False
HL=2,2016/17,serie-a,AS Rom,0.032000421052631574,0.134,False
HL=2,2016/17,serie-a,Atalanta Bergamo,0.30659526315789476,0.0,False
HL=2,2016/17,serie-a,CFC Genua 1893,0.18610305263157895,0.002,False
HL=2,2016/17,serie-a,Cagliari Calcio,0.22401973684210522,0.0,False
HL=2,2016/17,serie-a,Delfino Pescara 1936,0.020695421052631585,0.0,False
HL=2,2016/17,serie-a,FC Bologna,0.04870826315789474,0.0,False
HL=2,2016/17,serie-a,FC Crotone,0.03580205263157895,0.0,False
HL=2,2016/17,serie-a,FC Empoli,0.21826315789473677,0.001,False
HL=2,2016/17,serie-a,FC Turin,0.058619789473684215,0.001,False
HL=2,2016/17,serie-a,Inter Mailand,0.04695594736842107,0.016,False
HL=2,2016/17,serie-a,Juventus Turin,0.008509421052631578,0.638,True
HL=2,2016/17,serie-a,Lazio Rom,0.07832352631578948,0.009,False
HL=2,2016/17,serie-a,SSC Neapel,0.023746894736842106,0.152,False
HL=2,2016/17,serie-a,Sampdoria Genua,0.1006234210526316,0.0,False
HL=2,2016/17,serie-a,Sassuolo Calcio,0.1128134736842105,0.008,False
HL=2,2016/17,serie-a,US Palermo,0.1684075789473684,0.0,False
HL=2,2016/17,serie-a,Udinese Calcio,0.05730747368421052,0.001,False
HL=2,2017/18,bundesliga,1. FC Köln,0.4139805294117646,0.004,False
HL=2,2017/18,bundesliga,1. FSV Mainz 05,0.09349264705882354,0.0,False
HL=2,2017/18,bundesliga,Bayer 04 Leverkusen,0.08353599999999999,0.002,False
HL=2,2017/18,bundesliga,Bayern München,0.0026448235294117633,0.798,True
HL=2,2017/18,bundesliga,Bor. Mönchengladbach,0.07604076470588234,0.004,False
HL=2,2017/18,bundesliga,Borussia Dortmund,0.04038205882352941,0.072,False
HL=2,2017/18,bundesliga,Eintracht Frankfurt,0.17846729411764706,0.0,False
HL=2,2017/18,bundesliga,FC Augsburg,0.06516135294117648,0.0,False
HL=2,2017/18,bundesliga,FC Schalke 04,0.22816082352941178,0.0,False
HL=2,2017/18,bundesliga,Hamburger SV,0.12638870588235293,0.001,False
HL=2,2017/18,bundesliga,Hannover 96,0.13769070588235294,0.0,False
HL=2,2017/18,bundesliga,Hertha BSC,0.07210252941176472,0.001,False
HL=2,2017/18,bundesliga,RB Leipzig,0.10510547058823529,0.107,False
HL=2,2017/18,bundesliga,SC Freiburg,0.09709870588235295,0.0,False
HL=2,2017/18,bundesliga,TSG Hoffenheim,0.12735700000000005,0.009,False
HL=2,2017/18,bundesliga,VfB Stuttgart,0.41250335294117646,0.0,False
HL=2,2017/18,bundesliga,VfL Wolfsburg,0.20088441176470587,0.0,False
HL=2,2017/18,bundesliga,Werder Bremen,0.06514905882352942,0.002,False
HL=2,2017/18,la-liga,Athletic Bilbao,0.3352665789473685,0.004,False
HL=2,2017/18,la-liga,Atletico Madrid,0.03545015789473684,0.083,False
HL=2,2017/18,la-liga,CD Leganes,0.11632505263157893,0.0,False
HL=2,2017/18,la-liga,Celta Vigo,0.052317947368421075,0.0,False
HL=2,2017/18,la-liga,Deportivo Alaves,0.18515052631578946,0.005,False
HL=2,2017/18,la-liga,Deportivo La Coruna,0.10116478947368421,0.0,False
HL=2,2017/18,la-liga,Espanyol Barcelona,0.057621315789473694,0.0,False
HL=2,2017/18,la-liga,FC Barcelona,0.009366421052631583,0.596,True
HL=2,2017/18,la-liga,FC Getafe,0.4465466315789473,0.0,False
HL=2,2017/18,la-liga,FC Girona,0.3063425789473684,0.0,False
HL=2,2017/18,la-liga,FC Malaga,0.35831557894736843,0.0,False
HL=2,2017/18,la-liga,FC Sevilla,0.04529700000000001,0.005,False
HL=2,2017/18,la-liga,FC Valencia,0.18957105263157895,0.001,False
HL=2,2017/18,la-liga,FC Villarreal,0.048322894736842106,0.004,False
HL=2,2017/18,la-liga,Real Betis Sevilla,0.3403791052631579,0.0,False
HL=2,2017/18,la-liga,Real Madrid,0.03449878947368421,0.302,False
HL=2,2017/18,la-liga,Real Sociedad San Sebastian,0.07719826315789473,0.0,False
HL=2,2017/18,la-liga,SD Eibar,0.06250715789473683,0.0,False
HL=2,2017/18,la-liga,UD Las Palmas,0.16058910526315787,0.0,False
HL=2,2017/18,la-liga,UD Levante,0.08908736842105265,0.0,False
HL=2,2017/18,ligue-1,AS Monaco,0.02328689473684211,0.656,False
HL=2,2017/18,ligue-1,AS St. Etienne,0.11097705263157893,0.001,False
HL=2,2017/18,ligue-1,Angers SCO,0.09650973684210526,0.001,False
HL=2,2017/18,ligue-1,Dijon FCO,0.058225947368421065,0.001,False
HL=2,2017/18,ligue-1,EA Guingamp,0.058025105263157926,0.001,False
HL=2,2017/18,ligue-1,ES Troyes AC,0.0665384210526316,0.0,False
HL=2,2017/18,ligue-1,FC Metz,0.1474721578947368,0.0,False
HL=2,2017/18,ligue-1,FC Nantes,0.07371557894736842,0.0,False
HL=2,2017/18,ligue-1,FC Toulouse,0.22741200000000003,0.0,False
HL=2,2017/18,ligue-1,Girondins Bordeaux,0.042910736842105265,0.01,False
HL=2,2017/18,ligue-1,Lille OSC,0.20498668421052638,0.001,False
HL=2,2017/18,ligue-1,Montpellier HSC,0.1258718947368421,0.0,False
HL=2,2017/18,ligue-1,OGC Nizza,0.10846484210526318,0.022,False
HL=2,2017/18,ligue-1,Olympique Lyon,0.0499337894736842,0.026,False
HL=2,2017/18,ligue-1,Olympique Marseille,0.04017278947368421,0.019,False
HL=2,2017/18,ligue-1,Paris St. Germain,0.035643894736842104,0.262,True
HL=2,2017/18,ligue-1,Racing Straßburg,0.06060394736842106,0.0,False
HL=2,2017/18,ligue-1,SC Amiens,0.12622600000000003,0.0,False
HL=2,2017/18,ligue-1,SM Caen,0.05105315789473685,0.0,False
HL=2,2017/18,ligue-1,Stade Rennes,0.2002663157894737,0.0,False
HL=2,2017/18,premier-league,AFC Bournemouth,0.05583494736842107,0.002,False
HL=2,2017/18,premier-league,Brighton &amp; Hove Albion,0.09329810526315789,0.0,False
HL=2,2017/18,premier-league,Crystal Palace,0.06444236842105265,0.002,False
HL=2,2017/18,premier-league,FC Arsenal,0.048733000000000005,0.097,False
HL=2,2017/18,premier-league,FC Burnley,0.26663431578947366,0.0,False
HL=2,2017/18,premier-league,FC Chelsea,0.07061063157894738,0.27,False
HL=2,2017/18,premier-league,FC Everton,0.04135184210526316,0.007,False
HL=2,2017/18,premier-league,FC Liverpool,0.03787221052631579,0.093,False
HL=2,2017/18,premier-league,FC Southampton,0.2915672105263158,0.008,False
HL=2,2017/18,premier-league,FC Watford,0.058978473684210546,0.0,False
HL=2,2017/18,premier-league,Huddersfield Town,0.06423021052631579,0.0,False
HL=2,2017/18,premier-league,Leicester City,0.0470618947368421,0.005,False
HL=2,2017/18,premier-league,Manchester City,0.07413252631578947,0.191,True
HL=2,2017/18,premier-league,Manchester United,0.09148936842105262,0.078,False
HL=2,2017/18,premier-league,Newcastle United,0.2973706315789474,0.0,False
HL=2,2017/18,premier-league,Stoke City,0.192949947368421,0.0,False
HL=2,2017/18,premier-league,Swansea City,0.16588484210526314,0.001,False
HL=2,2017/18,premier-league,Tottenham Hotspur,0.02790694736842106,0.246,False
HL=2,2017/18,premier-league,West Bromwich Albion,0.23891257894736842,0.0,False
HL=2,2017/18,premier-league,West Ham United,0.058700894736842125,0.0,False
HL=2,2017/18,serie-a,AC Chievo Verona,0.046973263157894726,0.0,False
HL=2,2017/18,serie-a,AC Florenz,0.04721152631578949,0.002,False
HL=2,2017/18,serie-a,AC Mailand,0.053738999999999995,0.01,False
HL=2,2017/18,serie-a,AS Rom,0.019543999999999995,0.208,False
HL=2,2017/18,serie-a,Atalanta Bergamo,0.044365684210526314,0.005,False
HL=2,2017/18,serie-a,Benevento Calcio,0.0648068947368421,0.0,False
HL=2,2017/18,serie-a,CFC Genua 1893,0.06772389473684211,0.0,False
HL=2,2017/18,serie-a,Cagliari Calcio,0.06018684210526317,0.001,False
HL=2,2017/18,serie-a,FC Bologna,0.05159442105263159,0.0,False
HL=2,2017/18,serie-a,FC Crotone,0.14779731578947364,0.0,False
HL=2,2017/18,serie-a,FC Turin,0.05060305263157896,0.002,False
HL=2,2017/18,serie-a,Hellas Verona,0.04908010526315789,0.0,False
HL=2,2017/18,serie-a,Inter Mailand,0.0547978947368421,0.013,False
HL=2,2017/18,serie-a,Juventus Turin,0.019016947368421053,0.474,True
HL=2,2017/18,serie-a,Lazio Rom,0.07311642105263157,0.01,False
HL=2,2017/18,serie-a,SPAL Ferrara,0.03831652631578947,0.0,False
HL=2,2017/18,serie-a,SSC Neapel,0.015422736842105258,0.273,False
HL=2,2017/18,serie-a,Sampdoria Genua,0.0736394736842105,0.0,False
HL=2,2017/18,serie-a,Sassuolo Calcio,0.05743947368421054,0.002,False
HL=2,2017/18,serie-a,Udinese Calcio,0.051662736842105275,0.0,False
HL=2,2018/19,bundesliga,1. FC Nürnberg,0.06738341176470589,0.0,False
HL=2,2018/19,bundesliga,1. FSV Mainz 05,0.06150952941176473,0.0,False
HL=2,2018/19,bundesliga,Bayer 04 Leverkusen,0.07576735294117648,0.017,False
HL=2,2018/19,bundesliga,Bayern München,0.0008969411764705882,0.884,True
HL=2,2018/19,bundesliga,Bor. Mönchengladbach,0.11404652941176467,0.003,False
HL=2,2018/19,bundesliga,Borussia Dortmund,0.07189023529411764,0.034,False
HL=2,2018/19,bundesliga,Eintracht Frankfurt,0.13880135294117646,0.0,False
HL=2,2018/19,bundesliga,FC Augsburg,0.11540999999999998,0.0,False
HL=2,2018/19,bundesliga,FC Schalke 04,0.3679257647058824,0.017,False
HL=2,2018/19,bundesliga,Fortuna Düsseldorf,0.17022023529411767,0.002,False
HL=2,2018/19,bundesliga,Hannover 96,0.10611358823529414,0.0,False
HL=2,2018/19,bundesliga,Hertha BSC,0.06322635294117647,0.0,False
HL=2,2018/19,bundesliga,RB Leipzig,0.07841376470588235,0.025,False
HL=2,2018/19,bundesliga,SC Freiburg,0.05985523529411763,0.0,False
HL=2,2018/19,bundesliga,TSG Hoffenheim,0.1062621176470588,0.014,False
HL=2,2018/19,bundesliga,VfB Stuttgart,0.24021182352941176,0.002,False
HL=2,2018/19,bundesliga,VfL Wolfsburg,0.20995382352941175,0.0,False
HL=2,2018/19,bundesliga,Werder Bremen,0.08373311764705882,0.002,False
HL=2,2018/19,la-liga,Athletic Bilbao,0.07477084210526314,0.0,False
HL=2,2018/19,la-liga,Atletico Madrid,0.028126210526315785,0.094,False
HL=2,2018/19,la-liga,CD Leganes,0.06760873684210526,0.0,False
HL=2,2018/19,la-liga,Celta Vigo,0.11836436842105263,0.001,False
HL=2,2018/19,la-liga,Deportivo Alaves,0.06692968421052631,0.0,False
HL=2,2018/19,la-liga,Espanyol Barcelona,0.1609421052631579,0.001,False
HL=2,2018/19,la-liga,FC Barcelona,0.007054631578947366,0.65,True
HL=2,2018/19,la-liga,FC Getafe,0.21373794736842106,0.0,False
HL=2,2018/19,la-liga,FC Girona,0.20958899999999997,0.003,False
HL=2,2018/19,la-liga,FC Sevilla,0.10597178947368423,0.001,False
HL=2,2018/19,la-liga,FC Valencia,0.08254673684210526,0.01,False
HL=2,2018/19,la-liga,FC Villarreal,0.25000247368421047,0.004,False
HL=2,2018/19,la-liga,Rayo Vallecano,0.05770684210526316,0.0,False
HL=2,2018/19,la-liga,Real Betis Sevilla,0.07775178947368419,0.0,False
HL=2,2018/19,la-liga,Real Madrid,0.024215526315789476,0.235,False
HL=2,2018/19,la-liga,Real Sociedad San Sebastian,0.06108652631578946,0.001,False
HL=2,2018/19,la-liga,Real Valladolid,0.0463081052631579,0.0,False
HL=2,2018/19,la-liga,SD Eibar,0.07333642105263159,0.0,False
HL=2,2018/19,la-liga,SD Huesca,0.039155210526315785,0.0,False
HL=2,2018/19,la-liga,UD Levante,0.05333684210526316,0.0,False
HL=2,2018/19,ligue-1,AS Monaco,0.6869975789473687,0.218,False
HL=2,2018/19,ligue-1,AS St. Etienne,0.1966981578947368,0.001,False
HL=2,2018/19,ligue-1,Angers SCO,0.059045052631578956,0.0,False
HL=2,2018/19,ligue-1,Dijon FCO,0.20689631578947368,0.0,False
HL=2,2018/19,ligue-1,EA Guingamp,0.2663767894736842,0.0,False
HL=2,2018/19,ligue-1,FC Nantes,0.05984157894736843,0.0,False
HL=2,2018/19,ligue-1,FC Toulouse,0.07039426315789477,0.0,False
HL=2,2018/19,ligue-1,Girondins Bordeaux,0.240826,0.003,False
HL=2,2018/19,ligue-1,Lille OSC,0.5431779473684211,0.0,False
HL=2,2018/19,ligue-1,Montpellier HSC,0.16322842105263155,0.001,False
HL=2,2018/19,ligue-1,OGC Nizza,0.0505842105263158,0.002,False
HL=2,2018/19,ligue-1,Olympique Lyon,0.02299131578947367,0.101,False
HL=2,2018/19,ligue-1,Olympique Marseille,0.03687336842105263,0.064,False
HL=2,2018/19,ligue-1,Olympique Nimes,0.3123105263157894,0.0,False
HL=2,2018/19,ligue-1,Paris St. Germain,0.010071842105263159,0.604,True
HL=2,2018/19,ligue-1,Racing Straßburg,0.11399357894736846,0.0,False
HL=2,2018/19,ligue-1,SC Amiens,0.1665948421052632,0.002,False
HL=2,2018/19,ligue-1,SM Caen,0.05084563157894737,0.0,False
HL=2,2018/19,ligue-1,Stade Reims,0.37009131578947363,0.0,False
HL=2,2018/19,ligue-1,Stade Rennes,0.06098515789473685,0.004,False
HL=2,2018/19,premier-league,AFC Bournemouth,0.06757936842105265,0.0,False
HL=2,2018/19,premier-league,Brighton &amp; Hove Albion,0.10004926315789475,0.0,False
HL=2,2018/19,premier-league,Cardiff City,0.041431789473684213,0.0,False
HL=2,2018/19,premier-league,Crystal Palace,0.05606357894736843,0.0,False
HL=2,2018/19,premier-league,FC Arsenal,0.03247536842105262,0.035,False
HL=2,2018/19,premier-league,FC Burnley,0.10442410526315787,0.001,False
HL=2,2018/19,premier-league,FC Chelsea,0.044691578947368416,0.063,False
HL=2,2018/19,premier-league,FC Everton,0.0573877894736842,0.002,False
HL=2,2018/19,premier-league,FC Fulham,0.053056421052631586,0.0,False
HL=2,2018/19,premier-league,FC Liverpool,0.058426105263157904,0.096,False
HL=2,2018/19,premier-league,FC Southampton,0.15848268421052633,0.0,False
HL=2,2018/19,premier-league,FC Watford,0.13769015789473685,0.0,False
HL=2,2018/19,premier-league,Huddersfield Town,0.127338,0.0,False
HL=2,2018/19,premier-league,Leicester City,0.05978389473684214,0.002,False
HL=2,2018/19,premier-league,Manchester City,0.016465421052631577,0.531,True
HL=2,2018/19,premier-league,Manchester United,0.06733489473684211,0.109,False
HL=2,2018/19,premier-league,Newcastle United,0.05260973684210526,0.0,False
HL=2,2018/19,premier-league,Tottenham Hotspur,0.030687684210526315,0.16,False
HL=2,2018/19,premier-league,West Ham United,0.07837305263157894,0.0,False
HL=2,2018/19,premier-league,Wolverhampton Wanderers,0.3952064736842105,0.001,False
HL=2,2018/19,serie-a,AC Chievo Verona,0.19333921052631578,0.0,False
HL=2,2018/19,serie-a,AC Florenz,0.20085484210526322,0.009,False
HL=2,2018/19,serie-a,AC Mailand,0.05068947368421052,0.014,False
HL=2,2018/19,serie-a,AS Rom,0.08024363157894737,0.135,False
HL=2,2018/19,serie-a,Atalanta Bergamo,0.165502052631579,0.008,False
HL=2,2018/19,serie-a,CFC Genua 1893,0.11776657894736844,0.001,False
HL=2,2018/19,serie-a,Cagliari Calcio,0.04772178947368422,0.0,False
HL=2,2018/19,serie-a,FC Bologna,0.14206994736842105,0.0,False
HL=2,2018/19,serie-a,FC Empoli,0.043608947368421046,0.0,False
HL=2,2018/19,serie-a,FC Turin,0.05758521052631578,0.005,False
HL=2,2018/19,serie-a,Frosinone Calcio,0.03384363157894737,0.0,False
HL=2,2018/19,serie-a,Inter Mailand,0.041531999999999986,0.04,False
HL=2,2018/19,serie-a,Juventus Turin,0.015549263157894736,0.528,True
HL=2,2018/19,serie-a,Lazio Rom,0.08091447368421051,0.031,False
HL=2,2018/19,serie-a,Parma Calcio,0.04951931578947368,0.0,False
HL=2,2018/19,serie-a,SPAL Ferrara,0.054997105263157896,0.001,False
HL=2,2018/19,serie-a,SSC Neapel,0.021042789473684213,0.227,False
HL=2,2018/19,serie-a,Sampdoria Genua,0.08706005263157897,0.0,False
HL=2,2018/19,serie-a,Sassuolo Calcio,0.05770847368421053,0.0,False
HL=2,2018/19,serie-a,Udinese Calcio,0.06453689473684208,0.001,False
HL=2,2019/20,bundesliga,1. FC Köln,0.041606235294117645,0.0,False
HL=2,2019/20,bundesliga,1. FC Union Berlin,0.20005647058823528,0.0,False
HL=2,2019/20,bundesliga,1. FSV Mainz 05,0.07718017647058825,0.0,False
HL=2,2019/20,bundesliga,Bayer 04 Leverkusen,0.046651176470588245,0.017,False
HL=2,2019/20,bundesliga,Bayern München,0.003082176470588233,0.783,True
HL=2,2019/20,bundesliga,Bor. Mönchengladbach,0.13413247058823535,0.008,False
HL=2,2019/20,bundesliga,Borussia Dortmund,0.053665705882352935,0.069,False
HL=2,2019/20,bundesliga,Eintracht Frankfurt,0.05825988235294119,0.002,False
HL=2,2019/20,bundesliga,FC Augsburg,0.05255988235294118,0.0,False
HL=2,2019/20,bundesliga,FC Schalke 04,0.07471364705882354,0.0,False
HL=2,2019/20,bundesliga,Fortuna Düsseldorf,0.25113429411764704,0.002,False
HL=2,2019/20,bundesliga,Hertha BSC,0.07141717647058823,0.0,False
HL=2,2019/20,bundesliga,RB Leipzig,0.02607570588235295,0.098,False
HL=2,2019/20,bundesliga,SC Freiburg,0.1909355294117647,0.0,False
HL=2,2019/20,bundesliga,SC Paderborn 07,0.05207376470588237,0.0,False
HL=2,2019/20,bundesliga,TSG Hoffenheim,0.057358529411764725,0.011,False
HL=2,2019/20,bundesliga,VfL Wolfsburg,0.0714348235294118,0.005,False
HL=2,2019/20,bundesliga,Werder Bremen,0.3450644705882352,0.005,False
HL=2,2019/20,la-liga,Athletic Bilbao,0.06740384210526316,0.003,False
HL=2,2019/20,la-liga,Atletico Madrid,0.02132205263157895,0.147,False
HL=2,2019/20,la-liga,CA Osasuna,0.3657698421052632,0.0,False
HL=2,2019/20,la-liga,CD Leganes,0.18461242105263154,0.0,False
HL=2,2019/20,la-liga,Celta Vigo,0.12805636842105259,0.0,False
HL=2,2019/20,la-liga,Deportivo Alaves,0.12389794736842108,0.0,False
HL=2,2019/20,la-liga,Espanyol Barcelona,0.35957342105263157,0.003,False
HL=2,2019/20,la-liga,FC Barcelona,0.025310789473684214,0.68,False
HL=2,2019/20,la-liga,FC Getafe,0.06001700000000001,0.003,False
HL=2,2019/20,la-liga,FC Granada,0.5419526315789472,0.0,False
HL=2,2019/20,la-liga,FC Sevilla,0.13944689473684213,0.007,False
HL=2,2019/20,la-liga,FC Valencia,0.10395873684210526,0.02,False
HL=2,2019/20,la-liga,FC Villarreal,0.10357236842105265,0.006,False
HL=2,2019/20,la-liga,RCD Mallorca,0.06386757894736841,0.001,False
HL=2,2019/20,la-liga,Real Betis Sevilla,0.08608415789473686,0.0,False
HL=2,2019/20,la-liga,Real Madrid,0.075201,0.123,True
HL=2,2019/20,la-liga,Real Sociedad San Sebastian,0.1057127894736842,0.003,False
HL=2,2019/20,la-liga,Real Valladolid,0.06930631578947369,0.002,False
HL=2,2019/20,la-liga,SD Eibar,0.10828752631578945,0.002,False
HL=2,2019/20,la-liga,UD Levante,0.0593858947368421,0.0,False
HL=2,2019/20,ligue-1,AS Monaco,0.06269115789473685,0.006,False
HL=2,2019/20,ligue-1,AS St. Etienne,0.38895068421052637,0.032,False
HL=2,2019/20,ligue-1,Angers SCO,0.09184047368421053,0.002,False
HL=2,2019/20,ligue-1,Dijon FCO,0.044188684210526304,0.002,False
HL=2,2019/20,ligue-1,FC Metz,0.16453815789473686,0.0,False
HL=2,2019/20,ligue-1,FC Nantes,0.07017289473684211,0.005,False
HL=2,2019/20,ligue-1,FC Toulouse,0.13816415789473682,0.0,False
HL=2,2019/20,ligue-1,Girondins Bordeaux,0.05859605263157893,0.006,False
HL=2,2019/20,ligue-1,Lille OSC,0.07205784210526314,0.04,False
HL=2,2019/20,ligue-1,Montpellier HSC,0.06558973684210526,0.006,False
HL=2,2019/20,ligue-1,OGC Nizza,0.12305321052631578,0.006,False
HL=2,2019/20,ligue-1,Olympique Lyon,0.1215445263157895,0.148,False
HL=2,2019/20,ligue-1,Olympique Marseille,0.1475366315789474,0.031,False
HL=2,2019/20,ligue-1,Olympique Nimes,0.32812568421052635,0.014,False
HL=2,2019/20,ligue-1,Paris St. Germain,0.007629684210526312,0.668,True
HL=2,2019/20,ligue-1,Racing Straßburg,0.0730995789473684,0.004,False
HL=2,2019/20,ligue-1,SC Amiens,0.1655037894736842,0.001,False
HL=2,2019/20,ligue-1,Stade Brest,0.13465557894736843,0.0,False
HL=2,2019/20,ligue-1,Stade Reims,0.1243064736842105,0.019,False
HL=2,2019/20,ligue-1,Stade Rennes,0.23805647368421048,0.01,False
HL=2,2019/20,premier-league,AFC Bournemouth,0.1252842105263158,0.0,False
HL=2,2019/20,premier-league,Aston Villa,0.05608773684210526,0.0,False
HL=2,2019/20,premier-league,Brighton &amp; Hove Albion,0.05403484210526316,0.0,False
HL=2,2019/20,premier-league,Crystal Palace,0.11810678947368422,0.001,False
HL=2,2019/20,premier-league,FC Arsenal,0.0708775789473684,0.015,False
HL=2,2019/20,premier-league,FC Burnley,0.11306836842105264,0.001,False
HL=2,2019/20,premier-league,FC Chelsea,0.039068578947368426,0.029,False
HL=2,2019/20,premier-league,FC Everton,0.08883805263157894,0.003,False
HL=2,2019/20,premier-league,FC Liverpool,0.03157463157894737,0.322,True
HL=2,2019/20,premier-league,FC Southampton,0.07358121052631579,0.0,False
HL=2,2019/20,premier-league,FC Watford,0.16620673684210524,0.001,False
HL=2,2019/20,premier-league,Leicester City,0.16384394736842103,0.004,False
HL=2,2019/20,premier-league,Manchester City,0.018255578947368425,0.559,False
HL=2,2019/20,premier-league,Manchester United,0.08845847368421053,0.014,False
HL=2,2019/20,premier-league,Newcastle United,0.058099684210526324,0.001,False
HL=2,2019/20,premier-league,Norwich City,0.0693808947368421,0.0,False
HL=2,2019/20,premier-league,Sheffield United,0.21278836842105267,0.003,False
HL=2,2019/20,premier-league,Tottenham Hotspur,0.047401210526315796,0.043,False
HL=2,2019/20,premier-league,West Ham United,0.13106705263157897,0.0,False
HL=2,2019/20,premier-league,Wolverhampton Wanderers,0.09074657894736841,0.004,False
HL=2,2019/20,serie-a,AC Florenz,0.07405784210526319,0.002,False
HL=2,2019/20,serie-a,AC Mailand,0.04251963157894738,0.035,False
HL=2,2019/20,serie-a,AS Rom,0.03830068421052632,0.095,False
HL=2,2019/20,serie-a,Atalanta Bergamo,0.07799915789473684,0.06,False
HL=2,2019/20,serie-a,Brescia Calcio,0.08483526315789473,0.007,False
HL=2,2019/20,serie-a,CFC Genua 1893,0.07849078947368422,0.0,False
HL=2,2019/20,serie-a,Cagliari Calcio,0.06704552631578949,0.0,False
HL=2,2019/20,serie-a,FC Bologna,0.05386584210526316,0.001,False
HL=2,2019/20,serie-a,FC Turin,0.33756505263157893,0.014,False
HL=2,2019/20,serie-a,Hellas Verona,0.3135308947368421,0.0,False
HL=2,2019/20,serie-a,Inter Mailand,0.09476621052631577,0.078,False
HL=2,2019/20,serie-a,Juventus Turin,0.02337078947368421,0.462,True
HL=2,2019/20,serie-a,Lazio Rom,0.1024593157894737,0.031,False
HL=2,2019/20,serie-a,Parma Calcio,0.1357972631578947,0.0,False
HL=2,2019/20,serie-a,SPAL Ferrara,0.28638042105263145,0.002,False
HL=2,2019/20,serie-a,SSC Neapel,0.138007,0.211,False
HL=2,2019/20,serie-a,Sampdoria Genua,0.10238899999999998,0.0,False
HL=2,2019/20,serie-a,Sassuolo Calcio,0.17162410526315788,0.0,False
HL=2,2019/20,serie-a,US Lecce,0.056521578947368416,0.001,False
HL=2,2019/20,serie-a,Udinese Calcio,0.04805489473684211,0.001,False
HL=2,2020/21,bundesliga,1. FC Köln,0.09051111764705883,0.001,False
HL=2,2020/21,bundesliga,1. FC Union Berlin,0.1821072941176471,0.0,False
HL=2,2020/21,bundesliga,1. FSV Mainz 05,0.056697294117647075,0.0,False
HL=2,2020/21,bundesliga,Arminia Bielefeld,0.06897382352941178,0.001,False
HL=2,2020/21,bundesliga,Bayer 04 Leverkusen,0.04648876470588235,0.027,False
HL=2,2020/21,bundesliga,Bayern München,0.00363070588235294,0.767,True
HL=2,2020/21,bundesliga,Bor. Mönchengladbach,0.08696464705882355,0.015,False
HL=2,2020/21,bundesliga,Borussia Dortmund,0.030039999999999994,0.068,False
HL=2,2020/21,bundesliga,Eintracht Frankfurt,0.1750508823529412,0.0,False
HL=2,2020/21,bundesliga,FC Augsburg,0.05438588235294119,0.0,False
HL=2,2020/21,bundesliga,FC Schalke 04,0.20777899999999996,0.0,False
HL=2,2020/21,bundesliga,Hertha BSC,0.08658876470588235,0.0,False
HL=2,2020/21,bundesliga,RB Leipzig,0.03556994117647059,0.104,False
HL=2,2020/21,bundesliga,SC Freiburg,0.06502170588235294,0.002,False
HL=2,2020/21,bundesliga,TSG Hoffenheim,0.14684117647058822,0.008,False
HL=2,2020/21,bundesliga,VfB Stuttgart,0.2678833529411765,0.0,False
HL=2,2020/21,bundesliga,VfL Wolfsburg,0.16123770588235295,0.006,False
HL=2,2020/21,bundesliga,Werder Bremen,0.18614547058823525,0.001,False
HL=2,2020/21,la-liga,Athletic Bilbao,0.06144631578947369,0.002,False
HL=2,2020/21,la-liga,Atletico Madrid,0.0725592105263158,0.131,True
HL=2,2020/21,la-liga,CA Osasuna,0.10111842105263161,0.001,False
HL=2,2020/21,la-liga,Celta Vigo,0.163226,0.0,False
HL=2,2020/21,la-liga,Deportivo Alaves,0.051314263157894745,0.0,False
HL=2,2020/21,la-liga,FC Barcelona,0.045096368421052635,0.501,False
HL=2,2020/21,la-liga,FC Cadiz,0.13274247368421055,0.016,False
HL=2,2020/21,la-liga,FC Elche,0.055029157894736835,0.0,False
HL=2,2020/21,la-liga,FC Getafe,0.1665334736842105,0.003,False
HL=2,2020/21,la-liga,FC Granada,0.08431963157894737,0.001,False
HL=2,2020/21,la-liga,FC Sevilla,0.05259263157894738,0.021,False
HL=2,2020/21,la-liga,FC Valencia,0.13177942105263152,0.002,False
HL=2,2020/21,la-liga,FC Villarreal,0.04800189473684211,0.005,False
HL=2,2020/21,la-liga,Real Betis Sevilla,0.2605328421052632,0.0,False
HL=2,2020/21,la-liga,Real Madrid,0.015441947368421053,0.31,False
HL=2,2020/21,la-liga,Real Sociedad San Sebastian,0.12145063157894734,0.004,False
HL=2,2020/21,la-liga,Real Valladolid,0.15910099999999996,0.0,False
HL=2,2020/21,la-liga,SD Eibar,0.2639365263157895,0.0,False
HL=2,2020/21,la-liga,SD Huesca,0.07224810526315792,0.002,False
HL=2,2020/21,la-liga,UD Levante,0.08886715789473686,0.001,False
HL=2,2020/21,ligue-1,AS Monaco,0.19291263157894736,0.005,False
HL=2,2020/21,ligue-1,AS St. Etienne,0.0690192105263158,0.001,False
HL=2,2020/21,ligue-1,Angers SCO,0.06309673684210527,0.001,False
HL=2,2020/21,ligue-1,Dijon FCO,0.1605487894736842,0.0,False
HL=2,2020/21,ligue-1,FC Lorient,0.07738099999999998,0.0,False
HL=2,2020/21,ligue-1,FC Metz,0.20658036842105262,0.0,False
HL=2,2020/21,ligue-1,FC Nantes,0.20356652631578942,0.001,False
HL=2,2020/21,ligue-1,Girondins Bordeaux,0.08281626315789477,0.007,False
HL=2,2020/21,ligue-1,Lille OSC,0.20346957894736847,0.017,True
HL=2,2020/21,ligue-1,Montpellier HSC,0.07704315789473686,0.003,False
HL=2,2020/21,ligue-1,OGC Nizza,0.06695147368421049,0.008,False
HL=2,2020/21,ligue-1,Olympique Lyon,0.043668421052631586,0.05,False
HL=2,2020/21,ligue-1,Olympique Marseille,0.04809542105263161,0.054,False
HL=2,2020/21,ligue-1,Olympique Nimes,0.18691989473684206,0.002,False
HL=2,2020/21,ligue-1,Paris St. Germain,0.03379005263157895,0.796,False
HL=2,2020/21,ligue-1,RC Lens,0.46560999999999997,0.0,False
HL=2,2020/21,ligue-1,Racing Straßburg,0.16423947368421055,0.007,False
HL=2,2020/21,ligue-1,Stade Brest,0.17438468421052628,0.008,False
HL=2,2020/21,ligue-1,Stade Reims,0.16058705263157896,0.021,False
HL=2,2020/21,ligue-1,Stade Rennes,0.06347578947368421,0.019,False
HL=2,2020/21,premier-league,Aston Villa,0.1998234210526316,0.0,False
HL=2,2020/21,premier-league,Brighton &amp; Hove Albion,0.04993931578947369,0.0,False
HL=2,2020/21,premier-league,Crystal Palace,0.05396063157894737,0.0,False
HL=2,2020/21,premier-league,FC Arsenal,0.05630152631578947,0.022,False
HL=2,2020/21,premier-league,FC Burnley,0.1492248947368421,0.0,False
HL=2,2020/21,premier-league,FC Chelsea,0.062368315789473695,0.026,False
HL=2,2020/21,premier-league,FC Everton,0.05409994736842103,0.001,False
HL=2,2020/21,premier-league,FC Fulham,0.0317708947368421,0.0,False
HL=2,2020/21,premier-league,FC Liverpool,0.03468515789473685,0.377,False
HL=2,2020/21,premier-league,FC Southampton,0.10446463157894736,0.002,False
HL=2,2020/21,premier-league,Leeds United,0.2153587368421053,0.005,False
HL=2,2020/21,premier-league,Leicester City,0.10999868421052632,0.009,False
HL=2,2020/21,premier-league,Manchester City,0.01933678947368421,0.466,True
HL=2,2020/21,premier-league,Manchester United,0.08919684210526316,0.051,False
HL=2,2020/21,premier-league,Newcastle United,0.06665068421052632,0.001,False
HL=2,2020/21,premier-league,Sheffield United,0.379696,0.005,False
HL=2,2020/21,premier-league,Tottenham Hotspur,0.05322599999999998,0.024,False
HL=2,2020/21,premier-league,West Bromwich Albion,0.053894000000000004,0.0,False
HL=2,2020/21,premier-league,West Ham United,0.24351389473684212,0.0,False
HL=2,2020/21,premier-league,Wolverhampton Wanderers,0.17593921052631578,0.011,False
HL=2,2020/21,serie-a,AC Florenz,0.10118889473684209,0.006,False
HL=2,2020/21,serie-a,AC Mailand,0.10155073684210529,0.071,False
HL=2,2020/21,serie-a,AS Rom,0.06726957894736842,0.093,False
HL=2,2020/21,serie-a,Atalanta Bergamo,0.04022694736842104,0.153,False
HL=2,2020/21,serie-a,Benevento Calcio,0.04090594736842105,0.0,False
HL=2,2020/21,serie-a,CFC Genua 1893,0.11851463157894739,0.0,False
HL=2,2020/21,serie-a,Cagliari Calcio,0.06820052631578948,0.0,False
HL=2,2020/21,serie-a,FC Bologna,0.05258305263157896,0.0,False
HL=2,2020/21,serie-a,FC Crotone,0.06881373684210527,0.0,False
HL=2,2020/21,serie-a,FC Turin,0.15076894736842106,0.0,False
HL=2,2020/21,serie-a,Hellas Verona,0.1370932105263158,0.002,False
HL=2,2020/21,serie-a,Inter Mailand,0.0712978947368421,0.22,True
HL=2,2020/21,serie-a,Juventus Turin,0.04438684210526316,0.288,False
HL=2,2020/21,serie-a,Lazio Rom,0.04328857894736843,0.061,False
HL=2,2020/21,serie-a,Parma Calcio,0.3056437368421053,0.001,False
HL=2,2020/21,serie-a,SSC Neapel,0.039036000000000015,0.098,False
HL=2,2020/21,serie-a,Sampdoria Genua,0.11692257894736843,0.001,False
HL=2,2020/21,serie-a,Sassuolo Calcio,0.09415584210526316,0.006,False
HL=2,2020/21,serie-a,Spezia Calcio,0.09003626315789473,0.0,False
HL=2,2020/21,serie-a,Udinese Calcio,0.05311636842105265,0.0,False
HL=2,2021/22,bundesliga,1. FC Köln,0.26674476470588226,0.0,False
HL=2,2021/22,bundesliga,1. FC Union Berlin,0.14206364705882357,0.002,False
HL=2,2021/22,bundesliga,1. FSV Mainz 05,0.12190405882352942,0.0,False
HL=2,2021/22,bundesliga,Arminia Bielefeld,0.08322717647058823,0.001,False
HL=2,2021/22,bundesliga,Bayer 04 Leverkusen,0.12016082352941175,0.017,False
HL=2,2021/22,bundesliga,Bayern München,0.006796176470588241,0.692,True
HL=2,2021/22,bundesliga,Bor. Mönchengladbach,0.10694635294117646,0.014,False
HL=2,2021/22,bundesliga,Borussia Dortmund,0.05217894117647058,0.097,False
HL=2,2021/22,bundesliga,Eintracht Frankfurt,0.1283483529411764,0.016,False
HL=2,2021/22,bundesliga,FC Augsburg,0.04859958823529412,0.0,False
HL=2,2021/22,bundesliga,Hertha BSC,0.12070129411764705,0.0,False
HL=2,2021/22,bundesliga,RB Leipzig,0.039126529411764706,0.114,False
HL=2,2021/22,bundesliga,SC Freiburg,0.17729282352941178,0.0,False
HL=2,2021/22,bundesliga,SpVgg Greuther Fürth,0.09067700000000001,0.003,False
HL=2,2021/22,bundesliga,TSG Hoffenheim,0.05862352941176472,0.017,False
HL=2,2021/22,bundesliga,VfB Stuttgart,0.10916576470588234,0.001,False
HL=2,2021/22,bundesliga,VfL Bochum,0.09347029411764704,0.009,False
HL=2,2021/22,bundesliga,VfL Wolfsburg,0.21242076470588234,0.017,False
HL=2,2021/22,la-liga,Athletic Bilbao,0.0680336315789474,0.002,False
HL=2,2021/22,la-liga,Atletico Madrid,0.017674210526315782,0.177,False
HL=2,2021/22,la-liga,CA Osasuna,0.08949152631578947,0.0,False
HL=2,2021/22,la-liga,Celta Vigo,0.06092315789473685,0.002,False
HL=2,2021/22,la-liga,Deportivo Alaves,0.16812973684210525,0.0,False
HL=2,2021/22,la-liga,Espanyol Barcelona,0.1022016842105263,0.0,False
HL=2,2021/22,la-liga,FC Barcelona,0.015865421052631577,0.413,False
HL=2,2021/22,la-liga,FC Cadiz,0.07156673684210527,0.0,False
HL=2,2021/22,la-liga,FC Elche,0.07804368421052633,0.0,False
HL=2,2021/22,la-liga,FC Getafe,0.08366836842105263,0.0,False
HL=2,2021/22,la-liga,FC Granada,0.16261184210526317,0.0,False
HL=2,2021/22,la-liga,FC Sevilla,0.03660963157894738,0.028,False
HL=2,2021/22,la-liga,FC Valencia,0.05918184210526314,0.001,False
HL=2,2021/22,la-liga,FC Villarreal,0.045296368421052634,0.009,False
HL=2,2021/22,la-liga,RCD Mallorca,0.04992510526315789,0.0,False
HL=2,2021/22,la-liga,Rayo Vallecano,0.18820199999999995,0.0,False
HL=2,2021/22,la-liga,Real Betis Sevilla,0.14757621052631584,0.002,False
HL=2,2021/22,la-liga,Real Madrid,0.029220578947368427,0.361,True
HL=2,2021/22,la-liga,Real Sociedad San Sebastian,0.04546336842105261,0.005,False
HL=2,2021/22,la-liga,UD Levante,0.2330836315789474,0.0,False
HL=2,2021/22,ligue-1,AS Monaco,0.0466923157894737,0.081,False
HL=2,2021/22,ligue-1,AS St. Etienne,0.16672415789473682,0.001,False
HL=2,2021/22,ligue-1,Angers SCO,0.05798731578947368,0.0,False
HL=2,2021/22,ligue-1,Clermont Foot,0.04566363157894737,0.0,False
HL=2,2021/22,ligue-1,ES Troyes AC,0.10308363157894736,0.0,False
HL=2,2021/22,ligue-1,FC Lorient,0.0756223157894737,0.001,False
HL=2,2021/22,ligue-1,FC Metz,0.14988557894736843,0.0,False
HL=2,2021/22,ligue-1,FC Nantes,0.10150121052631579,0.002,False
HL=2,2021/22,ligue-1,Girondins Bordeaux,0.2638845263157894,0.001,False
HL=2,2021/22,ligue-1,Lille OSC,0.2612977894736842,0.119,False
HL=2,2021/22,ligue-1,Montpellier HSC,0.08677194736842106,0.002,False
HL=2,2021/22,ligue-1,OGC Nizza,0.2216055789473684,0.001,False
HL=2,2021/22,ligue-1,Olympique Lyon,0.11475926315789473,0.11,False
HL=2,2021/22,ligue-1,Olympique Marseille,0.18273189473684207,0.009,False
HL=2,2021/22,ligue-1,Paris St. Germain,0.008185578947368417,0.647,True
HL=2,2021/22,ligue-1,RC Lens,0.061352315789473685,0.013,False
HL=2,2021/22,ligue-1,Racing Straßburg,0.16949978947368421,0.004,False
HL=2,2021/22,ligue-1,Stade Brest,0.0831948947368421,0.002,False
HL=2,2021/22,ligue-1,Stade Reims,0.06211831578947371,0.0,False
HL=2,2021/22,ligue-1,Stade Rennes,0.07972668421052632,0.007,False
HL=2,2021/22,premier-league,Aston Villa,0.07051173684210527,0.0,False
HL=2,2021/22,premier-league,Brighton &amp; Hove Albion,0.15465721052631579,0.0,False
HL=2,2021/22,premier-league,Crystal Palace,0.0822225789473684,0.001,False
HL=2,2021/22,premier-league,FC Arsenal,0.04707152631578948,0.024,False
HL=2,2021/22,premier-league,FC Brentford,0.18195973684210529,0.0,False
HL=2,2021/22,premier-league,FC Burnley,0.10705652631578948,0.0,False
HL=2,2021/22,premier-league,FC Chelsea,0.08099142105263157,0.04,False
HL=2,2021/22,premier-league,FC Everton,0.16796968421052627,0.001,False
HL=2,2021/22,premier-league,FC Liverpool,0.042186736842105256,0.146,False
HL=2,2021/22,premier-league,FC Southampton,0.052827368421052644,0.0,False
HL=2,2021/22,premier-league,FC Watford,0.037776526315789476,0.0,False
HL=2,2021/22,premier-league,Leeds United,0.4279297894736844,0.049,False
HL=2,2021/22,premier-league,Leicester City,0.04595763157894738,0.014,False
HL=2,2021/22,premier-league,Manchester City,0.011334631578947374,0.595,True
HL=2,2021/22,premier-league,Manchester United,0.05746452631578947,0.087,False
HL=2,2021/22,premier-league,Newcastle United,0.07684315789473684,0.0,False
HL=2,2021/22,premier-league,Norwich City,0.02245547368421053,0.0,False
HL=2,2021/22,premier-league,Tottenham Hotspur,0.06440052631578949,0.039,False
HL=2,2021/22,premier-league,West Ham United,0.07351605263157894,0.004,False
HL=2,2021/22,premier-league,Wolverhampton Wanderers,0.06644936842105262,0.0,False
HL=2,2021/22,serie-a,AC Florenz,0.1371081578947369,0.002,False
HL=2,2021/22,serie-a,AC Mailand,0.11789268421052632,0.096,True
HL=2,2021/22,serie-a,AS Rom,0.04233126315789475,0.025,False
HL=2,2021/22,serie-a,Atalanta Bergamo,0.15919378947368423,0.15,False
HL=2,2021/22,serie-a,CFC Genua 1893,0.18724889473684206,0.0,False
HL=2,2021/22,serie-a,Cagliari Calcio,0.1284567894736842,0.0,False
HL=2,2021/22,serie-a,FC Bologna,0.052767210526315805,0.0,False
HL=2,2021/22,serie-a,FC Empoli,0.09439236842105263,0.0,False
HL=2,2021/22,serie-a,FC Turin,0.10748826315789475,0.0,False
HL=2,2021/22,serie-a,FC Venedig,0.059490578947368415,0.0,False
HL=2,2021/22,serie-a,Hellas Verona,0.12391378947368425,0.0,False
HL=2,2021/22,serie-a,Inter Mailand,0.023128526315789478,0.362,False
HL=2,2021/22,serie-a,Juventus Turin,0.03480794736842105,0.195,False
HL=2,2021/22,serie-a,Lazio Rom,0.053813578947368414,0.023,False
HL=2,2021/22,serie-a,SSC Neapel,0.035230526315789476,0.142,False
HL=2,2021/22,serie-a,Sampdoria Genua,0.1224330526315789,0.001,False
HL=2,2021/22,serie-a,Sassuolo Calcio,0.06677315789473685,0.004,False
HL=2,2021/22,serie-a,Spezia Calcio,0.09245547368421053,0.0,False
HL=2,2021/22,serie-a,US Salernitana,0.041244315789473684,0.0,False
HL=2,2021/22,serie-a,Udinese Calcio,0.07545268421052631,0.0,False
HL=2,2022/23,bundesliga,1. FC Köln,0.06184476470588236,0.003,False
HL=2,2022/23,bundesliga,1. FC Union Berlin,0.11291288235294115,0.014,False
HL=2,2022/23,bundesliga,1. FSV Mainz 05,0.07340417647058822,0.003,False
HL=2,2022/23,bundesliga,Bayer 04 Leverkusen,0.06153970588235295,0.074,False
HL=2,2022/23,bundesliga,Bayern München,0.012091235294117651,0.609,True
HL=2,2022/23,bundesliga,Bor. Mönchengladbach,0.07722617647058824,0.009,False
HL=2,2022/23,bundesliga,Borussia Dortmund,0.05216911764705882,0.116,False
HL=2,2022/23,bundesliga,Eintracht Frankfurt,0.09513929411764707,0.002,False
HL=2,2022/23,bundesliga,FC Augsburg,0.06384517647058822,0.001,False
HL=2,2022/23,bundesliga,FC Schalke 04,0.022825117647058826,0.0,False
HL=2,2022/23,bundesliga,Hertha BSC,0.14067570588235295,0.0,False
HL=2,2022/23,bundesliga,RB Leipzig,0.026703117647058825,0.148,False
HL=2,2022/23,bundesliga,SC Freiburg,0.13689458823529413,0.005,False
HL=2,2022/23,bundesliga,TSG Hoffenheim,0.08483223529411765,0.005,False
HL=2,2022/23,bundesliga,VfB Stuttgart,0.12066976470588238,0.002,False
HL=2,2022/23,bundesliga,VfL Bochum,0.087247,0.002,False
HL=2,2022/23,bundesliga,VfL Wolfsburg,0.060076294117647054,0.007,False
HL=2,2022/23,bundesliga,Werder Bremen,0.10392505882352941,0.0,False
HL=2,2022/23,la-liga,Athletic Bilbao,0.055222947368421066,0.0,False
HL=2,2022/23,la-liga,Atletico Madrid,0.027413947368421055,0.129,False
HL=2,2022/23,la-liga,CA Osasuna,0.23747357894736842,0.0,False
HL=2,2022/23,la-liga,Celta Vigo,0.07192994736842107,0.002,False
HL=2,2022/23,la-liga,Espanyol Barcelona,0.14618942105263155,0.0,False
HL=2,2022/23,la-liga,FC Barcelona,0.036367052631578946,0.319,True
HL=2,2022/23,la-liga,FC Cadiz,0.09116473684210526,0.0,False
HL=2,2022/23,la-liga,FC Elche,0.20989163157894736,0.001,False
HL=2,2022/23,la-liga,FC Getafe,0.08194494736842108,0.0,False
HL=2,2022/23,la-liga,FC Girona,0.2030368947368421,0.0,False
HL=2,2022/23,la-liga,FC Sevilla,0.21169226315789472,0.03,False
HL=2,2022/23,la-liga,FC Valencia,0.12125699999999998,0.004,False
HL=2,2022/23,la-liga,FC Villarreal,0.038157947368421055,0.03,False
HL=2,2022/23,la-liga,RCD Mallorca,0.20099205263157896,0.0,False
HL=2,2022/23,la-liga,Rayo Vallecano,0.07868526315789474,0.001,False
HL=2,2022/23,la-liga,Real Betis Sevilla,0.050812736842105265,0.008,False
HL=2,2022/23,la-liga,Real Madrid,0.016070473684210523,0.46,False
HL=2,2022/23,la-liga,Real Sociedad San Sebastian,0.1048681052631579,0.016,False
HL=2,2022/23,la-liga,Real Valladolid,0.03476557894736842,0.0,False
HL=2,2022/23,la-liga,UD Almeria,0.05371378947368421,0.0,False
HL=2,2022/23,ligue-1,AC Ajaccio,0.03199810526315789,0.0,False
HL=2,2022/23,ligue-1,AJ Auxerre,0.03416015789473685,0.0,False
HL=2,2022/23,ligue-1,AS Monaco,0.06870031578947369,0.097,False
HL=2,2022/23,ligue-1,Angers SCO,0.20920552631578945,0.0,False
HL=2,2022/23,ligue-1,Clermont Foot,0.2989762105263158,0.001,False
HL=2,2022/23,ligue-1,ES Troyes AC,0.1703115789473684,0.001,False
HL=2,2022/23,ligue-1,FC Lorient,0.1687413157894737,0.0,False
HL=2,2022/23,ligue-1,FC Nantes,0.20612605263157896,0.004,False
HL=2,2022/23,ligue-1,FC Toulouse,0.21817647368421053,0.0,False
HL=2,2022/23,ligue-1,Lille OSC,0.07221026315789472,0.017,False
HL=2,2022/23,ligue-1,Montpellier HSC,0.05560142105263158,0.0,False
HL=2,2022/23,ligue-1,OGC Nizza,0.05189684210526317,0.008,False
HL=2,2022/23,ligue-1,Olympique Lyon,0.0687576842105263,0.061,False
HL=2,2022/23,ligue-1,Olympique Marseille,0.08496315789473685,0.041,False
HL=2,2022/23,ligue-1,Paris St. Germain,0.008123421052631575,0.661,True
HL=2,2022/23,ligue-1,RC Lens,0.1316277368421053,0.035,False
HL=2,2022/23,ligue-1,Racing Straßburg,0.2491176315789473,0.012,False
HL=2,2022/23,ligue-1,Stade Brest,0.07738294736842105,0.003,False
HL=2,2022/23,ligue-1,Stade Reims,0.04976184210526318,0.001,False
HL=2,2022/23,ligue-1,Stade Rennes,0.04127573684210527,0.058,False
HL=2,2022/23,premier-league,AFC Bournemouth,0.08728778947368421,0.0,False
HL=2,2022/23,premier-league,Aston Villa,0.14717031578947373,0.0,False
HL=2,2022/23,premier-league,Brighton &amp; Hove Albion,0.1933878947368421,0.0,False
HL=2,2022/23,premier-league,Crystal Palace,0.069121,0.001,False
HL=2,2022/23,premier-league,FC Arsenal,0.1303236315789474,0.012,False
HL=2,2022/23,premier-league,FC Brentford,0.07740226315789474,0.004,False
HL=2,2022/23,premier-league,FC Chelsea,0.3052622631578948,0.03,False
HL=2,2022/23,premier-league,FC Everton,0.09799378947368421,0.0,False
HL=2,2022/23,premier-league,FC Fulham,0.3455514210526316,0.0,False
HL=2,2022/23,premier-league,FC Liverpool,0.10982410526315786,0.291,False
HL=2,2022/23,premier-league,FC Southampton,0.17060994736842106,0.0,False
HL=2,2022/23,premier-league,Leeds United,0.20156005263157892,0.0,False
HL=2,2022/23,premier-league,Leicester City,0.39876573684210515,0.002,False
HL=2,2022/23,premier-league,Manchester City,0.009045052631578948,0.612,True
HL=2,2022/23,premier-league,Manchester United,0.12832089473684213,0.005,False
HL=2,2022/23,premier-league,Newcastle United,0.3043706842105264,0.0,False
HL=2,2022/23,premier-league,Nottingham Forest,0.06831173684210527,0.0,False
HL=2,2022/23,premier-league,Tottenham Hotspur,0.12523373684210531,0.042,False
HL=2,2022/23,premier-league,West Ham United,0.1390906842105263,0.001,False
HL=2,2022/23,premier-league,Wolverhampton Wanderers,0.05801805263157898,0.0,False
HL=2,2022/23,serie-a,AC Florenz,0.05450552631578947,0.005,False
HL=2,2022/23,serie-a,AC Mailand,0.05963705263157895,0.206,False
HL=2,2022/23,serie-a,AC Monza,0.2693504736842105,0.0,False
HL=2,2022/23,serie-a,AS Rom,0.04149936842105264,0.027,False
HL=2,2022/23,serie-a,Atalanta Bergamo,0.03787094736842106,0.031,False
HL=2,2022/23,serie-a,FC Bologna,0.12472463157894738,0.001,False
HL=2,2022/23,serie-a,FC Empoli,0.04925626315789475,0.0,False
HL=2,2022/23,serie-a,FC Turin,0.06222378947368426,0.001,False
HL=2,2022/23,serie-a,Hellas Verona,0.22504836842105258,0.003,False
HL=2,2022/23,serie-a,Inter Mailand,0.030379315789473685,0.361,False
HL=2,2022/23,serie-a,Juventus Turin,0.03139436842105263,0.13,False
HL=2,2022/23,serie-a,Lazio Rom,0.15514531578947371,0.027,False
HL=2,2022/23,serie-a,SSC Neapel,0.06543542105263159,0.205,True
HL=2,2022/23,serie-a,Sampdoria Genua,0.24684521052631578,0.0,False
HL=2,2022/23,serie-a,Sassuolo Calcio,0.08677299999999998,0.002,False
HL=2,2022/23,serie-a,Spezia Calcio,0.10253510526315789,0.0,False
HL=2,2022/23,serie-a,US Cremonese,0.037328894736842116,0.0,False
HL=2,2022/23,serie-a,US Lecce,0.05839073684210526,0.0,False
HL=2,2022/23,serie-a,US Salernitana,0.07586236842105264,0.0,False
HL=2,2022/23,serie-a,Udinese Calcio,0.050692368421052646,0.001,False
HL=2,2023/24,bundesliga,1. FC Heidenheim,0.4183954705882353,0.0,False
HL=2,2023/24,bundesliga,1. FC Köln,0.2525246470588235,0.0,False
HL=2,2023/24,bundesliga,1. FC Union Berlin,0.3586124705882353,0.022,False
HL=2,2023/24,bundesliga,1. FSV Mainz 05,0.10320535294117647,0.002,False
HL=2,2023/24,bundesliga,Bayer 04 Leverkusen,0.1944489411764706,0.034,True
HL=2,2023/24,bundesliga,Bayern München,0.04887164705882353,0.502,False
HL=2,2023/24,bundesliga,Bor. Mönchengladbach,0.16501158823529413,0.002,False
HL=2,2023/24,bundesliga,Borussia Dortmund,0.08397858823529412,0.222,False
HL=2,2023/24,bundesliga,Eintracht Frankfurt,0.09886876470588238,0.0,False
HL=2,2023/24,bundesliga,FC Augsburg,0.11639094117647059,0.0,False
HL=2,2023/24,bundesliga,RB Leipzig,0.04061058823529412,0.191,False
HL=2,2023/24,bundesliga,SC Freiburg,0.0834105294117647,0.012,False
HL=2,2023/24,bundesliga,SV Darmstadt 98,0.06756929411764706,0.001,False
HL=2,2023/24,bundesliga,TSG Hoffenheim,0.14271905882352942,0.001,False
HL=2,2023/24,bundesliga,VfB Stuttgart,0.4599135294117648,0.0,False
HL=2,2023/24,bundesliga,VfL Bochum,0.10251941176470587,0.002,False
HL=2,2023/24,bundesliga,VfL Wolfsburg,0.12907852941176468,0.009,False
HL=2,2023/24,bundesliga,Werder Bremen,0.17292429411764704,0.0,False
HL=2,2023/24,la-liga,Athletic Bilbao,0.14682205263157896,0.004,False
HL=2,2023/24,la-liga,Atletico Madrid,0.03665605263157894,0.179,False
HL=2,2023/24,la-liga,CA Osasuna,0.07164678947368422,0.0,False
HL=2,2023/24,la-liga,Celta Vigo,0.06877784210526316,0.0,False
HL=2,2023/24,la-liga,Deportivo Alaves,0.3620197368421053,0.0,False
HL=2,2023/24,la-liga,FC Barcelona,0.015673684210526312,0.425,False
HL=2,2023/24,la-liga,FC Cadiz,0.10288947368421049,0.0,False
HL=2,2023/24,la-liga,FC Getafe,0.0526724210526316,0.0,False
HL=2,2023/24,la-liga,FC Girona,0.2061969473684211,0.007,False
HL=2,2023/24,la-liga,FC Granada,0.08394899999999998,0.0,False
HL=2,2023/24,la-liga,FC Sevilla,0.14470952631578948,0.009,False
HL=2,2023/24,la-liga,FC Valencia,0.08276784210526315,0.003,False
HL=2,2023/24,la-liga,FC Villarreal,0.08760378947368422,0.057,False
HL=2,2023/24,la-liga,RCD Mallorca,0.07724584210526318,0.002,False
HL=2,2023/24,la-liga,Rayo Vallecano,0.11628910526315787,0.0,False
HL=2,2023/24,la-liga,Real Betis Sevilla,0.05779826315789477,0.008,False
HL=2,2023/24,la-liga,Real Madrid,0.04355263157894736,0.281,True
HL=2,2023/24,la-liga,Real Sociedad San Sebastian,0.04120947368421053,0.024,False
HL=2,2023/24,la-liga,UD Almeria,0.20845410526315786,0.001,False
HL=2,2023/24,la-liga,UD Las Palmas,0.074439,0.0,False
HL=2,2023/24,ligue-1,AC Le Havre,0.06519570588235295,0.0,False
HL=2,2023/24,ligue-1,AS Monaco,0.1886685294117647,0.038,False
HL=2,2023/24,ligue-1,Clermont Foot,0.27407611764705875,0.005,False
HL=2,2023/24,ligue-1,FC Lorient,0.12075041176470587,0.001,False
HL=2,2023/24,ligue-1,FC Metz,0.022408117647058825,0.0,False
HL=2,2023/24,ligue-1,FC Nantes,0.048273941176470596,0.0,False
HL=2,2023/24,ligue-1,FC Toulouse,0.09398476470588235,0.0,False
HL=2,2023/24,ligue-1,Lille OSC,0.08306523529411763,0.045,False
HL=2,2023/24,ligue-1,Montpellier HSC,0.06112935294117647,0.001,False
HL=2,2023/24,ligue-1,OGC Nizza,0.12622529411764705,0.015,False
HL=2,2023/24,ligue-1,Olympique Lyon,0.05158352941176471,0.058,False
HL=2,2023/24,ligue-1,Olympique Marseille,0.08236082352941178,0.048,False
HL=2,2023/24,ligue-1,Paris St. Germain,0.026727882352941174,0.452,True
HL=2,2023/24,ligue-1,RC Lens,0.14546170588235297,0.231,False
HL=2,2023/24,ligue-1,Racing Straßburg,0.09514664705882353,0.0,False
HL=2,2023/24,ligue-1,Stade Brest,0.37847811764705885,0.004,False
HL=2,2023/24,ligue-1,Stade Reims,0.0790610588235294,0.005,False
HL=2,2023/24,ligue-1,Stade Rennes,0.22403158823529412,0.097,False
HL=2,2023/24,premier-league,AFC Bournemouth,0.13128478947368422,0.001,False
HL=2,2023/24,premier-league,Aston Villa,0.14073389473684217,0.005,False
HL=2,2023/24,premier-league,Brighton &amp; Hove Albion,0.05978957894736843,0.003,False
HL=2,2023/24,premier-league,Crystal Palace,0.06058636842105264,0.0,False
HL=2,2023/24,premier-league,FC Arsenal,0.056492999999999995,0.059,False
HL=2,2023/24,premier-league,FC Brentford,0.34845910526315793,0.016,False
HL=2,2023/24,premier-league,FC Burnley,0.04176952631578947,0.0,False
HL=2,2023/24,premier-league,FC Chelsea,0.08307115789473685,0.009,False
HL=2,2023/24,premier-league,FC Everton,0.11595857894736841,0.0,False
HL=2,2023/24,premier-league,FC Fulham,0.05371668421052635,0.003,False
HL=2,2023/24,premier-league,FC Liverpool,0.023960315789473687,0.126,False
HL=2,2023/24,premier-league,Luton Town,0.02769626315789474,0.0,False
HL=2,2023/24,premier-league,Manchester City,0.004688736842105262,0.728,True
HL=2,2023/24,premier-league,Manchester United,0.07025184210526314,0.019,False
HL=2,2023/24,premier-league,Newcastle United,0.047467526315789474,0.01,False
HL=2,2023/24,premier-league,Nottingham Forest,0.06709147368421053,0.001,False
HL=2,2023/24,premier-league,Sheffield United,0.05404263157894738,0.0,False
HL=2,2023/24,premier-league,Tottenham Hotspur,0.05116747368421053,0.02,False
HL=2,2023/24,premier-league,West Ham United,0.0867255789473684,0.0,False
HL=2,2023/24,premier-league,Wolverhampton Wanderers,0.04822589473684211,0.0,False
HL=2,2023/24,serie-a,AC Florenz,0.04912600000000001,0.012,False
HL=2,2023/24,serie-a,AC Mailand,0.08720131578947367,0.078,False
HL=2,2023/24,serie-a,AC Monza,0.09237615789473685,0.022,False
HL=2,2023/24,serie-a,AS Rom,0.05594315789473686,0.027,False
HL=2,2023/24,serie-a,Atalanta Bergamo,0.06873921052631578,0.046,False
HL=2,2023/24,serie-a,CFC Genua 1893,0.3046208947368421,0.0,False
HL=2,2023/24,serie-a,Cagliari Calcio,0.04256568421052631,0.0,False
HL=2,2023/24,serie-a,FC Bologna,0.21125173684210527,0.001,False
HL=2,2023/24,serie-a,FC Empoli,0.08281963157894735,0.0,False
HL=2,2023/24,serie-a,FC Turin,0.05413763157894738,0.001,False
HL=2,2023/24,serie-a,Frosinone Calcio,0.03661563157894737,0.0,False
HL=2,2023/24,serie-a,Hellas Verona,0.06041526315789474,0.0,False
HL=2,2023/24,serie-a,Inter Mailand,0.06276273684210526,0.227,True
HL=2,2023/24,serie-a,Juventus Turin,0.0536171052631579,0.092,False
HL=2,2023/24,serie-a,Lazio Rom,0.060342842105263146,0.08,False
HL=2,2023/24,serie-a,SSC Neapel,0.2871471578947369,0.412,False
HL=2,2023/24,serie-a,Sassuolo Calcio,0.23384963157894734,0.0,False
HL=2,2023/24,serie-a,US Lecce,0.052732578947368436,0.001,False
HL=2,2023/24,serie-a,US Salernitana,0.19870789473684206,0.001,False
HL=2,2023/24,serie-a,Udinese Calcio,0.06964952631578948,0.0,False
HL=4,2016/17,bundesliga,1. FC Köln,0.2415185294117647,0.001,False
HL=4,2016/17,bundesliga,1. FSV Mainz 05,0.24478482352941172,0.004,False
HL=4,2016/17,bundesliga,Bayer 04 Leverkusen,0.34669388235294113,0.041,False
HL=4,2016/17,bundesliga,Bayern München,0.0016380000000000008,0.839,True
HL=4,2016/17,bundesliga,Bor. Mönchengladbach,0.10728547058823526,0.009,False
HL=4,2016/17,bundesliga,Borussia Dortmund,0.023875470588235286,0.095,False
HL=4,2016/17,bundesliga,Eintracht Frankfurt,0.07109470588235292,0.001,False
HL=4,2016/17,bundesliga,FC Augsburg,0.09503982352941176,0.0,False
HL=4,2016/17,bundesliga,FC Ingolstadt 04,0.22515647058823535,0.001,False
HL=4,2016/17,bundesliga,FC Schalke 04,0.12676717647058822,0.004,False
HL=4,2016/17,bundesliga,Hamburger SV,0.07002017647058824,0.0,False
HL=4,2016/17,bundesliga,Hertha BSC,0.16679041176470588,0.001,False
HL=4,2016/17,bundesliga,RB Leipzig,0.739060705882353,0.0,False
HL=4,2016/17,bundesliga,SC Freiburg,0.40592723529411767,0.0,False
HL=4,2016/17,bundesliga,SV Darmstadt 98,0.22551458823529402,0.001,False
HL=4,2016/17,bundesliga,TSG Hoffenheim,0.27307800000000004,0.0,False
HL=4,2016/17,bundesliga,VfL Wolfsburg,0.34886547058823536,0.003,False
HL=4,2016/17,bundesliga,Werder Bremen,0.11026494117647058,0.0,False
HL=4,2016/17,la-liga,Athletic Bilbao,0.048171315789473694,0.002,False
HL=4,2016/17,la-liga,Atletico Madrid,0.010118526315789477,0.049,False
HL=4,2016/17,la-liga,CA Osasuna,0.06550452631578949,0.0,False
HL=4,2016/17,la-liga,CD Leganes,0.04314221052631579,0.0,False
HL=4,2016/17,la-liga,Celta Vigo,0.13254089473684208,0.001,False
HL=4,2016/17,la-liga,Deportivo Alaves,0.25570842105263153,0.0,False
HL=4,2016/17,la-liga,Deportivo La Coruna,0.07468094736842107,0.0,False
HL=4,2016/17,la-liga,Espanyol Barcelona,0.1750052105263158,0.0,False
HL=4,2016/17,la-liga,FC Barcelona,0.019624263157894735,0.602,False
HL=4,2016/17,la-liga,FC Granada,0.15596373684210527,0.0,False
HL=4,2016/17,la-liga,FC Malaga,0.0575141052631579,0.0,False
HL=4,2016/17,la-liga,FC Sevilla,0.10486442105263154,0.001,False
HL=4,2016/17,la-liga,FC Valencia,0.14793626315789474,0.002,False
HL=4,2016/17,la-liga,FC Villarreal,0.0650081052631579,0.0,False
HL=4,2016/17,la-liga,Real Betis Sevilla,0.07372205263157895,0.0,False
HL=4,2016/17,la-liga,Real Madrid,0.02533547368421053,0.341,True
HL=4,2016/17,la-liga,Real Sociedad San Sebastian,0.11423794736842105,0.0,False
HL=4,2016/17,la-liga,SD Eibar,0.13452068421052632,0.0,False
HL=4,2016/17,la-liga,Sporting Gijon,0.10575126315789476,0.0,False
HL=4,2016/17,la-liga,UD Las Palmas,0.12381615789473685,0.002,False
HL=4,2016/17,ligue-1,AS Monaco,0.22259831578947364,0.078,True
HL=4,2016/17,ligue-1,AS Nancy,0.05197305263157894,0.002,False
HL=4,2016/17,ligue-1,AS St. Etienne,0.07892452631578944,0.044,False
HL=4,2016/17,ligue-1,Angers SCO,0.08067578947368419,0.034,False
HL=4,2016/17,ligue-1,Dijon FCO,0.06263794736842104,0.001,False
HL=4,2016/17,ligue-1,EA Guingamp,0.07632805263157898,0.043,False
HL=4,2016/17,ligue-1,FC Lorient,0.22802684210526317,0.03,False
HL=4,2016/17,ligue-1,FC Metz,0.11721052631578949,0.001,False
HL=4,2016/17,ligue-1,FC Nantes,0.11494978947368413,0.041,False
HL=4,2016/17,ligue-1,FC Toulouse,0.089212,0.024,False
HL=4,2016/17,ligue-1,Girondins Bordeaux,0.1177293157894737,0.043,False
HL=4,2016/17,ligue-1,Lille OSC,0.11814547368421051,0.089,False
HL=4,2016/17,ligue-1,Montpellier HSC,0.1598568421052632,0.05,False
HL=4,2016/17,ligue-1,OGC Nizza,0.14675763157894733,0.086,False
HL=4,2016/17,ligue-1,Olympique Lyon,0.1212165789473684,0.069,False
HL=4,2016/17,ligue-1,Olympique Marseille,0.15386005263157895,0.04,False
HL=4,2016/17,ligue-1,Paris St. Germain,0.07192957894736839,0.213,False
HL=4,2016/17,ligue-1,SC Bastia,0.36610147368421064,0.04,False
HL=4,2016/17,ligue-1,SM Caen,0.23082573684210528,0.04,False
HL=4,2016/17,ligue-1,Stade Rennes,0.07522131578947365,0.032,False
HL=4,2016/17,premier-league,AFC Bournemouth,0.19191363157894734,0.001,False
HL=4,2016/17,premier-league,AFC Sunderland,0.18260794736842106,0.0,False
HL=4,2016/17,premier-league,Crystal Palace,0.050657421052631574,0.0,False
HL=4,2016/17,premier-league,FC Arsenal,0.05362178947368421,0.209,False
HL=4,2016/17,premier-league,FC Burnley,0.07004094736842105,0.0,False
HL=4,2016/17,premier-league,FC Chelsea,0.11653952631578947,0.127,True
HL=4,2016/17,premier-league,FC Everton,0.10576294736842107,0.008,False
HL=4,2016/17,premier-league,FC Liverpool,0.06097568421052632,0.076,False
HL=4,2016/17,premier-league,FC Middlesbrough,0.048223631578947365,0.0,False
HL=4,2016/17,premier-league,FC Southampton,0.06149463157894737,0.06,False
HL=4,2016/17,premier-league,FC Watford,0.08877442105263159,0.001,False
HL=4,2016/17,premier-league,Hull City,0.03053563157894737,0.0,False
HL=4,2016/17,premier-league,Leicester City,0.2725552631578947,0.142,False
HL=4,2016/17,premier-league,Manchester City,0.04067200000000001,0.183,False
HL=4,2016/17,premier-league,Manchester United,0.05752473684210526,0.138,False
HL=4,2016/17,premier-league,Stoke City,0.050675947368421057,0.0,False
HL=4,2016/17,premier-league,Swansea City,0.10424505263157895,0.002,False
HL=4,2016/17,premier-league,Tottenham Hotspur,0.16177389473684212,0.047,False
HL=4,2016/17,premier-league,West Bromwich Albion,0.13707652631578945,0.002,False
HL=4,2016/17,premier-league,West Ham United,0.0493494210526316,0.004,False
HL=4,2016/17,serie-a,AC Chievo Verona,0.053424842105263166,0.0,False
HL=4,2016/17,serie-a,AC Florenz,0.06565636842105262,0.029,False
HL=4,2016/17,serie-a,AC Mailand,0.044638,0.022,False
HL=4,2016/17,serie-a,AS Rom,0.03844231578947368,0.132,False
HL=4,2016/17,serie-a,Atalanta Bergamo,0.3119536315789474,0.0,False
HL=4,2016/17,serie-a,CFC Genua 1893,0.18284368421052632,0.0,False
HL=4,2016/17,serie-a,Cagliari Calcio,0.22035536842105263,0.0,False
HL=4,2016/17,serie-a,Delfino Pescara 1936,0.011272052631578947,0.0,False
HL=4,2016/17,serie-a,FC Bologna,0.048438368421052626,0.0,False
HL=4,2016/17,serie-a,FC Crotone,0.035816736842105255,0.0,False
HL=4,2016/17,serie-a,FC Empoli,0.20826915789473674,0.0,False
HL=4,2016/17,serie-a,FC Turin,0.06295336842105263,0.002,False
HL=4,2016/17,serie-a,Inter Mailand,0.050366999999999995,0.021,False
HL=4,2016/17,serie-a,Juventus Turin,0.008467210526315787,0.64,True
HL=4,2016/17,serie-a,Lazio Rom,0.08198621052631579,0.011,False
HL=4,2016/17,serie-a,SSC Neapel,0.026473421052631584,0.136,False
HL=4,2016/17,serie-a,Sampdoria Genua,0.09035215789473684,0.0,False
HL=4,2016/17,serie-a,Sassuolo Calcio,0.10031089473684209,0.007,False
HL=4,2016/17,serie-a,US Palermo,0.18182589473684208,0.0,False
HL=4,2016/17,serie-a,Udinese Calcio,0.05193405263157895,0.0,False
HL=4,2017/18,bundesliga,1. FC Köln,0.33808782352941186,0.001,False
HL=4,2017/18,bundesliga,1. FSV Mainz 05,0.0995604705882353,0.001,False
HL=4,2017/18,bundesliga,Bayer 04 Leverkusen,0.0649979411764706,0.002,False
HL=4,2017/18,bundesliga,Bayern München,0.002674352941176469,0.794,True
HL=4,2017/18,bundesliga,Bor. Mönchengladbach,0.06348347058823531,0.005,False
HL=4,2017/18,bundesliga,Borussia Dortmund,0.039289529411764716,0.088,False
HL=4,2017/18,bundesliga,Eintracht Frankfurt,0.17961300000000002,0.0,False
HL=4,2017/18,bundesliga,FC Augsburg,0.06508476470588237,0.001,False
HL=4,2017/18,bundesliga,FC Schalke 04,0.212912705882353,0.003,False
HL=4,2017/18,bundesliga,Hamburger SV,0.14291211764705883,0.0,False
HL=4,2017/18,bundesliga,Hannover 96,0.1387312941176471,0.0,False
HL=4,2017/18,bundesliga,Hertha BSC,0.06633517647058823,0.001,False
HL=4,2017/18,bundesliga,RB Leipzig,0.10647882352941176,0.1,False
HL=4,2017/18,bundesliga,SC Freiburg,0.07337694117647059,0.0,False
HL=4,2017/18,bundesliga,TSG Hoffenheim,0.1548541176470588,0.003,False
HL=4,2017/18,bundesliga,VfB Stuttgart,0.3636527647058823,0.0,False
HL=4,2017/18,bundesliga,VfL Wolfsburg,0.21589717647058826,0.0,False
HL=4,2017/18,bundesliga,Werder Bremen,0.07253505882352942,0.001,False
HL=4,2017/18,la-liga,Athletic Bilbao,0.288061894736842,0.0,False
HL=4,2017/18,la-liga,Atletico Madrid,0.044641263157894746,0.053,False
HL=4,2017/18,la-liga,CD Leganes,0.10980726315789476,0.001,False
HL=4,2017/18,la-liga,Celta Vigo,0.05825694736842106,0.0,False
HL=4,2017/18,la-liga,Deportivo Alaves,0.13732473684210525,0.004,False
HL=4,2017/18,la-liga,Deportivo La Coruna,0.11158773684210528,0.0,False
HL=4,2017/18,la-liga,Espanyol Barcelona,0.05882589473684211,0.0,False
HL=4,2017/18,la-liga,FC Barcelona,0.010345578947368424,0.573,True
HL=4,2017/18,la-liga,FC Getafe,0.4168422105263157,0.0,False
HL=4,2017/18,la-liga,FC Girona,0.31988984210526317,0.0,False
HL=4,2017/18,la-liga,FC Malaga,0.34670836842105257,0.0,False
HL=4,2017/18,la-liga,FC Sevilla,0.043591000000000005,0.008,False
HL=4,2017/18,la-liga,FC Valencia,0.1665664210526316,0.001,False
HL=4,2017/18,la-liga,FC Villarreal,0.04563194736842107,0.003,False
HL=4,2017/18,la-liga,Real Betis Sevilla,0.3114907894736842,0.0,False
HL=4,2017/18,la-liga,Real Madrid,0.041031999999999985,0.357,False
HL=4,2017/18,la-liga,Real Sociedad San Sebastian,0.08326668421052633,0.0,False
HL=4,2017/18,la-liga,SD Eibar,0.0753284210526316,0.0,False
HL=4,2017/18,la-liga,UD Las Palmas,0.16399089473684209,0.0,False
HL=4,2017/18,la-liga,UD Levante,0.09056115789473684,0.0,False
HL=4,2017/18,ligue-1,AS Monaco,0.022278894736842105,0.64,False
HL=4,2017/18,ligue-1,AS St. Etienne,0.10263784210526317,0.0,False
HL=4,2017/18,ligue-1,Angers SCO,0.09589831578947369,0.002,False
HL=4,2017/18,ligue-1,Dijon FCO,0.05556015789473686,0.0,False
HL=4,2017/18,ligue-1,EA Guingamp,0.059958789473684215,0.0,False
HL=4,2017/18,ligue-1,ES Troyes AC,0.06174494736842103,0.0,False
HL=4,2017/18,ligue-1,FC Metz,0.1536374736842105,0.0,False
HL=4,2017/18,ligue-1,FC Nantes,0.08352415789473683,0.0,False
HL=4,2017/18,ligue-1,FC Toulouse,0.22914405263157897,0.0,False
HL=4,2017/18,ligue-1,Girondins Bordeaux,0.041681578947368424,0.01,False
HL=4,2017/18,ligue-1,Lille OSC,0.20637926315789476,0.0,False
HL=4,2017/18,ligue-1,Montpellier HSC,0.12903826315789474,0.0,False
HL=4,2017/18,ligue-1,OGC Nizza,0.11382199999999998,0.026,False
HL=4,2017/18,ligue-1,Olympique Lyon,0.044933526315789465,0.027,False
HL=4,2017/18,ligue-1,Olympique Marseille,0.04700768421052631,0.022,False
HL=4,2017/18,ligue-1,Paris St. Germain,0.03380821052631579,0.273,True
HL=4,2017/18,ligue-1,Racing Straßburg,0.06201373684210525,0.0,False
HL=4,2017/18,ligue-1,SC Amiens,0.12181442105263159,0.0,False
HL=4,2017/18,ligue-1,SM Caen,0.050077,0.0,False
HL=4,2017/18,ligue-1,Stade Rennes,0.2005625263157895,0.0,False
HL=4,2017/18,premier-league,AFC Bournemouth,0.048632000000000015,0.002,False
HL=4,2017/18,premier-league,Brighton &amp; Hove Albion,0.1059897894736842,0.0,False
HL=4,2017/18,premier-league,Crystal Palace,0.06541031578947369,0.0,False
HL=4,2017/18,premier-league,FC Arsenal,0.06106868421052631,0.115,False
HL=4,2017/18,premier-league,FC Burnley,0.30284636842105267,0.0,False
HL=4,2017/18,premier-league,FC Chelsea,0.0800032105263158,0.326,False
HL=4,2017/18,premier-league,FC Everton,0.03920263157894737,0.009,False
HL=4,2017/18,premier-league,FC Liverpool,0.03453147368421053,0.097,False
HL=4,2017/18,premier-league,FC Southampton,0.29556136842105263,0.002,False
HL=4,2017/18,premier-league,FC Watford,0.05945005263157893,0.002,False
HL=4,2017/18,premier-league,Huddersfield Town,0.06730599999999999,0.0,False
HL=4,2017/18,premier-league,Leicester City,0.04282531578947368,0.005,False
HL=4,2017/18,premier-league,Manchester City,0.0800072105263158,0.176,True
HL=4,2017/18,premier-league,Manchester United,0.0667427894736842,0.13,False
HL=4,2017/18,premier-league,Newcastle United,0.2837928421052632,0.0,False
HL=4,2017/18,premier-league,Stoke City,0.20564368421052626,0.0,False
HL=4,2017/18,premier-league,Swansea City,0.18622336842105255,0.0,False
HL=4,2017/18,premier-league,Tottenham Hotspur,0.04055168421052631,0.136,False
HL=4,2017/18,premier-league,West Bromwich Albion,0.22932373684210527,0.0,False
HL=4,2017/18,premier-league,West Ham United,0.05253252631578948,0.0,False
HL=4,2017/18,serie-a,AC Chievo Verona,0.04945063157894738,0.0,False
HL=4,2017/18,serie-a,AC Florenz,0.05098426315789474,0.012,False
HL=4,2017/18,serie-a,AC Mailand,0.04187042105263159,0.012,False
HL=4,2017/18,serie-a,AS Rom,0.02157742105263158,0.177,False
HL=4,2017/18,serie-a,Atalanta Bergamo,0.058352421052631574,0.003,False
HL=4,2017/18,serie-a,Benevento Calcio,0.05850263157894737,0.0,False
HL=4,2017/18,serie-a,CFC Genua 1893,0.06397447368421053,0.0,False
HL=4,2017/18,serie-a,Cagliari Calcio,0.06611447368421054,0.0,False
HL=4,2017/18,serie-a,FC Bologna,0.04869131578947369,0.0,False
HL=4,2017/18,serie-a,FC Crotone,0.12985994736842107,0.0,False
HL=4,2017/18,serie-a,FC Turin,0.050787210526315796,0.001,False
HL=4,2017/18,serie-a,Hellas Verona,0.05875900000000002,0.0,False
HL=4,2017/18,serie-a,Inter Mailand,0.04975884210526317,0.018,False
HL=4,2017/18,serie-a,Juventus Turin,0.016104526315789475,0.499,True
HL=4,2017/18,serie-a,Lazio Rom,0.07752652631578946,0.022,False
HL=4,2017/18,serie-a,SPAL Ferrara,0.04319421052631579,0.0,False
HL=4,2017/18,serie-a,SSC Neapel,0.01962642105263158,0.253,False
HL=4,2017/18,serie-a,Sampdoria Genua,0.06941626315789476,0.001,False
HL=4,2017/18,serie-a,Sassuolo Calcio,0.056876789473684214,0.002,False
HL=4,2017/18,serie-a,Udinese Calcio,0.05451021052631581,0.0,False
HL=4,2018/19,bundesliga,1. FC Nürnberg,0.0670634705882353,0.0,False
HL=4,2018/19,bundesliga,1. FSV Mainz 05,0.06413382352941176,0.0,False
HL=4,2018/19,bundesliga,Bayer 04 Leverkusen,0.06795582352941178,0.019,False
HL=4,2018/19,bundesliga,Bayern München,0.0010015882352941178,0.875,True
HL=4,2018/19,bundesliga,Bor. Mönchengladbach,0.11355152941176472,0.003,False
HL=4,2018/19,bundesliga,Borussia Dortmund,0.05942352941176468,0.034,False
HL=4,2018/19,bundesliga,Eintracht Frankfurt,0.15554641176470585,0.0,False
HL=4,2018/19,bundesliga,FC Augsburg,0.12773147058823528,0.0,False
HL=4,2018/19,bundesliga,FC Schalke 04,0.35127752941176477,0.018,False
HL=4,2018/19,bundesliga,Fortuna Düsseldorf,0.20348829411764705,0.001,False
HL=4,2018/19,bundesliga,Hannover 96,0.10982499999999995,0.0,False
HL=4,2018/19,bundesliga,Hertha BSC,0.06550464705882353,0.001,False
HL=4,2018/19,bundesliga,RB Leipzig,0.05858382352941177,0.036,False
HL=4,2018/19,bundesliga,SC Freiburg,0.05646217647058823,0.0,False
HL=4,2018/19,bundesliga,TSG Hoffenheim,0.08266970588235294,0.011,False
HL=4,2018/19,bundesliga,VfB Stuttgart,0.2239397058823529,0.001,False
HL=4,2018/19,bundesliga,VfL Wolfsburg,0.19176817647058825,0.0,False
HL=4,2018/19,bundesliga,Werder Bremen,0.07034588235294119,0.001,False
HL=4,2018/19,la-liga,Athletic Bilbao,0.08214647368421049,0.001,False
HL=4,2018/19,la-liga,Atletico Madrid,0.036804157894736844,0.057,False
HL=4,2018/19,la-liga,CD Leganes,0.06328342105263159,0.0,False
HL=4,2018/19,la-liga,Celta Vigo,0.12243173684210529,0.0,False
HL=4,2018/19,la-liga,Deportivo Alaves,0.06294200000000001,0.0,False
HL=4,2018/19,la-liga,Espanyol Barcelona,0.18056336842105264,0.0,False
HL=4,2018/19,la-liga,FC Barcelona,0.006069894736842103,0.671,True
HL=4,2018/19,la-liga,FC Getafe,0.22538815789473685,0.001,False
HL=4,2018/19,la-liga,FC Girona,0.2220172105263159,0.0,False
HL=4,2018/19,la-liga,FC Sevilla,0.08018378947368421,0.004,False
HL=4,2018/19,la-liga,FC Valencia,0.07005336842105261,0.005,False
HL=4,2018/19,la-liga,FC Villarreal,0.24666531578947373,0.002,False
HL=4,2018/19,la-liga,Rayo Vallecano,0.05259652631578947,0.0,False
HL=4,2018/19,la-liga,Real Betis Sevilla,0.07331368421052631,0.0,False
HL=4,2018/19,la-liga,Real Madrid,0.029276526315789475,0.259,False
HL=4,2018/19,la-liga,Real Sociedad San Sebastian,0.05808600000000001,0.0,False
HL=4,2018/19,la-liga,Real Valladolid,0.040159789473684204,0.0,False
HL=4,2018/19,la-liga,SD Eibar,0.06660147368421053,0.0,False
HL=4,2018/19,la-liga,SD Huesca,0.032866,0.0,False
HL=4,2018/19,la-liga,UD Levante,0.05679373684210527,0.0,False
HL=4,2018/19,ligue-1,AS Monaco,0.7067501578947368,0.242,False
HL=4,2018/19,ligue-1,AS St. Etienne,0.20770889473684212,0.0,False
HL=4,2018/19,ligue-1,Angers SCO,0.05605468421052632,0.0,False
HL=4,2018/19,ligue-1,Dijon FCO,0.22584615789473683,0.0,False
HL=4,2018/19,ligue-1,EA Guingamp,0.2854983157894736,0.0,False
HL=4,2018/19,ligue-1,FC Nantes,0.057779631578947374,0.0,False
HL=4,2018/19,ligue-1,FC Toulouse,0.07092736842105263,0.0,False
HL=4,2018/19,ligue-1,Girondins Bordeaux,0.22862347368421054,0.005,False
HL=4,2018/19,ligue-1,Lille OSC,0.552558947368421,0.0,False
HL=4,2018/19,ligue-1,Montpellier HSC,0.17622110526315793,0.001,False
HL=4,2018/19,ligue-1,OGC Nizza,0.043807526315789484,0.003,False
HL=4,2018/19,ligue-1,Olympique Lyon,0.023058631578947362,0.094,False
HL=4,2018/19,ligue-1,Olympique Marseille,0.03866926315789474,0.065,False
HL=4,2018/19,ligue-1,Olympique Nimes,0.3278351052631579,0.0,False
HL=4,2018/19,ligue-1,Paris St. Germain,0.010646947368421056,0.586,True
HL=4,2018/19,ligue-1,Racing Straßburg,0.09985126315789476,0.0,False
HL=4,2018/19,ligue-1,SC Amiens,0.16530210526315792,0.003,False
HL=4,2018/19,ligue-1,SM Caen,0.04860273684210526,0.0,False
HL=4,2018/19,ligue-1,Stade Reims,0.37681721052631584,0.0,False
HL=4,2018/19,ligue-1,Stade Rennes,0.06090121052631579,0.001,False
HL=4,2018/19,premier-league,AFC Bournemouth,0.07091047368421054,0.0,False
HL=4,2018/19,premier-league,Brighton &amp; Hove Albion,0.0949168947368421,0.0,False
HL=4,2018/19,premier-league,Cardiff City,0.03471057894736842,0.0,False
HL=4,2018/19,premier-league,Crystal Palace,0.05259063157894738,0.001,False
HL=4,2018/19,premier-league,FC Arsenal,0.03249994736842105,0.047,False
HL=4,2018/19,premier-league,FC Burnley,0.08852668421052629,0.0,False
HL=4,2018/19,premier-league,FC Chelsea,0.033562421052631575,0.118,False
HL=4,2018/19,premier-league,FC Everton,0.04797010526315789,0.002,False
HL=4,2018/19,premier-league,FC Fulham,0.06527494736842106,0.0,False
HL=4,2018/19,premier-league,FC Liverpool,0.05827610526315789,0.119,False
HL=4,2018/19,premier-league,FC Southampton,0.18224536842105257,0.0,False
HL=4,2018/19,premier-league,FC Watford,0.11827626315789475,0.0,False
HL=4,2018/19,premier-league,Huddersfield Town,0.1246583157894737,0.0,False
HL=4,2018/19,premier-league,Leicester City,0.05085110526315791,0.002,False
HL=4,2018/19,premier-league,Manchester City,0.024420684210526317,0.454,True
HL=4,2018/19,premier-league,Manchester United,0.07981626315789474,0.146,False
HL=4,2018/19,premier-league,Newcastle United,0.04928547368421053,0.0,False
HL=4,2018/19,premier-league,Tottenham Hotspur,0.027777578947368414,0.111,False
HL=4,2018/19,premier-league,West Ham United,0.0743314210526316,0.0,False
HL=4,2018/19,premier-league,Wolverhampton Wanderers,0.4502805263157896,0.0,False
HL=4,2018/19,serie-a,AC Chievo Verona,0.1987973684210526,0.0,False
HL=4,2018/19,serie-a,AC Florenz,0.2266256842105264,0.006,False
HL=4,2018/19,serie-a,AC Mailand,0.03776700000000001,0.019,False
HL=4,2018/19,serie-a,AS Rom,0.08534857894736843,0.111,False
HL=4,2018/19,serie-a,Atalanta Bergamo,0.18582315789473686,0.009,False
HL=4,2018/19,serie-a,CFC Genua 1893,0.1299801052631579,0.0,False
HL=4,2018/19,serie-a,Cagliari Calcio,0.04839036842105264,0.001,False
HL=4,2018/19,serie-a,FC Bologna,0.14552347368421054,0.0,False
HL=4,2018/19,serie-a,FC Empoli,0.04269057894736841,0.0,False
HL=4,2018/19,serie-a,FC Turin,0.06561126315789471,0.001,False
HL=4,2018/19,serie-a,Frosinone Calcio,0.026324210526315787,0.0,False
HL=4,2018/19,serie-a,Inter Mailand,0.04379299999999999,0.028,False
HL=4,2018/19,serie-a,Juventus Turin,0.012711789473684216,0.564,True
HL=4,2018/19,serie-a,Lazio Rom,0.07177457894736841,0.026,False
HL=4,2018/19,serie-a,Parma Calcio,0.06053121052631578,0.0,False
HL=4,2018/19,serie-a,SPAL Ferrara,0.058716631578947374,0.001,False
HL=4,2018/19,serie-a,SSC Neapel,0.02101647368421053,0.233,False
HL=4,2018/19,serie-a,Sampdoria Genua,0.09224463157894738,0.0,False
HL=4,2018/19,serie-a,Sassuolo Calcio,0.0616474210526316,0.001,False
HL=4,2018/19,serie-a,Udinese Calcio,0.05790373684210528,0.0,False
HL=4,2019/20,bundesliga,1. FC Köln,0.040209,0.0,False
HL=4,2019/20,bundesliga,1. FC Union Berlin,0.21718805882352943,0.0,False
HL=4,2019/20,bundesliga,1. FSV Mainz 05,0.0758299411764706,0.002,False
HL=4,2019/20,bundesliga,Bayer 04 Leverkusen,0.04361605882352942,0.021,False
HL=4,2019/20,bundesliga,Bayern München,0.0032599999999999986,0.775,True
HL=4,2019/20,bundesliga,Bor. Mönchengladbach,0.162473,0.001,False
HL=4,2019/20,bundesliga,Borussia Dortmund,0.042785941176470575,0.083,False
HL=4,2019/20,bundesliga,Eintracht Frankfurt,0.06562682352941178,0.004,False
HL=4,2019/20,bundesliga,FC Augsburg,0.06118764705882354,0.0,False
HL=4,2019/20,bundesliga,FC Schalke 04,0.10915058823529411,0.002,False
HL=4,2019/20,bundesliga,Fortuna Düsseldorf,0.24013917647058822,0.0,False
HL=4,2019/20,bundesliga,Hertha BSC,0.06610823529411763,0.0,False
HL=4,2019/20,bundesliga,RB Leipzig,0.024374235294117648,0.103,False
HL=4,2019/20,bundesliga,SC Freiburg,0.19136029411764707,0.0,False
HL=4,2019/20,bundesliga,SC Paderborn 07,0.03399988235294118,0.0,False
HL=4,2019/20,bundesliga,TSG Hoffenheim,0.056154764705882376,0.005,False
HL=4,2019/20,bundesliga,VfL Wolfsburg,0.06464594117647059,0.001,False
HL=4,2019/20,bundesliga,Werder Bremen,0.3366606470588235,0.003,False
HL=4,2019/20,la-liga,Athletic Bilbao,0.07030284210526315,0.001,False
HL=4,2019/20,la-liga,Atletico Madrid,0.0189298947368421,0.11,False
HL=4,2019/20,la-liga,CA Osasuna,0.33572721052631577,0.0,False
HL=4,2019/20,la-liga,CD Leganes,0.17583905263157892,0.001,False
HL=4,2019/20,la-liga,Celta Vigo,0.12751731578947362,0.001,False
HL=4,2019/20,la-liga,Deportivo Alaves,0.14120894736842104,0.001,False
HL=4,2019/20,la-liga,Espanyol Barcelona,0.3364671052631579,0.001,False
HL=4,2019/20,la-liga,FC Barcelona,0.027704315789473685,0.717,False
HL=4,2019/20,la-liga,FC Getafe,0.06957536842105264,0.001,False
HL=4,2019/20,la-liga,FC Granada,0.5461232105263157,0.0,False
HL=4,2019/20,la-liga,FC Sevilla,0.11626005263157896,0.003,False
HL=4,2019/20,la-liga,FC Valencia,0.10648652631578948,0.015,False
HL=4,2019/20,la-liga,FC Villarreal,0.09799742105263157,0.004,False
HL=4,2019/20,la-liga,RCD Mallorca,0.06365763157894738,0.0,False
HL=4,2019/20,la-liga,Real Betis Sevilla,0.08870673684210527,0.001,False
HL=4,2019/20,la-liga,Real Madrid,0.0598041052631579,0.141,True
HL=4,2019/20,la-liga,Real Sociedad San Sebastian,0.10601363157894737,0.001,False
HL=4,2019/20,la-liga,Real Valladolid,0.07282215789473684,0.001,False
HL=4,2019/20,la-liga,SD Eibar,0.1060672631578947,0.001,False
HL=4,2019/20,la-liga,UD Levante,0.06831805263157893,0.0,False
HL=4,2019/20,ligue-1,AS Monaco,0.06707047368421053,0.016,False
HL=4,2019/20,ligue-1,AS St. Etienne,0.3438587894736842,0.016,False
HL=4,2019/20,ligue-1,Angers SCO,0.09261799999999998,0.001,False
HL=4,2019/20,ligue-1,Dijon FCO,0.044044789473684204,0.0,False
HL=4,2019/20,ligue-1,FC Metz,0.17079110526315788,0.0,False
HL=4,2019/20,ligue-1,FC Nantes,0.07148415789473685,0.004,False
HL=4,2019/20,ligue-1,FC Toulouse,0.143577,0.0,False
HL=4,2019/20,ligue-1,Girondins Bordeaux,0.05931836842105264,0.004,False
HL=4,2019/20,ligue-1,Lille OSC,0.09464810526315788,0.027,False
HL=4,2019/20,ligue-1,Montpellier HSC,0.07198936842105262,0.008,False
HL=4,2019/20,ligue-1,OGC Nizza,0.10170847368421053,0.003,False
HL=4,2019/20,ligue-1,Olympique Lyon,0.12230342105263158,0.124,False
HL=4,2019/20,ligue-1,Olympique Marseille,0.13235147368421055,0.031,False
HL=4,2019/20,ligue-1,Olympique Nimes,0.3370203157894737,0.016,False
HL=4,2019/20,ligue-1,Paris St. Germain,0.0050855263157894735,0.72,True
HL=4,2019/20,ligue-1,Racing Straßburg,0.06809084210526316,0.006,False
HL=4,2019/20,ligue-1,SC Amiens,0.1766125789473684,0.002,False
HL=4,2019/20,ligue-1,Stade Brest,0.14467252631578947,0.0,False
HL=4,2019/20,ligue-1,Stade Reims,0.13262689473684208,0.013,False
HL=4,2019/20,ligue-1,Stade Rennes,0.23719021052631578,0.009,False
HL=4,2019/20,premier-league,AFC Bournemouth,0.15272463157894736,0.001,False
HL=4,2019/20,premier-league,Aston Villa,0.04473521052631579,0.0,False
HL=4,2019/20,premier-league,Brighton &amp; Hove Albion,0.051795421052631574,0.0,False
HL=4,2019/20,premier-league,Crystal Palace,0.10488547368421053,0.002,False
HL=4,2019/20,premier-league,FC Arsenal,0.08749447368421052,0.028,False
HL=4,2019/20,premier-league,FC Burnley,0.11944405263157894,0.001,False
HL=4,2019/20,premier-league,FC Chelsea,0.029022789473684203,0.067,False
HL=4,2019/20,premier-league,FC Everton,0.09387831578947366,0.005,False
HL=4,2019/20,premier-league,FC Liverpool,0.03674063157894738,0.301,True
HL=4,2019/20,premier-league,FC Southampton,0.05529015789473687,0.0,False
HL=4,2019/20,premier-league,FC Watford,0.15829794736842104,0.0,False
HL=4,2019/20,premier-league,Leicester City,0.15612668421052633,0.003,False
HL=4,2019/20,premier-league,Manchester City,0.017950736842105262,0.52,False
HL=4,2019/20,premier-league,Manchester United,0.06421036842105261,0.037,False
HL=4,2019/20,premier-league,Newcastle United,0.051140631578947375,0.0,False
HL=4,2019/20,premier-league,Norwich City,0.06266005263157892,0.0,False
HL=4,2019/20,premier-league,Sheffield United,0.2414598947368421,0.001,False
HL=4,2019/20,premier-league,Tottenham Hotspur,0.041009684210526316,0.033,False
HL=4,2019/20,premier-league,West Ham United,0.12903573684210523,0.001,False
HL=4,2019/20,premier-league,Wolverhampton Wanderers,0.14877794736842107,0.0,False
HL=4,2019/20,serie-a,AC Florenz,0.05533726315789473,0.002,False
HL=4,2019/20,serie-a,AC Mailand,0.042494210526315794,0.037,False
HL=4,2019/20,serie-a,AS Rom,0.03885452631578947,0.087,False
HL=4,2019/20,serie-a,Atalanta Bergamo,0.11390452631578947,0.021,False
HL=4,2019/20,serie-a,Brescia Calcio,0.07408494736842103,0.003,False
HL=4,2019/20,serie-a,CFC Genua 1893,0.09054894736842106,0.0,False
HL=4,2019/20,serie-a,Cagliari Calcio,0.07201226315789473,0.0,False
HL=4,2019/20,serie-a,FC Bologna,0.05582952631578947,0.002,False
HL=4,2019/20,serie-a,FC Turin,0.31822568421052627,0.014,False
HL=4,2019/20,serie-a,Hellas Verona,0.3133153684210527,0.0,False
HL=4,2019/20,serie-a,Inter Mailand,0.09662284210526317,0.072,False
HL=4,2019/20,serie-a,Juventus Turin,0.015925736842105263,0.538,True
HL=4,2019/20,serie-a,Lazio Rom,0.09327010526315786,0.025,False
HL=4,2019/20,serie-a,Parma Calcio,0.1445271052631579,0.002,False
HL=4,2019/20,serie-a,SPAL Ferrara,0.2640917894736841,0.002,False
HL=4,2019/20,serie-a,SSC Neapel,0.14282005263157893,0.192,False
HL=4,2019/20,serie-a,Sampdoria Genua,0.10840352631578948,0.001,False
HL=4,2019/20,serie-a,Sassuolo Calcio,0.1602173684210527,0.001,False
HL=4,2019/20,serie-a,US Lecce,0.03907494736842106,0.001,False
HL=4,2019/20,serie-a,Udinese Calcio,0.05118705263157895,0.0,False
HL=4,2020/21,bundesliga,1. FC Köln,0.08934852941176472,0.0,False
HL=4,2020/21,bundesliga,1. FC Union Berlin,0.1854804705882353,0.0,False
HL=4,2020/21,bundesliga,1. FSV Mainz 05,0.05729988235294118,0.0,False
HL=4,2020/21,bundesliga,Arminia Bielefeld,0.05820388235294117,0.0,False
HL=4,2020/21,bundesliga,Bayer 04 Leverkusen,0.051898470588235296,0.017,False
HL=4,2020/21,bundesliga,Bayern München,0.0030080588235294105,0.784,True
HL=4,2020/21,bundesliga,Bor. Mönchengladbach,0.07646194117647058,0.012,False
HL=4,2020/21,bundesliga,Borussia Dortmund,0.02501535294117648,0.072,False
HL=4,2020/21,bundesliga,Eintracht Frankfurt,0.17823729411764708,0.002,False
HL=4,2020/21,bundesliga,FC Augsburg,0.05802735294117647,0.0,False
HL=4,2020/21,bundesliga,FC Schalke 04,0.286083294117647,0.001,False
HL=4,2020/21,bundesliga,Hertha BSC,0.09061017647058824,0.001,False
HL=4,2020/21,bundesliga,RB Leipzig,0.032675058823529404,0.099,False
HL=4,2020/21,bundesliga,SC Freiburg,0.07553782352941175,0.0,False
HL=4,2020/21,bundesliga,TSG Hoffenheim,0.13008388235294113,0.007,False
HL=4,2020/21,bundesliga,VfB Stuttgart,0.2539552941176471,0.0,False
HL=4,2020/21,bundesliga,VfL Wolfsburg,0.16333511764705883,0.003,False
HL=4,2020/21,bundesliga,Werder Bremen,0.22893976470588231,0.002,False
HL=4,2020/21,la-liga,Athletic Bilbao,0.0542302105263158,0.005,False
HL=4,2020/21,la-liga,Atletico Madrid,0.07925642105263159,0.096,True
HL=4,2020/21,la-liga,CA Osasuna,0.10588347368421054,0.001,False
HL=4,2020/21,la-liga,Celta Vigo,0.14409089473684208,0.0,False
HL=4,2020/21,la-liga,Deportivo Alaves,0.06302126315789473,0.0,False
HL=4,2020/21,la-liga,FC Barcelona,0.05106194736842107,0.536,False
HL=4,2020/21,la-liga,FC Cadiz,0.1275146315789474,0.004,False
HL=4,2020/21,la-liga,FC Elche,0.047945210526315785,0.001,False
HL=4,2020/21,la-liga,FC Getafe,0.13966984210526315,0.002,False
HL=4,2020/21,la-liga,FC Granada,0.12978415789473688,0.0,False
HL=4,2020/21,la-liga,FC Sevilla,0.04991410526315789,0.014,False
HL=4,2020/21,la-liga,FC Valencia,0.16831284210526318,0.004,False
HL=4,2020/21,la-liga,FC Villarreal,0.047463736842105274,0.005,False
HL=4,2020/21,la-liga,Real Betis Sevilla,0.24690147368421053,0.0,False
HL=4,2020/21,la-liga,Real Madrid,0.01276436842105263,0.328,False
HL=4,2020/21,la-liga,Real Sociedad San Sebastian,0.1090644736842105,0.004,False
HL=4,2020/21,la-liga,Real Valladolid,0.16582552631578945,0.0,False
HL=4,2020/21,la-liga,SD Eibar,0.2991120000000001,0.0,False
HL=4,2020/21,la-liga,SD Huesca,0.07391263157894737,0.0,False
HL=4,2020/21,la-liga,UD Levante,0.07843805263157894,0.0,False
HL=4,2020/21,ligue-1,AS Monaco,0.15533594736842105,0.009,False
HL=4,2020/21,ligue-1,AS St. Etienne,0.06731163157894737,0.001,False
HL=4,2020/21,ligue-1,Angers SCO,0.06473784210526318,0.001,False
HL=4,2020/21,ligue-1,Dijon FCO,0.16904115789473687,0.0,False
HL=4,2020/21,ligue-1,FC Lorient,0.08553126315789472,0.0,False
HL=4,2020/21,ligue-1,FC Metz,0.23790668421052627,0.0,False
HL=4,2020/21,ligue-1,FC Nantes,0.18938073684210524,0.003,False
HL=4,2020/21,ligue-1,Girondins Bordeaux,0.08400926315789474,0.002,False
HL=4,2020/21,ligue-1,Lille OSC,0.21681673684210517,0.015,True
HL=4,2020/21,ligue-1,Montpellier HSC,0.08113005263157891,0.002,False
HL=4,2020/21,ligue-1,OGC Nizza,0.05984952631578947,0.004,False
HL=4,2020/21,ligue-1,Olympique Lyon,0.042497368421052624,0.049,False
HL=4,2020/21,ligue-1,Olympique Marseille,0.04593215789473685,0.043,False
HL=4,2020/21,ligue-1,Olympique Nimes,0.20990484210526314,0.001,False
HL=4,2020/21,ligue-1,Paris St. Germain,0.03653268421052631,0.831,False
HL=4,2020/21,ligue-1,RC Lens,0.4954526315789474,0.0,False
HL=4,2020/21,ligue-1,Racing Straßburg,0.15419573684210527,0.007,False
HL=4,2020/21,ligue-1,Stade Brest,0.17446431578947372,0.01,False
HL=4,2020/21,ligue-1,Stade Reims,0.16204642105263162,0.015,False
HL=4,2020/21,ligue-1,Stade Rennes,0.06617268421052629,0.007,False
HL=4,2020/21,premier-league,Aston Villa,0.2137982105263158,0.0,False
HL=4,2020/21,premier-league,Brighton &amp; Hove Albion,0.05398763157894739,0.0,False
HL=4,2020/21,premier-league,Crystal Palace,0.05383663157894738,0.001,False
HL=4,2020/21,premier-league,FC Arsenal,0.07038636842105263,0.02,False
HL=4,2020/21,premier-league,FC Burnley,0.1363746842105263,0.0,False
HL=4,2020/21,premier-league,FC Chelsea,0.041714947368421046,0.044,False
HL=4,2020/21,premier-league,FC Everton,0.05050000000000001,0.0,False
HL=4,2020/21,premier-league,FC Fulham,0.02995842105263158,0.0,False
HL=4,2020/21,premier-league,FC Liverpool,0.03616294736842105,0.4,False
HL=4,2020/21,premier-league,FC Southampton,0.12079926315789474,0.001,False
HL=4,2020/21,premier-league,Leeds United,0.24764989473684215,0.002,False
HL=4,2020/21,premier-league,Leicester City,0.1100206315789474,0.008,False
HL=4,2020/21,premier-league,Manchester City,0.025668210526315783,0.413,True
HL=4,2020/21,premier-league,Manchester United,0.07548415789473682,0.068,False
HL=4,2020/21,premier-league,Newcastle United,0.060255736842105265,0.0,False
HL=4,2020/21,premier-league,Sheffield United,0.35668300000000003,0.007,False
HL=4,2020/21,premier-league,Tottenham Hotspur,0.049824842105263153,0.03,False
HL=4,2020/21,premier-league,West Bromwich Albion,0.04917057894736842,0.0,False
HL=4,2020/21,premier-league,West Ham United,0.2631783684210525,0.0,False
HL=4,2020/21,premier-league,Wolverhampton Wanderers,0.12502726315789472,0.006,False
HL=4,2020/21,serie-a,AC Florenz,0.10531494736842106,0.006,False
HL=4,2020/21,serie-a,AC Mailand,0.10252184210526316,0.069,False
HL=4,2020/21,serie-a,AS Rom,0.07426231578947369,0.095,False
HL=4,2020/21,serie-a,Atalanta Bergamo,0.05746642105263158,0.11,False
HL=4,2020/21,serie-a,Benevento Calcio,0.03762021052631579,0.0,False
HL=4,2020/21,serie-a,CFC Genua 1893,0.10559799999999998,0.0,False
HL=4,2020/21,serie-a,Cagliari Calcio,0.05999705263157895,0.001,False
HL=4,2020/21,serie-a,FC Bologna,0.0561028947368421,0.0,False
HL=4,2020/21,serie-a,FC Crotone,0.060331736842105264,0.0,False
HL=4,2020/21,serie-a,FC Turin,0.16799094736842107,0.002,False
HL=4,2020/21,serie-a,Hellas Verona,0.14175826315789475,0.0,False
HL=4,2020/21,serie-a,Inter Mailand,0.08541310526315789,0.173,True
HL=4,2020/21,serie-a,Juventus Turin,0.05909431578947368,0.382,False
HL=4,2020/21,serie-a,Lazio Rom,0.04050415789473685,0.056,False
HL=4,2020/21,serie-a,Parma Calcio,0.3074664736842106,0.002,False
HL=4,2020/21,serie-a,SSC Neapel,0.03775957894736842,0.1,False
HL=4,2020/21,serie-a,Sampdoria Genua,0.10478231578947367,0.001,False
HL=4,2020/21,serie-a,Sassuolo Calcio,0.09840257894736841,0.003,False
HL=4,2020/21,serie-a,Spezia Calcio,0.10775784210526315,0.0,False
HL=4,2020/21,serie-a,Udinese Calcio,0.05763205263157895,0.0,False
HL=4,2021/22,bundesliga,1. FC Köln,0.2536503529411765,0.001,False
HL=4,2021/22,bundesliga,1. FC Union Berlin,0.12227676470588236,0.008,False
HL=4,2021/22,bundesliga,1. FSV Mainz 05,0.11250411764705882,0.0,False
HL=4,2021/22,bundesliga,Arminia Bielefeld,0.0913111176470588,0.001,False
HL=4,2021/22,bundesliga,Bayer 04 Leverkusen,0.1062258823529412,0.01,False
HL=4,2021/22,bundesliga,Bayern München,0.0050168235294117645,0.727,True
HL=4,2021/22,bundesliga,Bor. Mönchengladbach,0.09545511764705883,0.006,False
HL=4,2021/22,bundesliga,Borussia Dortmund,0.04755782352941178,0.089,False
HL=4,2021/22,bundesliga,Eintracht Frankfurt,0.11478382352941174,0.006,False
HL=4,2021/22,bundesliga,FC Augsburg,0.05025564705882353,0.0,False
HL=4,2021/22,bundesliga,Hertha BSC,0.1346879411764706,0.001,False
HL=4,2021/22,bundesliga,RB Leipzig,0.04214341176470588,0.134,False
HL=4,2021/22,bundesliga,SC Freiburg,0.19415311764705886,0.0,False
HL=4,2021/22,bundesliga,SpVgg Greuther Fürth,0.05888894117647059,0.0,False
HL=4,2021/22,bundesliga,TSG Hoffenheim,0.05810917647058824,0.006,False
HL=4,2021/22,bundesliga,VfB Stuttgart,0.10920941176470587,0.0,False
HL=4,2021/22,bundesliga,VfL Bochum,0.09483388235294118,0.0,False
HL=4,2021/22,bundesliga,VfL Wolfsburg,0.20143735294117648,0.011,False
HL=4,2021/22,la-liga,Athletic Bilbao,0.057257421052631575,0.001,False
HL=4,2021/22,la-liga,Atletico Madrid,0.015501578947368425,0.15,False
HL=4,2021/22,la-liga,CA Osasuna,0.10855384210526316,0.0,False
HL=4,2021/22,la-liga,Celta Vigo,0.059056105263157875,0.001,False
HL=4,2021/22,la-liga,Deportivo Alaves,0.18978478947368424,0.0,False
HL=4,2021/22,la-liga,Espanyol Barcelona,0.08587215789473683,0.0,False
HL=4,2021/22,la-liga,FC Barcelona,0.013698157894736841,0.424,False
HL=4,2021/22,la-liga,FC Cadiz,0.07680463157894737,0.0,False
HL=4,2021/22,la-liga,FC Elche,0.08245400000000001,0.0,False
HL=4,2021/22,la-liga,FC Getafe,0.08857094736842104,0.0,False
HL=4,2021/22,la-liga,FC Granada,0.11710905263157895,0.0,False
HL=4,2021/22,la-liga,FC Sevilla,0.031242000000000002,0.024,False
HL=4,2021/22,la-liga,FC Valencia,0.051028000000000004,0.003,False
HL=4,2021/22,la-liga,FC Villarreal,0.04308000000000001,0.006,False
HL=4,2021/22,la-liga,RCD Mallorca,0.048245105263157895,0.0,False
HL=4,2021/22,la-liga,Rayo Vallecano,0.18383394736842107,0.0,False
HL=4,2021/22,la-liga,Real Betis Sevilla,0.16025236842105264,0.0,False
HL=4,2021/22,la-liga,Real Madrid,0.025514052631578948,0.388,True
HL=4,2021/22,la-liga,Real Sociedad San Sebastian,0.049335578947368446,0.003,False
HL=4,2021/22,la-liga,UD Levante,0.2125791052631579,0.0,False
HL=4,2021/22,ligue-1,AS Monaco,0.045128736842105256,0.059,False
HL=4,2021/22,ligue-1,AS St. Etienne,0.18696363157894738,0.001,False
HL=4,2021/22,ligue-1,Angers SCO,0.05700631578947369,0.0,False
HL=4,2021/22,ligue-1,Clermont Foot,0.04633536842105263,0.0,False
HL=4,2021/22,ligue-1,ES Troyes AC,0.11002963157894737,0.0,False
HL=4,2021/22,ligue-1,FC Lorient,0.0728971052631579,0.002,False
HL=4,2021/22,ligue-1,FC Metz,0.11964194736842099,0.001,False
HL=4,2021/22,ligue-1,FC Nantes,0.10899136842105266,0.002,False
HL=4,2021/22,ligue-1,Girondins Bordeaux,0.28375857894736833,0.001,False
HL=4,2021/22,ligue-1,Lille OSC,0.21747799999999998,0.092,False
HL=4,2021/22,ligue-1,Montpellier HSC,0.08757863157894735,0.002,False
HL=4,2021/22,ligue-1,OGC Nizza,0.22355563157894745,0.0,False
HL=4,2021/22,ligue-1,Olympique Lyon,0.12335073684210524,0.093,False
HL=4,2021/22,ligue-1,Olympique Marseille,0.16555552631578946,0.011,False
HL=4,2021/22,ligue-1,Paris St. Germain,0.005231631578947371,0.709,True
HL=4,2021/22,ligue-1,RC Lens,0.061909894736842094,0.012,False
HL=4,2021/22,ligue-1,Racing Straßburg,0.15962631578947373,0.003,False
HL=4,2021/22,ligue-1,Stade Brest,0.07831636842105265,0.002,False
HL=4,2021/22,ligue-1,Stade Reims,0.0614608947368421,0.001,False
HL=4,2021/22,ligue-1,Stade Rennes,0.08889747368421053,0.009,False
HL=4,2021/22,premier-league,Aston Villa,0.04856352631578948,0.0,False
HL=4,2021/22,premier-league,Brighton &amp; Hove Albion,0.17201021052631585,0.0,False
HL=4,2021/22,premier-league,Crystal Palace,0.07471784210526317,0.0,False
HL=4,2021/22,premier-league,FC Arsenal,0.037450473684210527,0.035,False
HL=4,2021/22,premier-league,FC Brentford,0.19582005263157895,0.0,False
HL=4,2021/22,premier-league,FC Burnley,0.11071284210526315,0.001,False
HL=4,2021/22,premier-league,FC Chelsea,0.06190368421052633,0.061,False
HL=4,2021/22,premier-league,FC Everton,0.19847810526315793,0.002,False
HL=4,2021/22,premier-league,FC Liverpool,0.03704705263157893,0.188,False
HL=4,2021/22,premier-league,FC Southampton,0.06013347368421053,0.0,False
HL=4,2021/22,premier-league,FC Watford,0.042393736842105255,0.0,False
HL=4,2021/22,premier-league,Leeds United,0.39557847368421045,0.027,False
HL=4,2021/22,premier-league,Leicester City,0.044208578947368425,0.016,False
HL=4,2021/22,premier-league,Manchester City,0.01791078947368421,0.51,True
HL=4,2021/22,premier-league,Manchester United,0.061456789473684215,0.112,False
HL=4,2021/22,premier-league,Newcastle United,0.07030463157894737,0.002,False
HL=4,2021/22,premier-league,Norwich City,0.028892631578947364,0.0,False
HL=4,2021/22,premier-league,Tottenham Hotspur,0.0589257894736842,0.043,False
HL=4,2021/22,premier-league,West Ham United,0.09600089473684212,0.002,False
HL=4,2021/22,premier-league,Wolverhampton Wanderers,0.07508199999999998,0.001,False
HL=4,2021/22,serie-a,AC Florenz,0.11338531578947371,0.0,False
HL=4,2021/22,serie-a,AC Mailand,0.12701747368421054,0.096,True
HL=4,2021/22,serie-a,AS Rom,0.03805921052631579,0.028,False
HL=4,2021/22,serie-a,Atalanta Bergamo,0.117252,0.109,False
HL=4,2021/22,serie-a,CFC Genua 1893,0.19970005263157886,0.0,False
HL=4,2021/22,serie-a,Cagliari Calcio,0.10945273684210526,0.0,False
HL=4,2021/22,serie-a,FC Bologna,0.05364368421052631,0.001,False
HL=4,2021/22,serie-a,FC Empoli,0.0871406842105263,0.0,False
HL=4,2021/22,serie-a,FC Turin,0.07828557894736846,0.0,False
HL=4,2021/22,serie-a,FC Venedig,0.05087821052631578,0.0,False
HL=4,2021/22,serie-a,Hellas Verona,0.1537184210526316,0.0,False
HL=4,2021/22,serie-a,Inter Mailand,0.02712110526315789,0.286,False
HL=4,2021/22,serie-a,Juventus Turin,0.046153631578947356,0.29,False
HL=4,2021/22,serie-a,Lazio Rom,0.05216705263157895,0.03,False
HL=4,2021/22,serie-a,SSC Neapel,0.03135642105263157,0.156,False
HL=4,2021/22,serie-a,Sampdoria Genua,0.11112399999999996,0.0,False
HL=4,2021/22,serie-a,Sassuolo Calcio,0.059258368421052636,0.003,False
HL=4,2021/22,serie-a,Spezia Calcio,0.08928373684210528,0.001,False
HL=4,2021/22,serie-a,US Salernitana,0.045820842105263146,0.0,False
HL=4,2021/22,serie-a,Udinese Calcio,0.06303905263157895,0.0,False
HL=4,2022/23,bundesliga,1. FC Köln,0.060232117647058825,0.0,False
HL=4,2022/23,bundesliga,1. FC Union Berlin,0.11601617647058826,0.016,False
HL=4,2022/23,bundesliga,1. FSV Mainz 05,0.07663211764705882,0.001,False
HL=4,2022/23,bundesliga,Bayer 04 Leverkusen,0.058094705882352944,0.036,False
HL=4,2022/23,bundesliga,Bayern München,0.007165882352941169,0.682,True
HL=4,2022/23,bundesliga,Bor. Mönchengladbach,0.0800494705882353,0.008,False
HL=4,2022/23,bundesliga,Borussia Dortmund,0.04365676470588234,0.084,False
HL=4,2022/23,bundesliga,Eintracht Frankfurt,0.09653294117647059,0.004,False
HL=4,2022/23,bundesliga,FC Augsburg,0.06402864705882352,0.0,False
HL=4,2022/23,bundesliga,FC Schalke 04,0.040692411764705894,0.0,False
HL=4,2022/23,bundesliga,Hertha BSC,0.15208982352941172,0.0,False
HL=4,2022/23,bundesliga,RB Leipzig,0.02654547058823528,0.156,False
HL=4,2022/23,bundesliga,SC Freiburg,0.16672841176470587,0.005,False
HL=4,2022/23,bundesliga,TSG Hoffenheim,0.09181182352941175,0.005,False
HL=4,2022/23,bundesliga,VfB Stuttgart,0.12488664705882352,0.0,False
HL=4,2022/23,bundesliga,VfL Bochum,0.07942788235294118,0.001,False
HL=4,2022/23,bundesliga,VfL Wolfsburg,0.06252517647058826,0.002,False
HL=4,2022/23,bundesliga,Werder Bremen,0.09715682352941173,0.0,False
HL=4,2022/23,la-liga,Athletic Bilbao,0.05251831578947369,0.002,False
HL=4,2022/23,la-liga,Atletico Madrid,0.022695736842105255,0.107,False
HL=4,2022/23,la-liga,CA Osasuna,0.23813731578947372,0.0,False
HL=4,2022/23,la-liga,Celta Vigo,0.08061147368421054,0.001,False
HL=4,2022/23,la-liga,Espanyol Barcelona,0.1449923157894737,0.0,False
HL=4,2022/23,la-liga,FC Barcelona,0.024867526315789465,0.393,True
HL=4,2022/23,la-liga,FC Cadiz,0.0859412105263158,0.0,False
HL=4,2022/23,la-liga,FC Elche,0.21328010526315785,0.0,False
HL=4,2022/23,la-liga,FC Getafe,0.09530452631578949,0.0,False
HL=4,2022/23,la-liga,FC Girona,0.19158826315789473,0.0,False
HL=4,2022/23,la-liga,FC Sevilla,0.21630563157894733,0.026,False
HL=4,2022/23,la-liga,FC Valencia,0.14694052631578938,0.001,False
HL=4,2022/23,la-liga,FC Villarreal,0.04375063157894738,0.012,False
HL=4,2022/23,la-liga,RCD Mallorca,0.20048757894736843,0.0,False
HL=4,2022/23,la-liga,Rayo Vallecano,0.08394742105263156,0.0,False
HL=4,2022/23,la-liga,Real Betis Sevilla,0.06663668421052632,0.004,False
HL=4,2022/23,la-liga,Real Madrid,0.015097684210526315,0.444,False
HL=4,2022/23,la-liga,Real Sociedad San Sebastian,0.1088722105263158,0.01,False
HL=4,2022/23,la-liga,Real Valladolid,0.03945315789473685,0.0,False
HL=4,2022/23,la-liga,UD Almeria,0.04751210526315788,0.0,False
HL=4,2022/23,ligue-1,AC Ajaccio,0.028732684210526317,0.0,False
HL=4,2022/23,ligue-1,AJ Auxerre,0.03504947368421053,0.0,False
HL=4,2022/23,ligue-1,AS Monaco,0.07011678947368422,0.085,False
HL=4,2022/23,ligue-1,Angers SCO,0.21374373684210524,0.0,False
HL=4,2022/23,ligue-1,Clermont Foot,0.2970995789473683,0.001,False
HL=4,2022/23,ligue-1,ES Troyes AC,0.16822978947368422,0.0,False
HL=4,2022/23,ligue-1,FC Lorient,0.1720984210526316,0.0,False
HL=4,2022/23,ligue-1,FC Nantes,0.19467189473684207,0.001,False
HL=4,2022/23,ligue-1,FC Toulouse,0.2123465263157895,0.0,False
HL=4,2022/23,ligue-1,Lille OSC,0.07308747368421052,0.021,False
HL=4,2022/23,ligue-1,Montpellier HSC,0.053321263157894726,0.001,False
HL=4,2022/23,ligue-1,OGC Nizza,0.04786089473684212,0.005,False
HL=4,2022/23,ligue-1,Olympique Lyon,0.07829294736842103,0.056,False
HL=4,2022/23,ligue-1,Olympique Marseille,0.08685952631578948,0.033,False
HL=4,2022/23,ligue-1,Paris St. Germain,0.0064251578947368436,0.696,True
HL=4,2022/23,ligue-1,RC Lens,0.13264805263157897,0.038,False
HL=4,2022/23,ligue-1,Racing Straßburg,0.2517553157894737,0.009,False
HL=4,2022/23,ligue-1,Stade Brest,0.07911994736842105,0.002,False
HL=4,2022/23,ligue-1,Stade Reims,0.04853468421052632,0.0,False
HL=4,2022/23,ligue-1,Stade Rennes,0.048476789473684195,0.052,False
HL=4,2022/23,premier-league,AFC Bournemouth,0.08616273684210525,0.0,False
HL=4,2022/23,premier-league,Aston Villa,0.21210915789473683,0.0,False
HL=4,2022/23,premier-league,Brighton &amp; Hove Albion,0.2160446315789474,0.0,False
HL=4,2022/23,premier-league,Crystal Palace,0.06042805263157894,0.0,False
HL=4,2022/23,premier-league,FC Arsenal,0.11877794736842107,0.023,False
HL=4,2022/23,premier-league,FC Brentford,0.07375278947368419,0.003,False
HL=4,2022/23,premier-league,FC Chelsea,0.31698973684210535,0.052,False
HL=4,2022/23,premier-league,FC Everton,0.13952605263157894,0.0,False
HL=4,2022/23,premier-league,FC Fulham,0.3367183684210526,0.0,False
HL=4,2022/23,premier-league,FC Liverpool,0.1017273157894737,0.294,False
HL=4,2022/23,premier-league,FC Southampton,0.20650542105263156,0.0,False
HL=4,2022/23,premier-league,Leeds United,0.19933336842105262,0.0,False
HL=4,2022/23,premier-league,Leicester City,0.39585236842105254,0.005,False
HL=4,2022/23,premier-league,Manchester City,0.012706473684210521,0.559,True
HL=4,2022/23,premier-league,Manchester United,0.09236594736842105,0.019,False
HL=4,2022/23,premier-league,Newcastle United,0.3468460526315789,0.0,False
HL=4,2022/23,premier-league,Nottingham Forest,0.08373926315789472,0.0,False
HL=4,2022/23,premier-league,Tottenham Hotspur,0.10859552631578946,0.044,False
HL=4,2022/23,premier-league,West Ham United,0.11486610526315785,0.001,False
HL=4,2022/23,premier-league,Wolverhampton Wanderers,0.05501700000000001,0.0,False
HL=4,2022/23,serie-a,AC Florenz,0.051215421052631584,0.006,False
HL=4,2022/23,serie-a,AC Mailand,0.05265405263157894,0.179,False
HL=4,2022/23,serie-a,AC Monza,0.2792265263157894,0.0,False
HL=4,2022/23,serie-a,AS Rom,0.046902157894736854,0.045,False
HL=4,2022/23,serie-a,Atalanta Bergamo,0.03840715789473684,0.034,False
HL=4,2022/23,serie-a,FC Bologna,0.13257815789473684,0.0,False
HL=4,2022/23,serie-a,FC Empoli,0.04490747368421053,0.0,False
HL=4,2022/23,serie-a,FC Turin,0.057104473684210545,0.001,False
HL=4,2022/23,serie-a,Hellas Verona,0.20214799999999994,0.002,False
HL=4,2022/23,serie-a,Inter Mailand,0.0272218947368421,0.289,False
HL=4,2022/23,serie-a,Juventus Turin,0.033551526315789476,0.194,False
HL=4,2022/23,serie-a,Lazio Rom,0.15393236842105262,0.029,False
HL=4,2022/23,serie-a,SSC Neapel,0.0653958947368421,0.218,True
HL=4,2022/23,serie-a,Sampdoria Genua,0.2664184210526315,0.0,False
HL=4,2022/23,serie-a,Sassuolo Calcio,0.08879805263157892,0.002,False
HL=4,2022/23,serie-a,Spezia Calcio,0.10084773684210524,0.0,False
HL=4,2022/23,serie-a,US Cremonese,0.03250715789473685,0.0,False
HL=4,2022/23,serie-a,US Lecce,0.049464368421052625,0.0,False
HL=4,2022/23,serie-a,US Salernitana,0.07266247368421053,0.0,False
HL=4,2022/23,serie-a,Udinese Calcio,0.04787268421052633,0.001,False
HL=4,2023/24,bundesliga,1. FC Heidenheim,0.4146345294117647,0.0,False
HL=4,2023/24,bundesliga,1. FC Köln,0.23607299999999995,0.0,False
HL=4,2023/24,bundesliga,1. FC Union Berlin,0.34801317647058816,0.012,False
HL=4,2023/24,bundesliga,1. FSV Mainz 05,0.09131988235294118,0.004,False
HL=4,2023/24,bundesliga,Bayer 04 Leverkusen,0.18687452941176472,0.03,True
HL=4,2023/24,bundesliga,Bayern München,0.059015764705882344,0.587,False
HL=4,2023/24,bundesliga,Bor. Mönchengladbach,0.19220688235294114,0.003,False
HL=4,2023/24,bundesliga,Borussia Dortmund,0.07784029411764705,0.176,False
HL=4,2023/24,bundesliga,Eintracht Frankfurt,0.10327752941176471,0.004,False
HL=4,2023/24,bundesliga,FC Augsburg,0.09781017647058823,0.0,False
HL=4,2023/24,bundesliga,RB Leipzig,0.04334647058823529,0.174,False
HL=4,2023/24,bundesliga,SC Freiburg,0.06755676470588236,0.001,False
HL=4,2023/24,bundesliga,SV Darmstadt 98,0.05775864705882353,0.0,False
HL=4,2023/24,bundesliga,TSG Hoffenheim,0.1226094117647059,0.0,False
HL=4,2023/24,bundesliga,VfB Stuttgart,0.4474878823529411,0.0,False
HL=4,2023/24,bundesliga,VfL Bochum,0.09354817647058825,0.001,False
HL=4,2023/24,bundesliga,VfL Wolfsburg,0.1331842352941176,0.008,False
HL=4,2023/24,bundesliga,Werder Bremen,0.1615548823529412,0.0,False
HL=4,2023/24,la-liga,Athletic Bilbao,0.14897436842105263,0.003,False
HL=4,2023/24,la-liga,Atletico Madrid,0.03379052631578947,0.147,False
HL=4,2023/24,la-liga,CA Osasuna,0.06988926315789473,0.0,False
HL=4,2023/24,la-liga,Celta Vigo,0.07726736842105264,0.001,False
HL=4,2023/24,la-liga,Deportivo Alaves,0.3344033157894737,0.0,False
HL=4,2023/24,la-liga,FC Barcelona,0.016034526315789475,0.496,False
HL=4,2023/24,la-liga,FC Cadiz,0.1166736842105263,0.0,False
HL=4,2023/24,la-liga,FC Getafe,0.05194068421052632,0.0,False
HL=4,2023/24,la-liga,FC Girona,0.23253457894736837,0.002,False
HL=4,2023/24,la-liga,FC Granada,0.07492163157894736,0.0,False
HL=4,2023/24,la-liga,FC Sevilla,0.1817425789473684,0.009,False
HL=4,2023/24,la-liga,FC Valencia,0.05742626315789473,0.0,False
HL=4,2023/24,la-liga,FC Villarreal,0.07819510526315789,0.025,False
HL=4,2023/24,la-liga,RCD Mallorca,0.06951352631578948,0.0,False
HL=4,2023/24,la-liga,Rayo Vallecano,0.10289226315789475,0.0,False
HL=4,2023/24,la-liga,Real Betis Sevilla,0.05920484210526316,0.003,False
HL=4,2023/24,la-liga,Real Madrid,0.03667157894736842,0.3,True
HL=4,2023/24,la-liga,Real Sociedad San Sebastian,0.04090715789473685,0.014,False
HL=4,2023/24,la-liga,UD Almeria,0.16531278947368422,0.0,False
HL=4,2023/24,la-liga,UD Las Palmas,0.07784152631578949,0.0,False
HL=4,2023/24,ligue-1,AC Le Havre,0.06426494117647058,0.0,False
HL=4,2023/24,ligue-1,AS Monaco,0.16106441176470587,0.04,False
HL=4,2023/24,ligue-1,Clermont Foot,0.2743884117647059,0.004,False
HL=4,2023/24,ligue-1,FC Lorient,0.10833305882352944,0.0,False
HL=4,2023/24,ligue-1,FC Metz,0.020326117647058828,0.0,False
HL=4,2023/24,ligue-1,FC Nantes,0.05173552941176471,0.0,False
HL=4,2023/24,ligue-1,FC Toulouse,0.1246015882352941,0.0,False
HL=4,2023/24,ligue-1,Lille OSC,0.08728041176470588,0.026,False
HL=4,2023/24,ligue-1,Montpellier HSC,0.05733335294117648,0.003,False
HL=4,2023/24,ligue-1,OGC Nizza,0.11528235294117646,0.021,False
HL=4,2023/24,ligue-1,Olympique Lyon,0.05095382352941176,0.065,False
HL=4,2023/24,ligue-1,Olympique Marseille,0.08386223529411764,0.04,False
HL=4,2023/24,ligue-1,Paris St. Germain,0.01867341176470588,0.534,True
HL=4,2023/24,ligue-1,RC Lens,0.14035994117647058,0.184,False
HL=4,2023/24,ligue-1,Racing Straßburg,0.09693917647058824,0.003,False
HL=4,2023/24,ligue-1,Stade Brest,0.36381958823529414,0.002,False
HL=4,2023/24,ligue-1,Stade Reims,0.0689124705882353,0.005,False
HL=4,2023/24,ligue-1,Stade Rennes,0.1833237647058824,0.073,False
HL=4,2023/24,premier-league,AFC Bournemouth,0.12343115789473688,0.0,False
HL=4,2023/24,premier-league,Aston Villa,0.21213057894736834,0.007,False
HL=4,2023/24,premier-league,Brighton &amp; Hove Albion,0.0548248947368421,0.005,False
HL=4,2023/24,premier-league,Crystal Palace,0.06029231578947368,0.0,False
HL=4,2023/24,premier-league,FC Arsenal,0.05771736842105263,0.078,False
HL=4,2023/24,premier-league,FC Brentford,0.33471868421052625,0.018,False
HL=4,2023/24,premier-league,FC Burnley,0.04525605263157894,0.0,False
HL=4,2023/24,premier-league,FC Chelsea,0.04639778947368421,0.012,False
HL=4,2023/24,premier-league,FC Everton,0.0701215263157895,0.0,False
HL=4,2023/24,premier-league,FC Fulham,0.048989947368421057,0.0,False
HL=4,2023/24,premier-league,FC Liverpool,0.023726631578947364,0.157,False
HL=4,2023/24,premier-league,Luton Town,0.027442894736842104,0.0,False
HL=4,2023/24,premier-league,Manchester City,0.007429368421052631,0.658,True
HL=4,2023/24,premier-league,Manchester United,0.08938026315789474,0.034,False
HL=4,2023/24,premier-league,Newcastle United,0.05720484210526316,0.003,False
HL=4,2023/24,premier-league,Nottingham Forest,0.07025631578947368,0.001,False
HL=4,2023/24,premier-league,Sheffield United,0.0545501052631579,0.0,False
HL=4,2023/24,premier-league,Tottenham Hotspur,0.04762805263157895,0.027,False
HL=4,2023/24,premier-league,West Ham United,0.09142452631578948,0.0,False
HL=4,2023/24,premier-league,Wolverhampton Wanderers,0.05277678947368422,0.0,False
HL=4,2023/24,serie-a,AC Florenz,0.04584652631578948,0.007,False
HL=4,2023/24,serie-a,AC Mailand,0.0783341052631579,0.1,False
HL=4,2023/24,serie-a,AC Monza,0.08822510526315787,0.026,False
HL=4,2023/24,serie-a,AS Rom,0.042681578947368425,0.027,False
HL=4,2023/24,serie-a,Atalanta Bergamo,0.075481,0.037,False
HL=4,2023/24,serie-a,CFC Genua 1893,0.2581143157894737,0.0,False
HL=4,2023/24,serie-a,Cagliari Calcio,0.039647263157894734,0.0,False
HL=4,2023/24,serie-a,FC Bologna,0.23631842105263162,0.003,False
HL=4,2023/24,serie-a,FC Empoli,0.07156426315789471,0.0,False
HL=4,2023/24,serie-a,FC Turin,0.05173736842105263,0.001,False
HL=4,2023/24,serie-a,Frosinone Calcio,0.03434657894736842,0.0,False
HL=4,2023/24,serie-a,Hellas Verona,0.060924473684210535,0.001,False
HL=4,2023/24,serie-a,Inter Mailand,0.07246373684210526,0.21,True
HL=4,2023/24,serie-a,Juventus Turin,0.03601647368421052,0.163,False
HL=4,2023/24,serie-a,Lazio Rom,0.052658263157894715,0.06,False
HL=4,2023/24,serie-a,SSC Neapel,0.2672274736842105,0.361,False
HL=4,2023/24,serie-a,Sassuolo Calcio,0.2443048421052631,0.0,False
HL=4,2023/24,serie-a,US Lecce,0.05575894736842107,0.001,False
HL=4,2023/24,serie-a,US Salernitana,0.1920796315789473,0.001,False
HL=4,2023/24,serie-a,Udinese Calcio,0.07169078947368421,0.002,False
